category,feature_type,name,area_km2,countries,country_count,continents,center_lat,center_lon,wikidata_id,area_source
Island,Island,Greenland,2130170.5,Greenland,1,North America,71.7008,-37.6363,Q223,Calculated from Natural Earth outlines
Island,Island group,Malay Archipelago,1913164.8,"Brunei, Indonesia, Malaysia, Philippines, Timor Leste",5,"Asia, Oceania",-2.4984,103.9229,Q208643,Calculated from Natural Earth outlines
Island,Island group,Greater Sunda Islands,1507642.4,"Brunei, Indonesia, Malaysia, Singapore",4,Asia,-0.8362,111.9904,Q165481,Calculated from Natural Earth outlines
Island,Island group,Arctic Archipelago,1491789.5,"Canada, Greenland",2,North America,72.5765,-98.9929,Q85377,Calculated from Natural Earth outlines
Island,Island group,Melanesia,1019034.6,"Australia, Fiji, Indonesia, New Caledonia, Norfolk Island, Papua New Guinea, Solomon Islands, Vanuatu",8,"Asia, Oceania",-13.1957,162.7448,Q37394,Calculated from Natural Earth outlines
Island,Island,New Guinea,774661.6,"Indonesia, Papua New Guinea",2,"Asia, Oceania",-5.5012,141.9745,Q40285,Calculated from Natural Earth outlines
Island,Island,Borneo,724652.4,"Brunei, Indonesia, Malaysia",3,Asia,1.41,114.8749,Q36117,Calculated from Natural Earth outlines
Island,Island,Madagascar,586467.2,Madagascar,1,Africa,-18.8011,46.7152,Q7463928,Calculated from Natural Earth outlines
Island,Island,Baffin Island,496938.0,Canada,1,North America,67.8698,-69.5991,Q81178,Calculated from Natural Earth outlines
Island,Island,Sumatra,423614.9,Indonesia,1,Asia,-0.1391,101.6303,Q3492,Calculated from Natural Earth outlines
Island,Island group,Queen Elizabeth Islands,418727.0,Canada,1,North America,78.6883,-94.2206,Q216533,Calculated from Natural Earth outlines
Island,Island group,Japan,370057.3,"Japan, Russia",2,"Asia, Europe",37.6725,139.954,Q17,Calculated from Natural Earth outlines
Island,Island group,British Isles,312431.0,"United Kingdom, Isle of Man, Ireland",3,Europe,54.686,-5.1769,Q38272,Calculated from Natural Earth outlines
Island,Island group,Philippines,293096.6,Philippines,1,Asia,12.6537,122.6248,Q928,Calculated from Natural Earth outlines
Island,Island group,Polynesia,292985.7,"American Samoa, Chile, Cook Islands, Kiribati, Niue, New Zealand, Pitcairn, French Polynesia, Tonga, Tuvalu, United States, Wallis and Futuna, Samoa",13,"North America, Oceania, South America",-8.0272,-155.4809,Q35942,Calculated from Natural Earth outlines
Island,Island group,New Zealand,266887.5,New Zealand,1,Oceania,-40.8455,174.5537,Q664,Calculated from Natural Earth outlines
Island,Island group,West Indies,234225.2,"Aruba, Anguilla, Antigua and Barbuda, Bahamas, Saint Barthelemy, Barbados, Cuba, Curacao, Cayman Islands, Dominica, Dominican Republic, France, Grenada, Haiti, Jamaica, Saint Kitts and Nevis, Saint Lucia, Saint Martin, Montserrat, The Netherlands, Puerto Rico, Sint Maarten, Turks and Caicos Islands, Trinidad and Tobago, Saint Vincent and the Grenadines, Venezuela, British Virgin Islands, U.S. Virgin Islands",28,"Europe, North America, South America",18.4931,-71.4905,Q669037,Calculated from Natural Earth outlines
Island,Island,Honshü,224305.7,Japan,1,Asia,37.4915,139.8412,Q13989,Calculated from Natural Earth outlines
Island,Island,Victoria Island,217077.3,Canada,1,North America,70.9078,-111.2166,Q158129,Calculated from Natural Earth outlines
Island,Island,Great Britain,213717.5,United Kingdom,1,Europe,54.3391,-1.9296,Q23666,Calculated from Natural Earth outlines
Island,Island group,Greater Antilles,205608.6,"Cuba, Cayman Islands, Dominican Republic, Haiti, Jamaica, Puerto Rico",6,North America,20.3386,-77.7284,Q128011,Calculated from Natural Earth outlines
Island,Island,Ellesmere  Island,189855.4,Canada,1,North America,79.6722,-76.7287,Q146841,Calculated from Natural Earth outlines
Island,Island,Labrador,183187.4,Canada,1,North America,56.8101,-64.0828,Q380307,Calculated from Natural Earth outlines
Island,Island,Sulawesi,166217.8,Indonesia,1,Asia,-2.0105,120.3578,Q3812,Calculated from Natural Earth outlines
Island,Island,South Island,147107.4,New Zealand,1,Oceania,-43.5658,171.3031,Q120755,Calculated from Natural Earth outlines
Island,Island,Java,123699.0,Indonesia,1,Asia,-7.334,109.6101,Q3757,Calculated from Natural Earth outlines
Island,Island,North Island,111336.5,New Zealand,1,Oceania,-38.0187,175.9846,Q118863,Calculated from Natural Earth outlines
Island,Island,Island Of Newfoundland,103171.8,Canada,1,North America,49.1087,-56.7117,Q48335,Calculated from Natural Earth outlines
Island,Island,Luzon,102828.1,Philippines,1,Asia,15.5894,120.7347,Q125384,Calculated from Natural Earth outlines
Island,Island,Cuba,101700.4,Cuba,1,North America,21.5107,-77.9466,Q586657,Calculated from Natural Earth outlines
Island,Island,Iceland,99729.6,Iceland,1,Europe,64.9778,-18.4421,Q3740828,Calculated from Natural Earth outlines
Island,Island,Mindanao,91905.8,Philippines,1,Asia,7.6791,125.2603,Q124873,Calculated from Natural Earth outlines
Island,Island group,Lesser Sunda Islands,87137.7,"Indonesia, Timor Leste",2,"Asia, Oceania",-8.9893,121.2302,Q3803,Calculated from Natural Earth outlines
Island,Island,Ireland,81540.1,"United Kingdom, Ireland",2,Europe,53.4193,-7.9662,Q22890,Calculated from Natural Earth outlines
Island,Island group,Novaya Zemlya,80775.4,Russia,1,Europe,73.3655,55.2453,Q80413,Calculated from Natural Earth outlines
Island,Island,Hokkaidö,77043.5,Japan,1,Asia,43.4877,143.3306,Q35581,Calculated from Natural Earth outlines
Island,Island group,Moluccas,76118.7,Indonesia,1,Asia,-2.8013,127.4536,Q3827,Calculated from Natural Earth outlines
Island,Island,Sakhalin,74432.9,Russia,1,Europe,50.156,143.0287,Q7792,Calculated from Natural Earth outlines
Island,Island,Hispaniola,71504.7,"Dominican Republic, Haiti",2,North America,18.7897,-70.5176,Q25277,Calculated from Natural Earth outlines
Island,Island,Banks Island,70061.3,Canada,1,North America,72.8283,-121.6498,Q200226,Calculated from Natural Earth outlines
Island,Island group,Parry Islands,69077.9,Canada,1,North America,76.6251,-114.2145,,Calculated from Natural Earth outlines
Island,Island,Sri Lanka,64956.5,Sri Lanka,1,Asia,7.9075,80.6593,Q4526612,Calculated from Natural Earth outlines
Island,Island,Tasmania,63178.5,Australia,1,Oceania,-42.1443,146.7103,Q3593416,Calculated from Natural Earth outlines
Island,Island group,Svalbard,62091.6,"Norway, Russia",2,Europe,77.686,20.4054,Q25231,Calculated from Natural Earth outlines
Island,Island,Tierra Del Fuego,54153.9,"Argentina, Chile",2,South America,-53.7443,-68.9325,Q82601,Calculated from Natural Earth outlines
Island,Island,Devon Island,53439.5,Canada,1,North America,75.7595,-90.6645,Q186841,Calculated from Natural Earth outlines
Island,Island group,Bismarck Archipelago,49193.2,Papua New Guinea,1,Oceania,-3.7777,150.2353,Q154628,Calculated from Natural Earth outlines
Island,Island,Southampton I.,41656.8,Canada,1,North America,64.4927,-84.1024,Q207751,Calculated from Natural Earth outlines
Island,Island,Nova Scotia,41456.7,Canada,1,North America,44.7465,-64.212,Q1952,Calculated from Natural Earth outlines
Island,Island,Axel Heiberg I.,40101.6,Canada,1,North America,79.7522,-91.6193,Q207666,Calculated from Natural Earth outlines
Island,Island,Melville Island,39463.5,Canada,1,North America,75.6176,-113.3108,Q134116,Calculated from Natural Earth outlines
Island,Island,Spitsbergen,36946.1,Norway,1,Europe,78.3145,17.3599,Q21162,Calculated from Natural Earth outlines
Island,Island,Ilha de Marajó,36923.7,Brazil,1,South America,-0.9264,-49.6836,Q193264,Calculated from Natural Earth outlines
Island,Island group,Severnaya Zemlya,36570.8,Russia,1,Europe,80.1708,95.0191,Q192281,Calculated from Natural Earth outlines
Island,Island group,Solomon Isands,36490.4,"Papua New Guinea, Solomon Islands",2,Oceania,-8.4299,158.7403,Q148966,Calculated from Natural Earth outlines
Island,Island group,New Siberian Islands,36408.6,Russia,1,Europe,74.7261,143.4469,Q201012,Calculated from Natural Earth outlines
Island,Island group,New Britain,35754.6,Papua New Guinea,1,Oceania,-5.2301,151.5514,Q59771,Calculated from Natural Earth outlines
Island,Island,Taiwan,35447.9,Taiwan,1,Asia,23.5946,120.819,Q22502,Calculated from Natural Earth outlines
Island,Island group,Alexander Archipelago,35214.1,United States,1,North America,56.4883,-133.7076,Q140510,Calculated from Natural Earth outlines
Island,Island,Kyüshü,35197.1,Japan,1,Asia,32.4691,131.1156,Q13987,Calculated from Natural Earth outlines
Island,Island,Hainan,33171.1,China,1,Asia,19.1895,109.6173,Q1081204,Calculated from Natural Earth outlines
Island,Island,Prince of Wales I.,30661.9,Canada,1,North America,72.5814,-99.3897,Q207925,Calculated from Natural Earth outlines
Island,Island,Vancouver Island,29939.8,Canada,1,North America,49.6049,-125.6946,Q170479,Calculated from Natural Earth outlines
Island,Island,Timor,27873.1,"Indonesia, Timor Leste",2,"Asia, Oceania",-9.3198,124.7047,Q83067,Calculated from Natural Earth outlines
Island,Island,Sicilia,25294.6,Italy,1,Europe,37.4919,14.1179,Q4951156,Calculated from Natural Earth outlines
Island,Island,Somerset I.,23666.9,Canada,1,North America,73.0706,-93.5836,Q212219,Calculated from Natural Earth outlines
Island,Island,Sardegna,23451.6,Italy,1,Europe,40.0847,9.0793,Q1462,Calculated from Natural Earth outlines
Island,Island,Kotel’nyy I.,22404.9,Russia,1,Europe,75.4297,139.7129,Q648391,Calculated from Natural Earth outlines
Island,Island,Pelopónnisos,20810.2,Greece,1,Europe,37.3874,22.2244,Q78967,Calculated from Natural Earth outlines
Island,Island group,Aleutian Islands,18978.0,United States,1,North America,52.2476,176.3848,Q119285,Calculated from Natural Earth outlines
Island,Island group,Fiji,18909.8,Fiji,1,Oceania,-18.355,-178.5153,Q712,Calculated from Natural Earth outlines
Island,Island group,Nouvelle-Calédonie,18840.9,New Caledonia,1,Oceania,-20.8636,165.8465,Q33788,Calculated from Natural Earth outlines
Island,Island,Shikoku,17888.8,Japan,1,Asia,33.5534,133.3759,Q13991,Calculated from Natural Earth outlines
Island,Island,Halmahera,17516.0,Indonesia,1,Asia,0.6519,127.9469,Q201398,Calculated from Natural Earth outlines
Island,Island,Ceram,16876.3,Indonesia,1,Asia,-3.3174,130.1908,Q185532,Calculated from Natural Earth outlines
Island,Island group,Hawaiian Islands,16848.0,United States,1,North America,24.2504,-164.8851,Q192626,Calculated from Natural Earth outlines
Island,Island group,Franz Josef Land,15482.4,Russia,1,Europe,80.7961,55.2304,Q185018,Calculated from Natural Earth outlines
Island,Island,Bathurst I.,14876.7,Canada,1,North America,75.8077,-99.5071,Q217369,Calculated from Natural Earth outlines
Island,Island,Prince Patrick I.,14616.2,Canada,1,North America,76.6816,-119.678,Q213146,Calculated from Natural Earth outlines
Island,Island group,Lesser Antilles,14233.2,"Aruba, Anguilla, Antigua and Barbuda, Saint Barthelemy, Barbados, Curacao, Dominica, France, Grenada, Saint Kitts and Nevis, Saint Lucia, Saint Martin, Montserrat, The Netherlands, Sint Maarten, Trinidad and Tobago, Saint Vincent and the Grenadines, Venezuela, British Virgin Islands, U.S. Virgin Islands",20,"Europe, North America, South America",14.4505,-60.6539,Q93259,Calculated from Natural Earth outlines
Island,Island,Nordaustlandet,13933.0,Norway,1,Europe,79.8382,22.6379,Q207374,Calculated from Natural Earth outlines
Island,Island,October Revolution I.,13920.5,Russia,1,Europe,79.4791,96.4369,Q217372,Calculated from Natural Earth outlines
Island,Island,Flores,13774.9,Indonesia,1,Asia,-8.5141,120.5841,Q148440,Calculated from Natural Earth outlines
Island,Island,Flores,13774.9,Portugal,1,Europe,39.4532,-31.2041,Q148440,Calculated from Natural Earth outlines
Island,Island,Sumbawa,13653.5,Indonesia,1,Asia,-8.5909,117.2615,Q186367,Calculated from Natural Earth outlines
Island,Island group,Bahama Islands,13049.2,"Bahamas, Turks and Caicos Islands",2,North America,23.8045,-76.9558,Q21713615,Calculated from Natural Earth outlines
Island,Island,Negros,12632.7,Philippines,1,Asia,10.0234,123.0022,Q212777,Calculated from Natural Earth outlines
Island,Island,King William I.,12379.1,Canada,1,North America,69.1499,-97.5501,Q143246,Calculated from Natural Earth outlines
Island,Island group,Vanuatu,12296.6,Vanuatu,1,Oceania,-16.7107,167.9502,Q686,Calculated from Natural Earth outlines
Island,Island,Samar,12119.4,Philippines,1,Asia,11.8076,125.1617,Q219737,Calculated from Natural Earth outlines
Island,Island group,Falkland Is.,11583.0,Falkland Islands,1,South America,-51.9874,-59.7016,Q1249802,Calculated from Natural Earth outlines
Island,Island,Bangka,11282.2,Indonesia,1,Asia,-2.2887,106.0301,Q188428,Calculated from Natural Earth outlines
Island,Island,Panay,11202.8,Philippines,1,Asia,11.1829,122.5597,Q332359,Calculated from Natural Earth outlines
Island,Island,Bol’shevik I.,10935.4,Russia,1,Europe,78.7061,102.805,Q650720,Calculated from Natural Earth outlines
Island,Island group,Viti Levu,10868.6,Fiji,1,Oceania,-17.7908,177.9856,Q208198,Calculated from Natural Earth outlines
Island,Island,Yos Sudarso I.,10850.9,Indonesia,1,Asia,-7.9226,138.356,Q329452,Calculated from Natural Earth outlines
Island,Island,Palawan,10620.1,Philippines,1,Asia,9.8546,118.6735,Q1061269,Calculated from Natural Earth outlines
Island,Island,Bylot Island,10605.7,Canada,1,North America,73.2357,-78.4409,Q645180,Calculated from Natural Earth outlines
Island,Island,Sumba,10565.0,Indonesia,1,Asia,-9.7937,120.1364,Q206368,Calculated from Natural Earth outlines
Island,Island group,Kuril Islands,10447.0,Russia,1,Europe,47.5311,152.1248,Q80389,Calculated from Natural Earth outlines
Island,Island,Jamaica,10308.1,Jamaica,1,North America,18.1436,-77.2109,Q27508031,Calculated from Natural Earth outlines
Island,Island group,Hawai‘i,10214.8,United States,1,North America,19.6092,-155.4396,Q68740,Calculated from Natural Earth outlines
Island,Island,Mindoro,9642.4,Philippines,1,Asia,12.8932,121.1274,Q211800,Calculated from Natural Earth outlines
Island,Island,Cape Breton Island,9486.9,Canada,1,North America,46.2958,-60.8753,Q188489,Calculated from Natural Earth outlines
Island,Island,Komsomolets I.,9220.7,Russia,1,Europe,80.6355,95.0156,Q248654,Calculated from Natural Earth outlines
Island,Island group,Haida Gwaii,9138.7,Canada,1,North America,53.0915,-132.0658,Q210907,Calculated from Natural Earth outlines
Island,Island,Prince Charles I.,9041.5,Canada,1,North America,67.8226,-76.1713,Q837267,Calculated from Natural Earth outlines
Island,Island group,Bougainville,8693.0,Papua New Guinea,1,Oceania,-6.1532,155.2184,Q201766,Calculated from Natural Earth outlines
Island,Island,Corse,8424.6,France,1,Europe,42.1899,9.0656,Q14112,Calculated from Natural Earth outlines
Island,Island,Puerto Rico,8414.4,Puerto Rico,1,North America,18.2538,-66.4253,Q2076337,Calculated from Natural Earth outlines
Island,Island,Darien Gap,8361.3,"Colombia, Panama",2,"North America, South America",8.1837,-77.5359,Q917276,Calculated from Natural Earth outlines
Island,Island,Kodiak Island,8163.4,United States,1,North America,57.3517,-153.2108,Q204387,Calculated from Natural Earth outlines
Island,Island,Buru,8099.2,Indonesia,1,Asia,-3.4419,126.6566,Q271030,Calculated from Natural Earth outlines
Island,Island,Crete,7990.0,Greece,1,Europe,35.2921,24.6463,Q34374,Calculated from Natural Earth outlines
Island,Island,Qeqertarsuaq,7932.7,Greenland,1,North America,69.8496,-53.5939,Q1228827,Calculated from Natural Earth outlines
Island,Island group,Archipiélago De Colón,7704.2,Ecuador,1,South America,-0.3694,-90.6876,Q38095,Calculated from Natural Earth outlines
Island,Island,Isla de Chiloé,7657.4,Chile,1,South America,-42.6062,-73.9679,Q504449,Calculated from Natural Earth outlines
Island,Island,î. d’Anticosti,7624.5,Canada,1,North America,49.5122,-63.0035,Q575033,Calculated from Natural Earth outlines
Island,Island group,Islas Canarias,7435.2,Spain,1,Europe,28.391,-15.9972,Q5813,Calculated from Natural Earth outlines
Island,Island group,Aru Islands,7393.9,Indonesia,1,Asia,-6.175,134.4743,,Calculated from Natural Earth outlines
Island,Island,Wrangel I.,7084.9,Russia,1,Europe,71.2682,-178.7646,Q106594,Calculated from Natural Earth outlines
Island,Island group,Îles Kerguelen,6977.8,French Southern Territories,1,Antarctica,-49.1978,69.6062,Q46772,Calculated from Natural Earth outlines
Island,Island group,New Ireland,6893.8,Papua New Guinea,1,Oceania,-3.7043,152.4503,Q215089,Calculated from Natural Earth outlines
Island,Island,Zealand,6648.4,Denmark,1,Europe,55.5458,11.6928,Q25535,Calculated from Natural Earth outlines
Island,Island,Leyte,6612.6,Philippines,1,Asia,10.7772,124.8993,Q211377,Calculated from Natural Earth outlines
Island,Island,Cornwallis I.,6587.4,Canada,1,North America,75.1186,-95.0008,Q674504,Calculated from Natural Earth outlines
Island,Island,Novaya Sibir’ I.,6069.1,Russia,1,Europe,75.1746,148.2552,Q860726,Calculated from Natural Earth outlines
Island,Island,East Falkland,5752.8,Falkland Islands,1,South America,-51.8015,-58.7699,Q642226,Calculated from Natural Earth outlines
Island,Island group,Vanua Levu,5696.3,Fiji,1,Oceania,-16.5768,179.2028,Q327733,Calculated from Natural Earth outlines
Island,Island,Cyprus,5561.4,Cyprus,1,Europe,35.1265,33.2324,Q644636,Calculated from Natural Earth outlines
Island,Island,Melville I.,5525.6,Australia,1,Oceania,-11.552,130.9713,Q504763,Calculated from Natural Earth outlines
Island,Island group,Andaman Islands,5381.8,"India, Myanmar",2,Asia,11.9268,92.5562,Q186233,Calculated from Natural Earth outlines
Island,Island group,Guadalcanal,5329.4,Solomon Islands,1,Oceania,-9.5876,160.1479,Q192767,Calculated from Natural Earth outlines
Island,Island,Isla Wellington,5306.7,Chile,1,South America,-49.3836,-74.9667,Q1048284,Calculated from Natural Earth outlines
Island,Island,Coats I.,5295.7,Canada,1,North America,62.5445,-83.0586,Q338670,Calculated from Natural Earth outlines
Island,Island,Bali,5221.6,Indonesia,1,Asia,-8.4572,115.2778,Q4648,Calculated from Natural Earth outlines
Island,Island,Edgeøya,5153.8,Norway,1,Europe,77.7676,23.1005,Q695120,Calculated from Natural Earth outlines
Island,Island group,Balearic Islands,5116.8,Spain,1,Europe,39.3546,2.5615,Q5765,Calculated from Natural Earth outlines
Island,Island,Prince Edward I.,5082.7,Canada,1,North America,46.4872,-63.5521,Q15120268,Calculated from Natural Earth outlines
Island,Island group,New Georgia Is.,4837.3,Solomon Islands,1,Oceania,-8.2162,157.2319,Q1044754,Calculated from Natural Earth outlines
Island,Island,Kolguyev I.,4702.7,Russia,1,Europe,69.116,49.1774,Q216161,Calculated from Natural Earth outlines
Island,Island,Andros,4614.6,Bahamas,1,North America,24.7422,-78.0383,Q514070,Calculated from Natural Earth outlines
Island,Island group,Isabela,4606.2,Ecuador,1,South America,-0.4353,-91.0957,Q83639,Calculated from Natural Earth outlines
Island,Island group,Mascarene Islands,4582.8,"France, Mauritius",2,"Africa, Europe",-19.9837,61.6936,Q205695,Calculated from Natural Earth outlines
Island,Island,Lombok,4385.2,Indonesia,1,Asia,-8.5446,116.3732,Q7564,Calculated from Natural Earth outlines
Island,Island group,Ryükyü Islands,4382.9,Japan,1,Asia,26.6715,128.9337,Q10905515,Calculated from Natural Earth outlines
Island,Island,Belitung,4289.3,Indonesia,1,Asia,-2.8929,107.9213,Q334771,Calculated from Natural Earth outlines
Island,Island,Kangaroo I.,4272.2,Australia,1,Oceania,-35.8326,137.3378,Q210371,Calculated from Natural Earth outlines
Island,Island group,Tanimbar Islands,4225.2,Indonesia,1,Asia,-7.5024,131.4025,Q913624,Calculated from Natural Earth outlines
Island,Island,Trinidad,4170.8,Trinidad and Tobago,1,North America,10.4343,-61.2471,Q128323,Calculated from Natural Earth outlines
Island,Island,Madura I.,4129.2,Indonesia,1,Asia,-7.0491,113.3119,Q208134,Calculated from Natural Earth outlines
Island,Island,St. Lawrence I.,4098.7,United States,1,North America,63.3438,-169.9065,Q638407,Calculated from Natural Earth outlines
Island,Island group,Espiritu Santo,4065.8,Vanuatu,1,Oceania,-15.1403,167.0354,Q337524,Calculated from Natural Earth outlines
Island,Island,Nias,4005.4,Indonesia,1,Asia,1.0404,97.6312,Q505707,Calculated from Natural Earth outlines
Island,Island,West Falkland,3998.9,Falkland Islands,1,South America,-51.7866,-59.9775,Q733338,Calculated from Natural Earth outlines
Island,Island group,Ilhas De Cabo Verde,3926.7,Cabo Verde,1,Africa,15.9622,-23.9655,Q1011,Calculated from Natural Earth outlines
Island,Island,Unimak I.,3886.2,United States,1,North America,54.7295,-164.0178,Q375615,Calculated from Natural Earth outlines
Island,Island,Malaita,3704.9,Solomon Islands,1,Oceania,-8.9651,160.9676,Q641568,Calculated from Natural Earth outlines
Island,Island,Nunivak I.,3698.9,United States,1,North America,60.1367,-166.492,Q530454,Calculated from Natural Earth outlines
Island,Island,Siberut,3690.0,Indonesia,1,Asia,-1.3485,98.8966,Q826041,Calculated from Natural Earth outlines
Island,Island group,Santa Isabel,3651.5,Solomon Islands,1,Oceania,-8.0453,159.215,Q713182,Calculated from Natural Earth outlines
Island,Island,Bohol,3571.6,Philippines,1,Asia,9.8837,124.2131,Q6497558,Calculated from Natural Earth outlines
Island,Island,Mallorca,3518.8,Spain,1,Europe,39.6363,2.9092,Q8828,Calculated from Natural Earth outlines
Island,Island,Socotra,3363.7,Yemen,1,Asia,12.5204,53.8897,Q82859,Calculated from Natural Earth outlines
Island,Island,South Georgia,3198.4,South Georgia and the South Sandwich Islands,1,Antarctica,-54.4313,-36.461,Q1137202,Calculated from Natural Earth outlines
Island,Island,Vaygach I.,3195.4,Russia,1,Europe,70.0695,59.3556,Q207677,Calculated from Natural Earth outlines
Island,Island,Vesterålen,3103.1,Norway,1,Europe,68.8074,15.094,Q935795,Calculated from Natural Earth outlines
Island,Island,Long I.,3099.0,United States,1,North America,40.854,-73.0704,Q18438,Calculated from Natural Earth outlines
Island,Island group,San Cristobal,3049.3,Solomon Islands,1,Oceania,-10.5151,161.8537,Q714573,Calculated from Natural Earth outlines
Island,Island,Mansel I.,3049.2,Canada,1,North America,62.0184,-79.8276,Q1322393,Calculated from Natural Earth outlines
Island,Island group,Sulu Archipelago,3031.3,Philippines,1,Asia,5.6794,120.6733,Q1061195,Calculated from Natural Earth outlines
Island,Island group,Samoa Is.,2958.9,"American Samoa, Samoa",2,Oceania,-13.9675,-170.5931,Q162126,Calculated from Natural Earth outlines
Island,Island group,D’Entrecasteaux Islands,2892.0,Papua New Guinea,1,Oceania,-9.7596,150.9055,Q855297,Calculated from Natural Earth outlines
Island,Island group,Outer Hebrides,2884.9,United Kingdom,1,Europe,57.724,-7.1295,Q80967,Calculated from Natural Earth outlines
Island,Island group,Iturup,2862.0,Russia,1,Europe,44.9658,147.5407,Q215727,Calculated from Natural Earth outlines
Island,Island,Taliabu,2815.7,Indonesia,1,Asia,-1.8347,124.8274,Q27868248,Calculated from Natural Earth outlines
Island,Island,Gotland,2794.3,Sweden,1,Europe,57.421,18.5107,Q1027830,Calculated from Natural Earth outlines
Island,Island group,Belcher Islands,2784.7,Canada,1,North America,56.3658,-79.3503,Q545780,Calculated from Natural Earth outlines
Island,Island group,Micronesia,2784.4,"Micronesia, Guam, Kiribati, Marshall Islands, Northern Mariana Islands, Nauru, Palau",7,Oceania,8.1569,153.6915,Q3359409,Calculated from Natural Earth outlines
Island,Island,Choiseul,2713.3,Solomon Islands,1,Oceania,-7.0047,156.9424,Q867864,Calculated from Natural Earth outlines
Island,Island,Akimiski I.,2681.3,Canada,1,North America,52.9927,-81.4082,Q418485,Calculated from Natural Earth outlines
Island,Island,Saaremaa,2663.7,Estonia,1,Europe,58.2863,22.3435,Q951302,Calculated from Natural Earth outlines
Island,Island,Zemlya Georga I.,2609.8,Russia,1,Europe,80.5032,48.2257,Q540373,Calculated from Natural Earth outlines
Island,Island group,Açores,2607.9,Portugal,1,Europe,38.2865,-27.1215,Q25263,Calculated from Natural Earth outlines
Island,Island group,Myeik Arch.,2586.2,"Myanmar, Thailand",2,Asia,11.2943,98.3512,,Calculated from Natural Earth outlines
Island,Island group,Riau Arch.,2578.1,Indonesia,1,Asia,0.9507,104.0595,,Calculated from Natural Earth outlines
Island,Island,Reunion,2498.9,France,1,Europe,-21.1149,55.5391,Q17070,Calculated from Natural Earth outlines
Island,Island,Biak,2463.1,Indonesia,1,Asia,-0.9327,135.9497,Q855314,Calculated from Natural Earth outlines
Island,Island,Wetar,2447.7,Indonesia,1,Asia,-7.7781,126.251,Q615657,Calculated from Natural Earth outlines
Island,Island group,Cyclades,2437.0,Greece,1,Europe,37.0222,25.0408,Q171132,Calculated from Natural Earth outlines
Island,Island group,Shantar Islands,2381.9,Russia,1,Europe,54.8141,137.5342,Q338279,Calculated from Natural Earth outlines
Island,Island group,Ionian Is.,2195.6,Greece,1,Europe,38.6916,20.5246,Q170295,Calculated from Natural Earth outlines
Island,Island,Morotai,2187.9,Indonesia,1,Asia,2.316,128.4408,Q19146,Calculated from Natural Earth outlines
Island,Island,Groote Eylandt,2134.2,Australia,1,Oceania,-13.986,136.5874,Q21891506,Calculated from Natural Earth outlines
Island,Island group,Malakula,2093.0,Vanuatu,1,Oceania,-16.2334,167.4966,Q618594,Calculated from Natural Earth outlines
Island,Island group,Paramushir,2073.4,Russia,1,Europe,50.3893,155.8268,Q818749,Calculated from Natural Earth outlines
Island,Island group,Archipel Des Comores,2067.1,"Comoros, France",2,"Africa, Europe",-12.4827,44.266,Q244978,Calculated from Natural Earth outlines
Island,Island group,Îles Loyauté,2016.3,New Caledonia,1,Oceania,-21.0652,167.3598,Q913470,Calculated from Natural Earth outlines
Island,Island,Ayon I.,1984.1,Russia,1,Europe,69.795,168.6685,Q1166036,Calculated from Natural Earth outlines
Island,Island,Alor,1975.6,Indonesia,1,Asia,-8.2817,124.7891,Q1130641,Calculated from Natural Earth outlines
Island,Island,Tenerife,1898.2,Spain,1,Europe,28.2872,-16.6157,Q40846,Calculated from Natural Earth outlines
Island,Island,Bioko,1894.8,Equatorial Guinea,1,Africa,3.4906,8.7178,Q205022,Calculated from Natural Earth outlines
Island,Island,Belyy I.,1846.8,Russia,1,Europe,73.254,70.8119,Q548594,Calculated from Natural Earth outlines
Island,Island,Mauritius,1836.2,Mauritius,1,Africa,-20.2564,57.5837,Q2656389,Calculated from Natural Earth outlines
Island,Island group,Maui,1826.3,United States,1,North America,20.8232,-156.3292,Q188705,Calculated from Natural Earth outlines
Island,Island,Manus,1751.7,Papua New Guinea,1,Oceania,-2.0793,146.9496,Q602106,Calculated from Natural Earth outlines
Island,Island,Cheju I.,1746.3,South Korea,1,Asia,33.3752,126.5549,Q27296123,Calculated from Natural Earth outlines
Island,Island,Karaginskiy I.,1735.0,Russia,1,Europe,58.8695,164.0922,Q1146381,Calculated from Natural Earth outlines
Island,Island group,Nicobar Islands,1734.0,India,1,Asia,8.0175,93.2774,Q157286,Calculated from Natural Earth outlines
Island,Island,Bol’shoy Begichev I.,1686.3,Russia,1,Europe,74.3351,112.4305,Q891593,Calculated from Natural Earth outlines
Island,Island group,Savai‘i,1637.1,Samoa,1,Oceania,-13.6341,-172.4307,Q337519,Calculated from Natural Earth outlines
Island,Island,Middle Andaman,1595.4,India,1,Asia,12.4958,92.8408,Q222853,Calculated from Natural Earth outlines
Island,Island,Fraser I.,1569.9,Australia,1,Oceania,-25.2597,153.1607,Q134905,Calculated from Natural Earth outlines
Island,Island,Greem Bell I.,1569.7,Russia,1,Europe,80.9547,64.231,Q1465918,Calculated from Natural Earth outlines
Island,Island,Natuna Basar,1562.5,Indonesia,1,Asia,3.9385,108.21,Q267725,Calculated from Natural Earth outlines
Island,Island,Fuerteventura,1555.8,Spain,1,Europe,28.3784,-14.0193,Q192534,Calculated from Natural Earth outlines
Island,Island,Simeulue,1545.2,Indonesia,1,Asia,2.6282,96.0569,Q3809449,Calculated from Natural Earth outlines
Island,Island,Lesbos,1533.8,Greece,1,Europe,39.1778,26.0065,Q128087,Calculated from Natural Earth outlines
Island,Island,Stewart I.,1511.5,New Zealand,1,Oceania,-46.9782,167.9418,Q41684,Calculated from Natural Earth outlines
Island,Island group,O‘ahu,1490.3,United States,1,North America,21.4945,-158.0442,Q131347,Calculated from Natural Earth outlines
Island,Island group,Îles De La Société,1484.4,French Polynesia,1,Oceania,-16.8113,-151.8802,Q118920,Calculated from Natural Earth outlines
Island,Island group,Arquipélago dos Bijagós,1481.7,Guinea-Bissau,1,Africa,11.3651,-15.9848,Q664687,Calculated from Natural Earth outlines
Island,Island,Kunashir,1481.4,Russia,1,Europe,44.0903,145.8301,Q847285,Calculated from Natural Earth outlines
Island,Island,Gran Canaria,1460.8,Spain,1,Europe,27.9518,-15.5969,Q178925,Calculated from Natural Earth outlines
Island,Island,Zanzibar I.,1429.7,Tanzania,1,Africa,-6.0818,39.3157,Q706541,Calculated from Natural Earth outlines
Island,Island group,Calamian Group,1413.7,Philippines,1,Asia,11.9822,120.0879,Q1026221,Calculated from Natural Earth outlines
Island,Island group,Commander Islands,1409.2,Russia,1,Europe,54.7964,167.1035,Q208268,Calculated from Natural Earth outlines
Island,Island group,Kaua‘i,1403.9,United States,1,North America,22.0577,-159.5589,Q201026,Calculated from Natural Earth outlines
Island,Island group,Urup,1382.9,Russia,1,Europe,45.9014,149.991,Q847281,Calculated from Natural Earth outlines
Island,Island,Rhodes,1360.3,Greece,1,Europe,36.1703,27.9061,Q43048,Calculated from Natural Earth outlines
Island,Island group,Shetland Is.,1350.6,United Kingdom,1,Europe,60.1199,-1.272,Q47134,Calculated from Natural Earth outlines
Island,Island group,Føroyar,1327.7,Faroe Islands,1,Europe,61.8707,-6.8881,Q4628,Calculated from Natural Earth outlines
Island,Island group,Okinawa,1282.6,Japan,1,Asia,26.4869,127.9107,Q600614,Calculated from Natural Earth outlines
Island,Island,Flinders I.,1281.1,Australia,1,Oceania,-40.0013,148.0949,Q21943427,Calculated from Natural Earth outlines
Island,Island group,Louisiade Archipelago,1257.5,Papua New Guinea,1,Oceania,-11.0438,153.0085,Q1127200,Calculated from Natural Earth outlines
Island,Island,S. Andaman,1178.6,India,1,Asia,11.8534,92.6692,Q1473243,Calculated from Natural Earth outlines
Island,Island group,Mariana Isands,1143.5,"Guam, Northern Mariana Islands",2,Oceania,16.9819,146.0067,Q153732,Calculated from Natural Earth outlines
Island,Island group,Caroline Islands,1142.1,"Micronesia, Palau",2,Oceania,5.1713,158.5311,Q118350,Calculated from Natural Earth outlines
Island,Island,Bering I.,1096.6,Russia,1,Europe,55.0288,166.2537,Q193962,Calculated from Natural Earth outlines
Island,Island,N. Andaman,1087.0,India,1,Asia,13.2413,92.9655,Q2000510,Calculated from Natural Earth outlines
Island,Island group,Îles Marquesas,1074.4,French Polynesia,1,Oceania,-9.1335,-139.7794,Q172697,Calculated from Natural Earth outlines
Island,Island,King I.,1057.1,Australia,1,Oceania,-39.8531,143.9826,Q794502,Calculated from Natural Earth outlines
Island,Island,Upolu,1055.7,Samoa,1,Oceania,-13.9308,-171.7858,Q274569,Calculated from Natural Earth outlines
Island,Island,Great Nicobar,1048.3,India,1,Asia,6.9871,93.8206,Q219774,Calculated from Natural Earth outlines
Island,Island group,Tahiti,1028.5,French Polynesia,1,Oceania,-17.6768,-149.4659,Q42000,Calculated from Natural Earth outlines
Island,Island group,Ösumi Is.,1018.4,Japan,1,Asia,30.4949,130.5445,Q386104,Calculated from Natural Earth outlines
Island,Island,Lofoten,974.7,Norway,1,Europe,68.3287,14.7044,Q186822,Calculated from Natural Earth outlines
Island,Island,Mornington I.,962.7,Australia,1,Oceania,-16.5734,139.3346,Q1586110,Calculated from Natural Earth outlines
Island,Island group,Santa Cruz,951.1,Ecuador,1,South America,-0.6318,-90.3689,Q713127,Calculated from Natural Earth outlines
Island,Island group,Kiribati,949.9,Kiribati,1,Oceania,-2.8818,-164.2602,Q710,Calculated from Natural Earth outlines
Island,Island,Grande Comore,947.4,Comoros,1,Africa,-11.6415,43.313,Q244978,Calculated from Natural Earth outlines
Island,Island group,Orkney Is.,934.7,United Kingdom,1,Europe,59.0972,-2.9188,Q100166,Calculated from Natural Earth outlines
Island,Island group,Channel Islands,924.5,United States,1,North America,33.3221,-119.0371,Q306147,Calculated from Natural Earth outlines
Island,Island group,Lyakhov Islands,914.4,Russia,1,Europe,73.5721,141.9892,,Calculated from Natural Earth outlines
Island,Island group,Lyakhov Islands,914.4,Russia,1,Europe,74.0931,140.5775,,Calculated from Natural Earth outlines
Island,Island,Santiago,912.0,Cabo Verde,1,Africa,15.124,-23.6493,Q108448,Calculated from Natural Earth outlines
Island,Island group,Santa Cruz Islands,870.0,Solomon Islands,1,Oceania,-10.8176,166.413,Q148839,Calculated from Natural Earth outlines
Island,Island,Erromango,833.8,Vanuatu,1,Oceania,-18.8072,169.1067,Q859646,Calculated from Natural Earth outlines
Island,Island,São Tomé,825.9,Sao Tome and Principe,1,Africa,0.2123,6.5996,Q233124,Calculated from Natural Earth outlines
Island,Island,Atka,824.2,United States,1,North America,52.2083,-174.2607,Q756016,Calculated from Natural Earth outlines
Island,Island,South Pagai,822.2,Indonesia,1,Asia,-3.0479,100.3606,Q1578047,Calculated from Natural Earth outlines
Island,Island,Éfaté,817.9,Vanuatu,1,Oceania,-17.6652,168.3563,Q266594,Calculated from Natural Earth outlines
Island,Island group,Chatham Islands,817.4,New Zealand,1,Oceania,-43.9988,-176.5197,Q115459,Calculated from Natural Earth outlines
Island,Island group,Talaud Is.,803.8,Indonesia,1,Asia,4.2783,126.8348,Q15844,Calculated from Natural Earth outlines
Island,Island group,Babuyan Is.,774.8,Philippines,1,Asia,19.8482,121.7668,Q1980628,Calculated from Natural Earth outlines
Island,Island group,Dahlak Arch.,773.7,Eritrea,1,Africa,15.8762,40.1925,Q639648,Calculated from Natural Earth outlines
Island,Island,Lanzarote,772.7,Spain,1,Europe,29.0347,-13.6396,Q182432,Calculated from Natural Earth outlines
Island,Island,Pemba I.,771.1,Tanzania,1,Africa,-5.175,39.7994,Q208664,Calculated from Natural Earth outlines
Island,Island,Grand Bahama,702.1,Bahamas,1,North America,26.6151,-78.5627,Q866345,Calculated from Natural Earth outlines
Island,Island,Madeira,698.5,Portugal,1,Europe,32.7589,-16.9572,Q30188,Calculated from Natural Earth outlines
Island,Island group,Sakishima Is.,695.9,Japan,1,Asia,24.4825,124.0338,,Calculated from Natural Earth outlines
Island,Island,Santo Antão,691.3,Cabo Verde,1,Africa,17.059,-25.1737,Q112232,Calculated from Natural Earth outlines
Island,Island,São Miguel,682.9,Portugal,1,Europe,37.7952,-25.4861,Q209036,Calculated from Natural Earth outlines
Island,Island group,Amami,670.3,Japan,1,Asia,28.3179,129.3889,Q697278,Calculated from Natural Earth outlines
Island,Island,La Palma,632.8,Spain,1,Europe,28.6723,-17.8493,Q201689,Calculated from Natural Earth outlines
Island,Island group,Archipel Des Tuamotu,632.7,French Polynesia,1,Oceania,-18.1096,-140.7961,Q183963,Calculated from Natural Earth outlines
Island,Island,Ambrym,614.0,Vanuatu,1,Oceania,-16.2183,168.0882,Q459948,Calculated from Natural Earth outlines
Island,Island group,Line Islands,603.6,Kiribati,1,Oceania,-1.8483,-156.7742,Q234796,Calculated from Natural Earth outlines
Island,Island group,Tonga Islands,600.8,Tonga,1,Oceania,-19.004,-174.6163,,Calculated from Natural Earth outlines
Island,Island group,Sangihe Islands,591.0,Indonesia,1,Asia,2.9703,125.4457,Q14630786,Calculated from Natural Earth outlines
Island,Island,Rennell,590.9,Solomon Islands,1,Oceania,-11.6503,160.3249,Q59580,Calculated from Natural Earth outlines
Island,Island,Adak,589.5,United States,1,North America,51.7724,-176.6601,Q176381,Calculated from Natural Earth outlines
Island,Island,Moloka‘i,577.8,United States,1,North America,21.1325,-157.0064,Q193253,Calculated from Natural Earth outlines
Island,Island,Boa Vista,573.3,Cabo Verde,1,Africa,16.111,-22.8066,Q110440,Calculated from Natural Earth outlines
Island,Island,Menorca,569.0,Spain,1,Europe,39.9528,4.1005,Q52636,Calculated from Natural Earth outlines
Island,Island group,Guam,558.9,Guam,1,Oceania,13.4608,144.7604,Q16635,Calculated from Natural Earth outlines
Island,Island,Ibiza,539.6,Spain,1,Europe,38.9864,1.4323,Q52631,Calculated from Natural Earth outlines
Island,Island,Tanna,519.5,Vanuatu,1,Oceania,-19.509,169.3401,Q378281,Calculated from Natural Earth outlines
Island,Island group,Auckland Islands,506.5,New Zealand,1,Oceania,-50.8793,166.086,Q326951,Calculated from Natural Earth outlines
Island,Island group,Frisian Is.,492.5,"Germany, The Netherlands",2,Europe,53.4333,5.6271,,Calculated from Natural Earth outlines
Island,Island,Phuket I.,480.8,Thailand,1,Asia,8.0251,98.3488,Q1777775,Calculated from Natural Earth outlines
Island,Island group,Palau Is.,450.6,Palau,1,Oceania,6.5893,133.7692,,Calculated from Natural Earth outlines
Island,Island group,Seychelles,449.7,"Mauritius, Seychelles",2,Africa,-7.3674,52.1547,Q1042,Calculated from Natural Earth outlines
Island,Island,Pentecost,431.9,Vanuatu,1,Oceania,-15.7314,168.1805,Q960808,Calculated from Natural Earth outlines
Island,Island group,Kiritimati,426.5,Kiribati,1,Oceania,1.8718,-157.378,Q193331,Calculated from Natural Earth outlines
Island,Island,Pico,418.9,Portugal,1,Europe,38.4705,-28.3674,Q210811,Calculated from Natural Earth outlines
Island,Island,Terceira,418.4,Portugal,1,Europe,38.7195,-27.2058,Q215074,Calculated from Natural Earth outlines
Island,Island group,Bonaparte,415.8,Australia,1,Oceania,-14.9007,124.6188,Q2860198,Calculated from Natural Earth outlines
Island,Island,Onekotan,414.7,Russia,1,Europe,49.4521,154.7362,Q1043134,Calculated from Natural Earth outlines
Island,Island,Fogo,409.4,Cabo Verde,1,Africa,14.9287,-24.406,Q426555,Calculated from Natural Earth outlines
Island,Island,Kadavu,408.8,Fiji,1,Oceania,-19.043,178.182,Q1048944,Calculated from Natural Earth outlines
Island,Island,Jan Mayen,408.8,Norway,1,Europe,71.0039,-8.3765,Q14056,Calculated from Natural Earth outlines
Island,Island,Anjouan,403.7,Comoros,1,Africa,-12.2027,44.4009,Q231324,Calculated from Natural Earth outlines
Island,Island group,Lau Group,388.7,Fiji,1,Oceania,-18.9207,-178.8603,,Calculated from Natural Earth outlines
Island,Island group,Lau Group,388.7,Fiji,1,Oceania,-18.9406,179.8223,Q1062438,Calculated from Natural Earth outlines
Island,Island,Nendö,385.3,Solomon Islands,1,Oceania,-10.7568,165.9773,Q1267157,Calculated from Natural Earth outlines
Island,Island group,Nampö-Shotö,384.1,Japan,1,Asia,29.3272,140.7428,Q1964385,Calculated from Natural Earth outlines
Island,Island,Mussau,379.1,Papua New Guinea,1,Oceania,-1.4666,149.6382,Q1589522,Calculated from Natural Earth outlines
Island,Island,Enggano,367.8,Indonesia,1,Asia,-5.3856,102.282,Q1342338,Calculated from Natural Earth outlines
Island,Island,Mafia I.,357.6,Tanzania,1,Africa,-7.8226,39.7928,Q713391,Calculated from Natural Earth outlines
Island,Island,Mayotte,349.5,France,1,Europe,-12.8205,45.1448,Q17063,Calculated from Natural Earth outlines
Island,Island group,Oki Is.,340.8,Japan,1,Asia,36.1788,133.2102,Q483146,Calculated from Natural Earth outlines
Island,Island group,Batu Is.,340.5,Indonesia,1,Asia,-0.4117,98.4381,,Calculated from Natural Earth outlines
Island,Island group,Batu Is.,340.5,Indonesia,1,Asia,-0.1829,98.4535,,Calculated from Natural Earth outlines
Island,Island group,Hiva Oa,335.7,French Polynesia,1,Oceania,-9.7809,-139.015,Q937908,Calculated from Natural Earth outlines
Island,Island,Shmidta I.,335.4,Russia,1,Europe,81.1272,90.7291,Q944346,Calculated from Natural Earth outlines
Island,Island group,Nuku Hiva,332.3,French Polynesia,1,Oceania,-8.8715,-140.1295,Q21064,Calculated from Natural Earth outlines
Island,Island,Ushakova I.,322.4,Russia,1,Europe,80.9031,79.736,Q1320517,Calculated from Natural Earth outlines
Island,Island,Karkar,314.2,Papua New Guinea,1,Oceania,-4.6538,145.9676,Q720720,Calculated from Natural Earth outlines
Island,Island,Pohnpei,311.0,Micronesia,1,Oceania,6.8839,158.244,Q319836,Calculated from Natural Earth outlines
Island,Island group,Prince Edward Islands,305.7,South Africa,1,Africa,-46.7046,37.8461,Q46623,Calculated from Natural Earth outlines
Island,Island,Läna‘i,301.3,United States,1,North America,20.8393,-156.9036,Q187063,Calculated from Natural Earth outlines
Island,Island,Simushir,293.2,Russia,1,Europe,46.9631,152.0255,Q1423489,Calculated from Natural Earth outlines
Island,Island,Taveuni,293.0,Fiji,1,Oceania,-16.8218,-179.9309,,Calculated from Natural Earth outlines
Island,Island,St. Matthew I.,290.7,United States,1,North America,60.4583,-172.846,Q1655937,Calculated from Natural Earth outlines
Island,Island,Gaua,288.4,Vanuatu,1,Oceania,-14.2164,167.501,Q583383,Calculated from Natural Earth outlines
Island,Island group,South Sandwich Islands,288.1,South Georgia and the South Sandwich Islands,1,Antarctica,-57.7747,-26.4416,Q118223,Calculated from Natural Earth outlines
Island,Island group,Virgin Is.,286.3,"British Virgin Islands, U.S. Virgin Islands",2,North America,18.4985,-64.5717,,Calculated from Natural Earth outlines
Island,Island,São Nicolau,282.9,Cabo Verde,1,Africa,16.5845,-24.1059,Q492509,Calculated from Natural Earth outlines
Island,Island group,Izu-Shotö,281.8,Japan,1,Asia,32.7451,139.9543,,Calculated from Natural Earth outlines
Island,Island,Arctic Institute I.,274.3,Russia,1,Europe,75.3782,81.8692,Q779867,Calculated from Natural Earth outlines
Island,Island,Malta,270.6,Malta,1,Europe,35.9219,14.4223,Q193896,Calculated from Natural Earth outlines
Island,Island,Vize I.,262.2,Russia,1,Europe,79.5678,76.7503,Q387757,Calculated from Natural Earth outlines
Island,Island,Vanua Lava,253.6,Vanuatu,1,Oceania,-13.8151,167.4753,Q1509208,Calculated from Natural Earth outlines
Island,Island,Hierro,251.3,Spain,1,Europe,27.7428,-18.0372,Q1036287,Calculated from Natural Earth outlines
Island,Island,Kvitøya,217.9,Norway,1,Europe,80.1602,32.5896,Q851568,Calculated from Natural Earth outlines
Island,Island group,Whitsunday Group,213.8,Australia,1,Oceania,-20.2778,149.0129,Q1076507,Calculated from Natural Earth outlines
Island,Island group,Is. Revillagigedo,207.5,Mexico,1,North America,18.6514,-113.0813,Q849318,Calculated from Natural Earth outlines
Island,Island,Tongatapu,202.2,Tonga,1,Oceania,-21.164,-175.2792,Q620452,Calculated from Natural Earth outlines
Island,Island,Niue,193.1,Niue,1,Oceania,-19.0528,-169.8667,Q34020,Calculated from Natural Earth outlines
Island,Island group,Southern Cook Islands,174.4,Cook Islands,1,Oceania,-19.9368,-159.04,Q11826289,Calculated from Natural Earth outlines
Island,Island,I. Guadalupe,174.3,Mexico,1,North America,29.0473,-118.2972,Q853909,Calculated from Natural Earth outlines
Island,Island group,Bear Is.,173.8,Russia,1,Europe,70.7673,161.5905,,Calculated from Natural Earth outlines
Island,Island,Bjørnøya,173.2,Norway,1,Europe,74.4429,19.0645,Q194364,Calculated from Natural Earth outlines
Island,Island group,Raiatea,172.7,French Polynesia,1,Oceania,-16.8169,-151.4373,Q847008,Calculated from Natural Earth outlines
Island,Island group,Îles Crozet,172.0,French Southern Territories,1,Antarctica,-46.1235,50.6505,Q201698,Calculated from Natural Earth outlines
Island,Island,Sal,167.8,Cabo Verde,1,Africa,16.7314,-22.943,Q111989,Calculated from Natural Earth outlines
Island,Island group,Marshall Islands,163.8,Marshall Islands,1,Oceania,8.5187,168.5738,Q709,Calculated from Natural Earth outlines
Island,Island,Mohéli,162.7,Comoros,1,Africa,-12.308,43.7187,Q27222296,Calculated from Natural Earth outlines
Island,Island,Ni‘ihau,157.5,United States,1,North America,21.9054,-160.1492,Q239743,Calculated from Natural Earth outlines
Island,Island group,Islas Juan Fernandez,142.8,Chile,1,South America,-33.6884,-79.718,Q156325,Calculated from Natural Earth outlines
Island,Island,Príncipe,133.0,Sao Tome and Principe,1,Africa,1.6188,7.3927,Q210636,Calculated from Natural Earth outlines
Island,Island,Anatom,129.3,Vanuatu,1,Oceania,-20.1944,169.8155,Q528884,Calculated from Natural Earth outlines
Island,Island,Pribilof Islands,120.4,United States,1,North America,56.5826,-169.6498,Q1144173,Calculated from Natural Earth outlines
Island,Island,Aldabra I.,117.6,Seychelles,1,Africa,-9.3933,46.4531,Q272768,Calculated from Natural Earth outlines
Island,Island group,Maldive Islands,108.7,Maldives,1,Asia,3.0626,73.2453,Q17044696,Calculated from Natural Earth outlines
Island,Island,Mahé I.,105.5,Seychelles,1,Africa,-4.6676,55.4922,Q219642,Calculated from Natural Earth outlines
Island,Island,Tutuila,105.3,American Samoa,1,Oceania,-14.3068,-170.7469,Q269205,Calculated from Natural Earth outlines
Island,Island,Saipan,104.3,Northern Mariana Islands,1,Oceania,15.1864,145.7399,Q51679,Calculated from Natural Earth outlines
Island,Island,Vanikolo,102.4,Solomon Islands,1,Oceania,-11.6253,166.8186,Q1536424,Calculated from Natural Earth outlines
Island,Island,Santa Maria,100.1,Portugal,1,Europe,36.9777,-25.1098,Q217262,Calculated from Natural Earth outlines
Island,Island,Île de Pins,98.2,New Caledonia,1,Oceania,-22.5944,167.4817,Q292500,Calculated from Natural Earth outlines
Island,Island group,Yap Is.,92.8,Micronesia,1,Oceania,9.4948,138.0929,Q2599598,Calculated from Natural Earth outlines
Island,Island,Moorea,91.2,French Polynesia,1,Oceania,-17.5117,-149.8547,Q673400,Calculated from Natural Earth outlines
Island,Island,Ua Pou,83.5,French Polynesia,1,Oceania,-9.4052,-140.0941,Q614645,Calculated from Natural Earth outlines
Island,Island group,Ratak Chain,83.3,Marshall Islands,1,Oceania,10.7814,170.7187,Q700048,Calculated from Natural Earth outlines
Island,Island group,Ralik Chain,81.5,Marshall Islands,1,Oceania,8.8196,166.8839,Q697840,Calculated from Natural Earth outlines
Island,Island group,îles Wallis,76.0,Wallis and Futuna,1,Oceania,-13.2882,-176.1598,Q489003,Calculated from Natural Earth outlines
Island,Island group,Îles Tubuaï,69.8,French Polynesia,1,Oceania,-23.1327,-150.0843,,Calculated from Natural Earth outlines
Island,Island,Rota,65.4,Northern Mariana Islands,1,Oceania,14.1464,145.2009,Q949090,Calculated from Natural Earth outlines
Island,Island group,Truk,54.6,Micronesia,1,Oceania,7.3413,151.7327,Q3593555,Calculated from Natural Earth outlines
Island,Island,Fatu Hiva,52.0,French Polynesia,1,Oceania,-10.4823,-138.6569,Q632061,Calculated from Natural Earth outlines
Island,Island group,Chagos Archipelago,49.1,British Indian Ocean Territory,1,Asia,-6.3554,71.5792,Q192188,Calculated from Natural Earth outlines
Island,Island,Île Futuna,44.2,Wallis and Futuna,1,Oceania,-14.2733,-178.1489,Q664321,Calculated from Natural Earth outlines
Island,Island,Niuafo‘ou,41.1,Tonga,1,Oceania,-15.558,-175.6506,Q966941,Calculated from Natural Earth outlines
Island,Island group,Phoenix Islands,41.0,Kiribati,1,Oceania,-3.6956,-172.6296,Q271674,Calculated from Natural Earth outlines
Island,Island,Eiao,40.4,French Polynesia,1,Oceania,-8.0021,-140.7085,Q1301066,Calculated from Natural Earth outlines
Island,Island group,Kermadec Islands,39.2,New Zealand,1,Oceania,-29.3167,-177.9591,Q114935,Calculated from Natural Earth outlines
Island,Island,Niau,37.3,French Polynesia,1,Oceania,-16.1085,-146.3714,Q1984650,Calculated from Natural Earth outlines
Island,Island,Mangaia,36.7,Cook Islands,1,Oceania,-21.8804,-157.9422,Q1359323,Calculated from Natural Earth outlines
Island,Island,Tematagi,35.5,French Polynesia,1,Oceania,-21.6551,-140.6511,Q1531438,Calculated from Natural Earth outlines
Island,Island group,Daitö Islands,34.8,Japan,1,Asia,25.343,131.3077,Q697792,Calculated from Natural Earth outlines
Island,Island group,Laccadive Islands,34.1,India,1,Asia,9.948,73.1115,Q1266371,Calculated from Natural Earth outlines
Island,Island group,Îles Gambier,33.1,French Polynesia,1,Oceania,-22.2736,-135.8834,Q504043,Calculated from Natural Earth outlines
Island,Island,Anatahan,31.3,Northern Mariana Islands,1,Oceania,16.3556,145.6767,,Calculated from Natural Earth outlines
Island,Island,Tubuaï,28.9,French Polynesia,1,Oceania,-23.405,-149.492,Q514626,Calculated from Natural Earth outlines
Island,Island,Huahine,28.4,French Polynesia,1,Oceania,-16.7937,-151.009,Q521020,Calculated from Natural Earth outlines
Island,Island,Iwo Jima,25.5,Japan,1,Asia,24.799,141.3144,Q201633,Calculated from Natural Earth outlines
Island,Island,I. Clarión,22.2,Mexico,1,North America,18.3128,-114.7637,Q1095657,Calculated from Natural Earth outlines
Island,Island group,Tuvalu,21.6,Tuvalu,1,Oceania,-8.2139,178.6035,Q672,Calculated from Natural Earth outlines
Island,Island,Utupua,17.9,Solomon Islands,1,Oceania,-11.3129,166.5508,Q2081472,Calculated from Natural Earth outlines
Island,Island group,Northern Cook Islands,16.7,Cook Islands,1,Oceania,-11.0921,-162.9441,Q11832316,Calculated from Natural Earth outlines
Island,Island,Bora Bora,16.0,French Polynesia,1,Oceania,-16.4974,-151.7661,Q183113,Calculated from Natural Earth outlines
Island,Island,Aitutaki,14.5,Cook Islands,1,Oceania,-18.8896,-159.79,Q223379,Calculated from Natural Earth outlines
Island,Island,Starbuck,13.7,Kiribati,1,Oceania,-5.6229,-155.8933,Q911028,Calculated from Natural Earth outlines
Island,Island,Penrhyn,11.4,Cook Islands,1,Oceania,-8.995,-157.9754,Q950725,Calculated from Natural Earth outlines
Island,Island,Butaritari,10.0,Kiribati,1,Oceania,3.0426,172.8083,Q867325,Calculated from Natural Earth outlines
Island,Island,Tarawa,10.0,Kiribati,1,Oceania,1.3698,173.1211,Q2486,Calculated from Natural Earth outlines
Island,Island,Banaba,7.8,Kiribati,1,Oceania,-0.8611,169.539,Q271901,Calculated from Natural Earth outlines
Island,Island group,Paracel Islands,5.3,China,1,Asia,16.3139,112.4484,Q274388,Calculated from Natural Earth outlines
Island,Island group,Tokelau,4.2,New Zealand,1,Oceania,-8.9474,-172.0614,Q36823,Calculated from Natural Earth outlines
Island,Island,Tatakoto,4.1,French Polynesia,1,Oceania,-17.3064,-138.4448,Q953358,Calculated from Natural Earth outlines
Island,Island,Anaa,4.0,French Polynesia,1,Oceania,-17.4106,-145.4129,Q483126,Calculated from Natural Earth outlines
Island,Island,Pitcairn I.,3.2,Pitcairn,1,Oceania,-25.0405,-130.1052,Q1779748,Calculated from Natural Earth outlines
Island,Island group,Islas Desventuradas,2.5,Chile,1,South America,-26.2786,-80.0338,Q1160526,Calculated from Natural Earth outlines
Island,Island,Nukufetau,2.4,Tuvalu,1,Oceania,-8.0537,178.3802,Q745924,Calculated from Natural Earth outlines
Island,Island,Manihiki,2.2,Cook Islands,1,Oceania,-10.3517,-160.9811,Q967796,Calculated from Natural Earth outlines
Island,Island,Atafu,1.9,New Zealand,1,Oceania,-8.5633,-172.4877,Q642787,Calculated from Natural Earth outlines
Island,Island,Pukapuka,1.4,Cook Islands,1,Oceania,-10.853,-165.816,Q1130629,Calculated from Natural Earth outlines
Island,Island,I. San Félix,0.9,Chile,1,South America,-26.241,-80.0976,Q1891390,Calculated from Natural Earth outlines
Island,Island,Gardner Pinnacles,0.6,United States,1,North America,25.0419,-167.9988,Q1494164,Calculated from Natural Earth outlines
Island,Island,Lisianski,0.6,United States,1,North America,26.0919,-173.9627,Q661708,Calculated from Natural Earth outlines
Island,Island,Nihoa,0.4,United States,1,North America,23.074,-161.944,Q843411,Calculated from Natural Earth outlines
Island,Island,I. Sala y Gómez,0.4,Chile,1,South America,-26.4279,-105.4662,Q118821,Calculated from Natural Earth outlines
Lake,Lake,Lake Superior,82310.8,"Canada, United States",2,North America,47.7258,-88.2011,Q1066,Calculated from Natural Earth outlines
Lake,Lake,Lake Victoria,67031.7,"Kenya, Tanzania, Uganda",3,Africa,-1.2668,32.8657,Q5505,Calculated from Natural Earth outlines
Lake,Lake,Lake Huron,59936.6,"Canada, United States",2,North America,44.6859,-82.2883,Q1383,Calculated from Natural Earth outlines
Lake,Lake,Lake Michigan,57540.6,United States,1,North America,43.8785,-87.0887,Q1169,Calculated from Natural Earth outlines
Lake,Lake,Lake Tanganyika,32755.1,"Burundi, Democratic Republic of the Congo, Tanzania, Zambia",4,Africa,-6.0716,29.4618,Q5511,Calculated from Natural Earth outlines
Lake,Lake,Lake Baikal,31550.1,Russia,1,Europe,53.6311,108.1587,Q5513,Calculated from Natural Earth outlines
Lake,Lake,Great Bear Lake,30862.1,Canada,1,North America,65.9275,-120.3541,Q5525,Calculated from Natural Earth outlines
Lake,Lake,Lake Malawi,28839.1,"Mozambique, Malawi, Tanzania",3,Africa,-11.9497,34.5146,Q5532,Calculated from Natural Earth outlines
Lake,Lake,Great Slave Lake,26094.9,Canada,1,North America,61.8169,-113.9277,Q5539,Calculated from Natural Earth outlines
Lake,Lake,Lake Erie,25735.7,"Canada, United States",2,North America,42.247,-80.9667,Q5492,Calculated from Natural Earth outlines
Lake,Lake,Lake Winnipeg,24792.1,Canada,1,North America,52.4006,-97.4815,Q3272,Calculated from Natural Earth outlines
Lake,Lake,Lake Ontario,19463.7,"Canada, United States",2,North America,43.849,-77.6454,Q1062,Calculated from Natural Earth outlines
Lake,Lake,Lake Ladoga,17665.5,Russia,1,Europe,60.8447,31.661,Q15288,Calculated from Natural Earth outlines
Lake,Lake,Lake Balkhash,17595.0,Kazakhstan,1,Asia,45.903,73.9537,Q134485,Calculated from Natural Earth outlines
Lake,Lake,Georgian Bay,13812.0,Canada,1,North America,45.2473,-80.7439,Q1267413,Calculated from Natural Earth outlines
Lake,Lake,Lake Onega,9948.6,Russia,1,Europe,61.8905,35.5582,Q166162,Calculated from Natural Earth outlines
Lake,Lake,Lake Saimaa,9365.0,Finland,1,Europe,62.3272,29.5354,Q192770,Calculated from Natural Earth outlines
Lake,Reservoir,Represa de Sobradinho,8712.9,Brazil,1,South America,-10.1421,-42.4592,Q3234165,Calculated from Natural Earth outlines
Lake,Alkaline Lake,Lake Eyre North,8132.0,Australia,1,Oceania,-28.4839,137.2986,Q21890573,Calculated from Natural Earth outlines
Lake,Lake,Lago Titicaca,8106.7,"Bolivia, Peru",2,South America,-15.9204,-69.3539,Q35342,Calculated from Natural Earth outlines
Lake,Lake,Lake Athabasca,8090.4,Canada,1,North America,59.0354,-110.2013,Q272463,Calculated from Natural Earth outlines
Lake,Reservoir,Lake Volta,7959.9,Ghana,1,Africa,7.7278,0.065,Q201679,Calculated from Natural Earth outlines
Lake,Lake,Lago de Nicaragua,7821.5,Nicaragua,1,North America,11.5717,-85.3084,Q173862,Calculated from Natural Earth outlines
Lake,Alkaline Lake,Lake Turkana,7712.2,"Ethiopia, Kenya",2,Africa,3.5306,36.0751,Q182719,Calculated from Natural Earth outlines
Lake,Reservoir,Smallwood Reservoir,7025.6,Canada,1,North America,54.2751,-64.25,Q1539726,Calculated from Natural Earth outlines
Lake,Lake,Reindeer Lake,6719.6,Canada,1,North America,57.2198,-102.3442,Q1134446,Calculated from Natural Earth outlines
Lake,Alkaline Lake,Issyk-Kul,6262.4,Kyrgyzstan,1,Asia,42.4489,77.0358,Q42191,Calculated from Natural Earth outlines
Lake,Reservoir,Samara Reservoir,5783.1,Russia,1,Europe,54.5723,48.6457,Q745937,Calculated from Natural Earth outlines
Lake,Lake,Vänern,5752.6,Sweden,1,Europe,58.8827,13.5936,Q173596,Calculated from Natural Earth outlines
Lake,Lake,Nettilling Lake,5453.8,Canada,1,North America,66.4979,-70.3817,Q1132211,Calculated from Natural Earth outlines
Lake,Lake,Lake Albert,5380.5,"Democratic Republic of the Congo, Uganda",2,Africa,1.7093,31.0106,Q125888,Calculated from Natural Earth outlines
Lake,Lake,Lake Winnipegosis,5362.2,Canada,1,North America,52.38,-100.0447,Q934638,Calculated from Natural Earth outlines
Lake,Alkaline Lake,Lake Torrens,5153.3,Australia,1,Oceania,-31.039,137.8331,Q163855,Calculated from Natural Earth outlines
Lake,Lake,Lac Moeru,5035.5,"Democratic Republic of the Congo, Zambia",2,Africa,-9.003,28.7131,Q504433,Calculated from Natural Earth outlines
Lake,Lake,Lake Manitoba,4837.5,Canada,1,North America,50.9971,-98.8447,Q645901,Calculated from Natural Earth outlines
Lake,Reservoir,Rybinsk Reservoir,4737.6,Russia,1,Europe,58.6183,38.3693,Q375029,Calculated from Natural Earth outlines
Lake,Reservoir,Lake Kariba,4708.5,"Zambia, Zimbabwe",2,Africa,-17.2348,27.5853,Q1047206,Calculated from Natural Earth outlines
Lake,Lake,Lake Taymyr,4658.5,Russia,1,Europe,74.5022,100.7216,Q845868,Calculated from Natural Earth outlines
Lake,Lake,Lake Nipigon,4542.1,Canada,1,North America,49.8326,-88.3486,Q122184,Calculated from Natural Earth outlines
Lake,Alkaline Lake,Qinghai Hu,4459.1,China,1,Asia,36.8788,100.1133,Q201294,Calculated from Natural Earth outlines
Lake,Lake,Lake of the Woods,4384.6,"Canada, United States",2,North America,49.4239,-94.8218,Q845876,Calculated from Natural Earth outlines
Lake,Reservoir,Vilyuy Reservoir,4379.0,Russia,1,Europe,62.701,111.3096,Q2065167,Calculated from Natural Earth outlines
Lake,Alkaline Lake,Lake Urmia,4324.2,Iran,1,Asia,37.6977,45.5119,Q199551,Calculated from Natural Earth outlines
Lake,Alkaline Lake,Lake Gairdner,4237.7,Australia,1,Oceania,-31.7136,136.0221,Q965973,Calculated from Natural Earth outlines
Lake,Lake,Päijänne,4214.5,Finland,1,Europe,62.0927,25.7361,Q213769,Calculated from Natural Earth outlines
Lake,Reservoir,Lake Zaysan,4208.0,Kazakhstan,1,Asia,48.7253,83.4351,Q216621,Calculated from Natural Earth outlines
Lake,Alkaline Lake,Great Salt Lake,4115.2,United States,1,North America,41.184,-112.5767,Q178741,Calculated from Natural Earth outlines
Lake,Reservoir,Bratsk Reservoir,4097.0,Russia,1,Europe,54.7367,103.1092,Q899803,Calculated from Natural Earth outlines
Lake,Lake,Lake Khanka,4045.4,"China, Russia",2,"Asia, Europe",44.9369,132.4325,Q201843,Calculated from Natural Earth outlines
Lake,Lake,Dubawnt Lake,3854.6,Canada,1,North America,63.1203,-101.6565,Q1262967,Calculated from Natural Earth outlines
Lake,Alkaline Lake,Lagoa Mirim,3842.6,"Brazil, Uruguay",2,South America,-32.8796,-53.2385,Q876280,Calculated from Natural Earth outlines
Lake,Alkaline Lake,Sarygamysh Köli,3815.8,"Turkmenistan, Uzbekistan",2,Asia,41.9396,57.3736,Q257416,Calculated from Natural Earth outlines
Lake,Lake,North Channel,3685.9,"Canada, United States",2,North America,46.0432,-82.901,Q2000567,Calculated from Natural Earth outlines
Lake,Reservoir,Represa de Tucuruí,3590.6,Brazil,1,South America,-4.6032,-49.4879,Q3215567,Calculated from Natural Earth outlines
Lake,Alkaline Lake,Lake Mackay,3585.1,Australia,1,Oceania,-22.3329,128.7941,Q1074063,Calculated from Natural Earth outlines
Lake,Reservoir,Lake Nasser,3566.0,"Egypt, Sudan",2,Africa,22.797,32.5798,Q182796,Calculated from Natural Earth outlines
Lake,Alkaline Lake,Lake Van,3506.2,Turkey,1,Asia,38.6573,42.8161,Q126307,Calculated from Natural Earth outlines
Lake,Lake,North Aral Sea,3418.8,Kazakhstan,1,Asia,46.4336,60.6343,Q3358037,Calculated from Natural Earth outlines
Lake,Lake,South Aral Sea,3399.5,"Kazakhstan, Uzbekistan",2,Asia,45.2141,58.5268,Q276776,Calculated from Natural Earth outlines
Lake,Alkaline Lake,Uvs Nuur,3313.5,"Mongolia, Russia",2,"Asia, Europe",50.3396,92.7686,Q81150,Calculated from Natural Earth outlines
Lake,Reservoir,Zeya Reservoir,3284.1,Russia,1,Europe,54.3075,127.7024,Q2576979,Calculated from Natural Earth outlines
Lake,Lake,Lake Tana,3141.2,Ethiopia,1,Africa,11.9617,37.2791,Q116685,Calculated from Natural Earth outlines
Lake,Lake,Amadjuak Lake,3132.6,Canada,1,North America,64.9966,-71.1649,Q452088,Calculated from Natural Earth outlines
Lake,Reservoir,Tsimlyansk Reservoir,3065.7,Russia,1,Europe,48.5215,43.4528,Q203536,Calculated from Natural Earth outlines
Lake,Reservoir,Cedar Lake,2943.4,Canada,1,North America,53.3364,-100.4589,Q1052532,Calculated from Natural Earth outlines
Lake,Reservoir,Réservoir de La Grande 2,2906.1,Canada,1,North America,53.8381,-76.624,Q22617464,Calculated from Natural Earth outlines
Lake,Lake,Saginaw Bay,2865.3,United States,1,North America,43.9878,-83.5551,Q2211837,Calculated from Natural Earth outlines
Lake,Alkaline Lake,Alakol,2840.9,Kazakhstan,1,Asia,46.1165,81.7118,Q310547,Calculated from Natural Earth outlines
Lake,Lake,Lake Mistassini,2828.5,Canada,1,North America,50.7149,-73.8379,Q1458051,Calculated from Natural Earth outlines
Lake,Lake,Khövsgöl Nuur,2774.1,Mongolia,1,Asia,51.0302,100.4888,Q192215,Calculated from Natural Earth outlines
Lake,Lake,Lake Peipus,2767.7,"Estonia, Russia",2,Europe,58.6282,27.4899,Q19253,Calculated from Natural Earth outlines
Lake,Lake,Iliamna Lake,2692.5,United States,1,North America,59.5598,-155.1949,Q965436,Calculated from Natural Earth outlines
Lake,Alkaline Lake,Lake Frome,2579.2,Australia,1,Oceania,-30.6798,139.8003,Q626907,Calculated from Natural Earth outlines
Lake,Lake,Tonlé Sap,2538.0,Cambodia,1,Asia,12.8182,104.0284,Q199938,Calculated from Natural Earth outlines
Lake,Lake,Churchill Lake,2537.2,Canada,1,North America,56.1689,-108.3208,Q1089891,Calculated from Natural Earth outlines
Lake,Lake,Tai Hu,2507.1,China,1,Asia,31.2373,120.1376,Q140712,Calculated from Natural Earth outlines
Lake,Lake,Wollaston Lake,2415.3,Canada,1,North America,58.1189,-103.3403,Q1640500,Calculated from Natural Earth outlines
Lake,Reservoir,Represa Itaipu,2413.2,"Brazil, Paraguay",2,South America,-24.7565,-54.3951,Q10315670,Calculated from Natural Earth outlines
Lake,Lake,Lake Kivu,2404.5,"Democratic Republic of the Congo, Rwanda",2,Africa,-2.0306,29.2385,Q125912,Calculated from Natural Earth outlines
Lake,Lake,Nueltin Lake,2390.9,Canada,1,North America,60.2291,-99.4266,Q1514307,Calculated from Natural Earth outlines
Lake,Reservoir,Southern Indian Lake,2381.9,Canada,1,North America,57.1565,-98.285,Q1888211,Calculated from Natural Earth outlines
Lake,Reservoir,Lac de Kossou,2364.8,Ivory Coast,1,Africa,7.5255,-5.6607,Q267679,Calculated from Natural Earth outlines
Lake,Lake,Hulun Nuur,2355.3,China,1,Asia,48.9608,117.4007,Q537374,Calculated from Natural Earth outlines
Lake,Lake,Hongze Hu,2350.2,China,1,Asia,33.2572,118.5692,Q31845950,Calculated from Natural Earth outlines
Lake,Alkaline Lake,Syvash,2344.8,"Russia, Ukraine",2,Europe,45.767,34.8469,,Calculated from Natural Earth outlines
Lake,Reservoir,Réservoir de La Grande 3,2243.9,Canada,1,North America,53.683,-75.0939,Q2179011,Calculated from Natural Earth outlines
Lake,Lake,Lake Edward,2209.7,"Democratic Republic of the Congo, Uganda",2,Africa,-0.3827,29.5934,Q125211,Calculated from Natural Earth outlines
Lake,Alkaline Lake,Aydar Ko‘l,2173.4,"Kazakhstan, Uzbekistan",2,Asia,40.7794,67.4338,Q280771,Calculated from Natural Earth outlines
Lake,Reservoir,Réservoir Manicouagan,2121.3,Canada,1,North America,51.3444,-68.375,Q756106,Calculated from Natural Earth outlines
Lake,Lake,Lake Bangweulu,2116.5,Zambia,1,Africa,-11.1427,29.7661,Q673169,Calculated from Natural Earth outlines
Lake,Alkaline Lake,Mar Chiquita,2100.2,Argentina,1,South America,-30.7281,-62.5706,Q21837060,Calculated from Natural Earth outlines
Lake,Alkaline Lake,Lake Barlee,2098.7,Australia,1,Oceania,-29.2305,119.2733,Q1465138,Calculated from Natural Earth outlines
Lake,Lake,Poyang Hu,2075.4,China,1,Asia,29.2634,116.0599,Q207690,Calculated from Natural Earth outlines
Lake,Reservoir,Kakhovka Reservoir,2051.3,Ukraine,1,Europe,47.3428,34.0675,Q1540436,Calculated from Natural Earth outlines
Lake,Reservoir,Kama Reservoir,2043.6,Russia,1,Europe,58.803,56.2757,Q631189,Calculated from Natural Earth outlines
Lake,Lake,Lake Chany,2040.8,Russia,1,Europe,54.83,76.9775,Q1520895,Calculated from Natural Earth outlines
Lake,Lake,Lac Mai-Ndombe,1991.5,Democratic Republic of the Congo,1,Africa,-2.1349,18.3545,Q683100,Calculated from Natural Earth outlines
Lake,Alkaline Lake,IJsselmeer,1969.5,The Netherlands,1,Europe,52.667,5.4224,Q4121,Calculated from Natural Earth outlines
Lake,Lake,Vättern,1957.7,Sweden,1,Europe,58.3303,14.4727,Q188195,Calculated from Natural Earth outlines
Lake,Lake,McLeod Bay,1946.2,Canada,1,North America,62.6694,-111.3529,,Calculated from Natural Earth outlines
Lake,Lake,Whitefish Bay,1945.9,"Canada, United States",2,North America,46.7139,-84.7869,Q12341531,Calculated from Natural Earth outlines
Lake,Lake,Lake Rukwa,1937.5,Tanzania,1,Africa,-7.8491,32.073,Q1143935,Calculated from Natural Earth outlines
Lake,Reservoir,Lake Oahe,1926.5,United States,1,North America,45.5793,-100.4859,Q474408,Calculated from Natural Earth outlines
Lake,Reservoir,Kremenchuk Reservoir,1903.1,Ukraine,1,Europe,49.2876,32.7264,Q1431500,Calculated from Natural Earth outlines
Lake,Lake,Lago Buenos Aires,1899.5,"Argentina, Chile",2,South America,-46.6559,-72.5082,Q503842,Calculated from Natural Earth outlines
Lake,Lake,Nam Co,1878.0,China,1,Asia,30.7254,90.582,Q651294,Calculated from Natural Earth outlines
Lake,Reservoir,Represa Furnas,1868.4,Brazil,1,South America,-21.0303,-45.8786,Q22048562,Calculated from Natural Earth outlines
Lake,Reservoir,Professor Doctor Ingenieur W. J. Van Blommestein Meer,1847.0,Suriname,1,South America,4.7311,-55.1117,Q926100,Calculated from Natural Earth outlines
Lake,Lake,Aberdeen Lake,1845.4,Canada,1,North America,64.5877,-99.4508,Q319492,Calculated from Natural Earth outlines
Lake,Lake,Baker Lake,1823.0,Canada,1,North America,64.1269,-94.9168,Q1391737,Calculated from Natural Earth outlines
Lake,Lake,Mälaren,1816.1,Sweden,1,Europe,59.5222,16.8493,Q184492,Calculated from Natural Earth outlines
Lake,Reservoir,Lake Argyle,1811.8,Australia,1,Oceania,-16.4322,128.6913,Q1757739,Calculated from Natural Earth outlines
Lake,Alkaline Lake,Laguna Madre,1747.1,Mexico,1,North America,24.6484,-97.6572,,Calculated from Natural Earth outlines
Lake,Lake,Lac la Martre,1735.9,Canada,1,North America,63.343,-118.2591,Q1516443,Calculated from Natural Earth outlines
Lake,Lake,Lake Kyoga,1729.4,Uganda,1,Africa,1.4946,32.8906,Q124978,Calculated from Natural Earth outlines
Lake,Reservoir,Volgograd Reservoir,1657.4,Russia,1,Europe,51.0399,46.0126,Q1500709,Calculated from Natural Earth outlines
Lake,Reservoir,Williston Lake,1657.1,Canada,1,North America,55.9614,-123.9133,Q967775,Calculated from Natural Earth outlines
Lake,Reservoir,Réservoir Gouin,1655.4,Canada,1,North America,48.5425,-74.6029,Q1540136,Calculated from Natural Earth outlines
Lake,Reservoir,Krasnoyarsk Reservoir,1650.8,Russia,1,Europe,54.6116,91.0345,Q1786720,Calculated from Natural Earth outlines
Lake,Reservoir,Lake Sakakawea,1631.2,United States,1,North America,47.8231,-102.316,Q1801077,Calculated from Natural Earth outlines
Lake,Lake,Inarijrvi,1619.3,Finland,1,Europe,69.0687,27.8959,Q203137,Calculated from Natural Earth outlines
Lake,Lake,Lake Okeechobee,1584.5,United States,1,North America,26.9418,-80.8462,Q202905,Calculated from Natural Earth outlines
Lake,Lake,Siling Co,1577.0,China,1,Asia,31.7489,88.9446,Q1404973,Calculated from Natural Earth outlines
Lake,Alkaline Lake,Lake Tuz,1565.4,Turkey,1,Asia,38.8251,33.3122,Q211823,Calculated from Natural Earth outlines
Lake,Reservoir,Lago Rincón del Bonete,1562.1,Uruguay,1,South America,-32.7011,-56.0567,Q3276492,Calculated from Natural Earth outlines
Lake,Lake,Har Us Nuur,1553.6,Mongolia,1,Asia,48.0648,92.3493,Q1323267,Calculated from Natural Earth outlines
Lake,Alkaline Lake,Lago Poopó,1553.6,Bolivia,1,South America,-18.6139,-67.1814,Q464945,Calculated from Natural Earth outlines
Lake,Reservoir,Lago de Cahora Bassa,1551.2,Mozambique,1,Africa,-15.6885,32.0633,Q755015,Calculated from Natural Earth outlines
Lake,Reservoir,Buhayrat ath Tharthar,1547.7,Iraq,1,Asia,34.0242,43.2225,Q1640519,Calculated from Natural Earth outlines
Lake,Reservoir,Khantayskoye Reservoir,1527.0,Russia,1,Europe,68.074,87.7632,Q233071,Calculated from Natural Earth outlines
Lake,Alkaline Lake,Lake Carnegie,1521.1,Australia,1,Oceania,-26.2611,122.9978,Q3214793,Calculated from Natural Earth outlines
Lake,Reservoir,Lac Seul,1516.9,Canada,1,North America,50.4541,-92.8722,Q958928,Calculated from Natural Earth outlines
Lake,Reservoir,Repressa de Jupia,1495.6,Brazil,1,South America,-20.102,-51.0027,,Calculated from Natural Earth outlines
Lake,Lake,Yathkyed Lake,1488.4,Canada,1,North America,62.6973,-97.9757,Q1888261,Calculated from Natural Earth outlines
Lake,Lake,Cree Lake,1483.5,Canada,1,North America,57.4696,-106.3567,Q945023,Calculated from Natural Earth outlines
Lake,Lake,Lake Claire,1478.9,Canada,1,North America,58.564,-112.0281,Q1534419,Calculated from Natural Earth outlines
Lake,Lake,Contwoyto Lake,1469.5,Canada,1,North America,65.4327,-110.3363,Q917094,Calculated from Natural Earth outlines
Lake,Lake,Kasba Lake,1463.1,Canada,1,North America,60.2872,-102.2113,Q719538,Calculated from Natural Earth outlines
Lake,Lake,Lago Argentino,1454.3,"Argentina, Chile",2,South America,-50.3182,-73.035,Q753898,Calculated from Natural Earth outlines
Lake,Lake,Lac la Ronge,1445.4,Canada,1,North America,55.1161,-104.9577,Q250257,Calculated from Natural Earth outlines
Lake,Reservoir,Bariri,1430.9,Brazil,1,South America,-21.4489,-49.5055,Q22072128,Calculated from Natural Earth outlines
Lake,Alkaline Lake,Tengiz Köli,1429.0,Kazakhstan,1,Asia,50.4493,68.9187,Q931708,Calculated from Natural Earth outlines
Lake,Alkaline Lake,Lake Razazah,1425.5,Iraq,1,Asia,32.8102,43.572,Q2007652,Calculated from Natural Earth outlines
Lake,Reservoir,Lake Kovdozero,1399.9,Russia,1,Europe,66.6992,32.1919,Q240398,Calculated from Natural Earth outlines
Lake,Lake,Lake Sevan,1378.6,Armenia,1,Asia,40.3788,45.3627,Q181932,Calculated from Natural Earth outlines
Lake,Lake,Garry Lake,1374.5,Canada,1,North America,65.9612,-99.3611,Q1494524,Calculated from Natural Earth outlines
Lake,Reservoir,Represa Iepe,1356.5,Brazil,1,South America,-22.8096,-50.9495,,Calculated from Natural Earth outlines
Lake,Alkaline Lake,Khyargas Nuur,1354.3,Mongolia,1,Asia,49.1455,93.3736,Q1125601,Calculated from Natural Earth outlines
Lake,Lake,Lake Vygozero,1348.4,Russia,1,Europe,63.3852,35.1289,Q1315765,Calculated from Natural Earth outlines
Lake,Reservoir,Represa Três Marias,1348.1,Brazil,1,South America,-18.6224,-45.223,Q1457581,Calculated from Natural Earth outlines
Lake,Lake,Lac-à-l'Eau-Claire,1347.3,Canada,1,North America,56.1373,-74.505,Q1699973,Calculated from Natural Earth outlines
Lake,Lake,Lake Bienville,1309.4,Canada,1,North America,55.1088,-72.7709,Q1496993,Calculated from Natural Earth outlines
Lake,Reservoir,Ust-Ilimsk Reservoir,1299.9,Russia,1,Europe,57.4548,102.3913,Q1973182,Calculated from Natural Earth outlines
Lake,Alkaline Lake,Lake Moore,1288.6,Australia,1,Oceania,-29.8459,117.4618,Q21886613,Calculated from Natural Earth outlines
Lake,Lake,Lake Chad,1288.2,"Cameroon, Chad",2,Africa,13.0627,14.536,Q125309,Calculated from Natural Earth outlines
Lake,Lake,Wholdaia Lake,1281.2,Canada,1,North America,60.668,-104.2689,Q1606564,Calculated from Natural Earth outlines
Lake,Alkaline Lake,Lake Eyre South,1278.3,Australia,1,Oceania,-29.3056,137.3992,Q21890578,Calculated from Natural Earth outlines
Lake,Alkaline Lake,Lake Everard,1265.6,Australia,1,Oceania,-31.3011,135.1172,Q21890550,Calculated from Natural Earth outlines
Lake,Reservoir,Saratov Reservoir,1253.2,Russia,1,Europe,52.6198,48.3108,Q1431535,Calculated from Natural Earth outlines
Lake,Lake,Lake Champlain,1249.3,"Canada, United States",2,North America,44.4161,-73.3245,Q68467,Calculated from Natural Earth outlines
Lake,Reservoir,Embalse de Guri,1242.0,Venezuela,1,South America,7.2967,-62.7772,Q5830486,Calculated from Natural Earth outlines
Lake,Alkaline Lake,Lake Disappointment,1236.3,Australia,1,Oceania,-23.4791,122.7725,Q1638191,Calculated from Natural Earth outlines
Lake,Reservoir,Kainji Reservoir,1233.0,Nigeria,1,Africa,10.2543,4.5655,Q770141,Calculated from Natural Earth outlines
Lake,Lake,Pyhäjärvi,1222.5,Finland,1,Europe,60.9818,22.2753,Q545559,Calculated from Natural Earth outlines
Lake,Reservoir,Cheboksary Reservoir,1220.1,Russia,1,Europe,56.2543,46.1411,Q571123,Calculated from Natural Earth outlines
Lake,Reservoir,Oulujärvi,1217.5,Finland,1,Europe,64.3324,27.1348,Q580019,Calculated from Natural Earth outlines
Lake,Lake,Lesser Slave Lake,1195.1,Canada,1,North America,55.4505,-115.74,Q956201,Calculated from Natural Earth outlines
Lake,Reservoir,Gorky Reservoir,1175.1,Russia,1,Europe,57.1662,43.0739,Q952975,Calculated from Natural Earth outlines
Lake,Lake,Rainy Lake,1165.9,"Canada, United States",2,North America,48.6451,-93.1151,Q202019,Calculated from Natural Earth outlines
Lake,Lake,Pielinen,1160.5,Finland,1,Europe,63.1577,29.9005,Q845891,Calculated from Natural Earth outlines
Lake,Lake,Lake Saint Clair,1147.9,"Canada, United States",2,North America,42.5041,-82.6838,Q736707,Calculated from Natural Earth outlines
Lake,Lake,Danau Toba,1144.1,Indonesia,1,Asia,2.6158,98.9022,Q183360,Calculated from Natural Earth outlines
Lake,Lake,Island Lake,1130.5,Canada,1,North America,53.8521,-94.2476,Q179505,Calculated from Natural Earth outlines
Lake,Alkaline Lake,Lake Abaya,1120.8,Ethiopia,1,Africa,6.3104,37.9454,Q304933,Calculated from Natural Earth outlines
Lake,Reservoir,Votkinsk Reservoir,1118.1,Russia,1,Europe,57.3211,55.2831,Q779468,Calculated from Natural Earth outlines
Lake,Reservoir,Réservoir de Caniapiscau,1113.8,Canada,1,North America,54.1672,-69.8719,Q1033302,Calculated from Natural Earth outlines
Lake,Lake,Gods Lake,1105.2,Canada,1,North America,54.6295,-94.3828,Q1533897,Calculated from Natural Earth outlines
Lake,Lake,Pääjärvi,1101.2,Russia,1,Europe,66.1674,30.7884,Q1458409,Calculated from Natural Earth outlines
Lake,Lake,Lake Beloye,1100.8,Russia,1,Europe,60.2024,37.6251,Q953140,Calculated from Natural Earth outlines
Lake,Reservoir,Represa de São Simão,1095.4,Brazil,1,South America,-18.6637,-50.1982,,Calculated from Natural Earth outlines
Lake,Reservoir,Novosibirsk Reservoir,1086.6,Russia,1,Europe,54.3667,82.0083,Q1542594,Calculated from Natural Earth outlines
Lake,Lake,Lago Viedma,1080.7,Argentina,1,South America,-49.597,-72.6438,Q918713,Calculated from Natural Earth outlines
Lake,Lake,Napaktulik,1077.5,Canada,1,North America,66.2775,-113.2702,Q1546823,Calculated from Natural Earth outlines
Lake,Lake,Aylmer Lake,1075.8,Canada,1,North America,64.1759,-108.4824,Q793085,Calculated from Natural Earth outlines
Lake,Alkaline Lake,Lake Eyasi,1072.2,Tanzania,1,Africa,-3.5779,35.128,Q1291135,Calculated from Natural Earth outlines
Lake,Alkaline Lake,Lake Amadeus,1065.1,Australia,1,Oceania,-24.7484,130.8708,Q584201,Calculated from Natural Earth outlines
Lake,Lake,Ozero Khantayskoye,1052.3,Russia,1,Europe,68.3974,91.7,Q233071,Calculated from Natural Earth outlines
Lake,Reservoir,Lac Saint-Jean,1051.7,Canada,1,North America,48.602,-72.0333,Q979922,Calculated from Natural Earth outlines
Lake,Lake,Lago San Martín,1045.9,"Argentina, Chile",2,South America,-48.7766,-72.8901,Q2005708,Calculated from Natural Earth outlines
Lake,Reservoir,Fort Peck Lake,1043.0,United States,1,North America,47.6933,-106.9379,Q4492006,Calculated from Natural Earth outlines
Lake,Lake,Lake Topozero,1039.8,Russia,1,Europe,65.6417,32.1542,Q709323,Calculated from Natural Earth outlines
Lake,Lake,Lago de Managua,1037.9,Nicaragua,1,North America,12.3374,-86.3992,Q21052208,Calculated from Natural Earth outlines
Lake,Alkaline Lake,Lake Carey,1030.6,Australia,1,Oceania,-29.1213,122.3303,Q6475174,Calculated from Natural Earth outlines
Lake,Lake,Trout Lake,1030.3,Canada,1,North America,51.1659,-93.2519,Q1638242,Calculated from Natural Earth outlines
Lake,Lake,Lago de Chapala,1028.9,Mexico,1,North America,20.2173,-103.0433,Q318350,Calculated from Natural Earth outlines
Lake,Reservoir,Lake Abitibi,1022.6,Canada,1,North America,48.7016,-79.5713,Q321534,Calculated from Natural Earth outlines
Lake,Reservoir,Represa Porto Primavera,1011.8,Brazil,1,South America,-21.9472,-52.3358,,Calculated from Natural Earth outlines
Lake,Lake,Bosten Hu,1004.2,China,1,Asia,41.9788,87.0638,Q611206,Calculated from Natural Earth outlines
Lake,Reservoir,Lake Imandra,998.6,Russia,1,Europe,67.6443,31.7177,Q265997,Calculated from Natural Earth outlines
Lake,Reservoir,Lac de Buyo,994.5,Ivory Coast,1,Africa,6.6392,-6.9841,Q4809051,Calculated from Natural Earth outlines
Lake,Reservoir,Represa Agua Vermetha,973.3,Brazil,1,South America,-19.9567,-49.8731,Q22072124,Calculated from Natural Earth outlines
Lake,Lake,Point Lake,964.8,Canada,1,North America,65.3167,-113.6448,Q1233362,Calculated from Natural Earth outlines
Lake,Lake,Nonacho Lake,947.1,Canada,1,North America,61.8575,-109.1092,Q733206,Calculated from Natural Earth outlines
Lake,Reservoir,Nizhnekamsk Reservoir,943.5,Russia,1,Europe,55.8635,52.6476,Q1425346,Calculated from Natural Earth outlines
Lake,Alkaline Lake,Har Nuur,940.2,Mongolia,1,Asia,47.8989,93.2704,Q1445991,Calculated from Natural Earth outlines
Lake,Reservoir,Kapchagay Reservoir,935.3,Kazakhstan,1,Asia,43.8487,77.6324,Q1112158,Calculated from Natural Earth outlines
Lake,Lake,Hottah Lake,932.4,Canada,1,North America,65.0388,-118.5952,Q1631233,Calculated from Natural Earth outlines
Lake,Alkaline Lake,Lake Hammar,928.3,Iraq,1,Asia,30.7881,47.0709,Q2668029,Calculated from Natural Earth outlines
Lake,Lake,Lake Nipissing,909.9,Canada,1,North America,46.2533,-79.8436,Q1356838,Calculated from Natural Earth outlines
Lake,Reservoir,Réservoir Pipmuacan,909.4,Canada,1,North America,49.6199,-70.4408,Q1471254,Calculated from Natural Earth outlines
Lake,Lake,Laguna de Bay,908.8,Philippines,1,Asia,14.3505,121.2078,Q47136,Calculated from Natural Earth outlines
Lake,Reservoir,Réservoir Outardes Quatre,905.8,Canada,1,North America,50.2219,-69.316,,Calculated from Natural Earth outlines
Lake,Reservoir,Lake Il'Men',897.3,Russia,1,Europe,58.3153,31.3177,Q203462,Calculated from Natural Earth outlines
Lake,Alkaline Lake,Lake Cowan,881.0,Australia,1,Oceania,-31.8402,121.8399,Q17347103,Calculated from Natural Earth outlines
Lake,Lake,Teshekpuk Lake,870.5,United States,1,North America,70.6031,-153.5225,Q3518981,Calculated from Natural Earth outlines
Lake,Lake,Lake Segozerskoye,869.0,Russia,1,Europe,63.3452,33.6675,Q1416209,Calculated from Natural Earth outlines
Lake,Reservoir,Presa de la Angostura,864.3,Mexico,1,North America,16.1229,-92.5489,,Calculated from Natural Earth outlines
Lake,Lake,Ozero Pyasino,862.7,Russia,1,Europe,69.788,87.7774,Q1535541,Calculated from Natural Earth outlines
Lake,Lake,Lago Llanquihue,854.8,Chile,1,South America,-41.134,-72.8253,Q826464,Calculated from Natural Earth outlines
Lake,Alkaline Lake,Dead Sea,852.7,"Israel, Jordan",2,Asia,31.1667,35.4497,Q23883,Calculated from Natural Earth outlines
Lake,Lake,Gaoyou Hu,846.8,China,1,Asia,32.9465,119.335,Q630331,Calculated from Natural Earth outlines
Lake,Reservoir,Lake Powell,841.6,United States,1,North America,37.4239,-110.6902,Q667507,Calculated from Natural Earth outlines
Lake,Alkaline Lake,Salton Sea,840.5,United States,1,North America,33.3055,-115.7568,Q503301,Calculated from Natural Earth outlines
Lake,Lake,Clinton-Colden Lake,835.6,Canada,1,North America,63.9387,-107.4517,Q1101640,Calculated from Natural Earth outlines
Lake,Reservoir,Presa del Infiernillo,829.8,Mexico,1,North America,18.5816,-101.8243,,Calculated from Natural Earth outlines
Lake,Lake,Lake Pskov,829.5,"Estonia, Russia",2,Europe,58.048,27.845,Q1144905,Calculated from Natural Earth outlines
Lake,Reservoir,Embalse Ezequiel Ramos Mexia,819.1,Argentina,1,South America,-39.4644,-69.0239,Q21842470,Calculated from Natural Earth outlines
Lake,Reservoir,Toledo Bend Reservoir,810.0,United States,1,North America,31.5852,-93.8042,Q7330278,Calculated from Natural Earth outlines
Lake,Reservoir,Barragem Itumbiara,809.8,Brazil,1,South America,-18.2743,-48.8576,,Calculated from Natural Earth outlines
Lake,Lake,Tangra Yumco,798.9,China,1,Asia,31.0707,86.5751,Q659377,Calculated from Natural Earth outlines
Lake,Lake,Lago Colhué Huapí,793.1,Argentina,1,South America,-45.4627,-68.9004,Q21842912,Calculated from Natural Earth outlines
Lake,Lake,Chao Hu,788.3,China,1,Asia,31.5817,117.4167,Q1062495,Calculated from Natural Earth outlines
Lake,Reservoir,Lake Mead,786.8,United States,1,North America,36.2094,-114.0135,Q654515,Calculated from Natural Earth outlines
Lake,Reservoir,Cabonga Reservoir,784.8,Canada,1,North America,47.378,-76.6261,Q1328792,Calculated from Natural Earth outlines
Lake,Reservoir,Danjiangkou Shuiku,771.9,China,1,Asia,32.787,111.5656,Q28798322,Calculated from Natural Earth outlines
Lake,Lake,Dongting Hu,771.0,China,1,Asia,28.9202,112.1668,Q216083,Calculated from Natural Earth outlines
Lake,Lake,Lac Minto,769.1,Canada,1,North America,57.311,-74.7323,Q546661,Calculated from Natural Earth outlines
Lake,Lake,Lake Sasykkol,751.6,Kazakhstan,1,Asia,46.5824,80.995,Q2039551,Calculated from Natural Earth outlines
Lake,Alkaline Lake,Chew Bahir,751.3,Ethiopia,1,Africa,4.6936,36.8748,Q662811,Calculated from Natural Earth outlines
Lake,Reservoir,Keban Baraji,733.9,Turkey,1,Asia,38.836,39.2857,,Calculated from Natural Earth outlines
Lake,Lake,Lake Simcoe,732.1,Canada,1,North America,44.4977,-79.3184,Q366985,Calculated from Natural Earth outlines
Lake,Lake,Lac Tumba,731.9,Democratic Republic of the Congo,1,Africa,-0.8187,18.0201,Q1324212,Calculated from Natural Earth outlines
Lake,Lake,Lago de Izabal,730.7,Guatemala,1,North America,15.5798,-89.0612,Q138637,Calculated from Natural Earth outlines
Lake,Reservoir,Represa Itarare,729.7,Brazil,1,South America,-23.3649,-49.7053,,Calculated from Natural Earth outlines
Lake,Reservoir,Hinakud Dam,727.3,India,1,Asia,21.6332,83.796,,Calculated from Natural Earth outlines
Lake,Lake,Ozero Lama,726.6,Russia,1,Europe,69.4715,91.0354,Q1460034,Calculated from Natural Earth outlines
Lake,Lake,Scott Lake,712.6,Canada,1,North America,60.022,-106.0149,Q7359166,Calculated from Natural Earth outlines
Lake,Alkaline Lake,Lake Wells,707.8,Australia,1,Oceania,-26.9171,123.3837,Q21882542,Calculated from Natural Earth outlines
Lake,Lake,Ozero Kulundinskoye,704.9,Russia,1,Europe,52.9811,79.5951,Q731761,Calculated from Natural Earth outlines
Lake,Lake,Big Trout Lake,675.3,Canada,1,North America,53.7825,-90.0228,Q859461,Calculated from Natural Earth outlines
Lake,Reservoir,Buhayrat al-Assad,675.0,Syria,1,Asia,36.0571,38.0874,Q979315,Calculated from Natural Earth outlines
Lake,Lake,Selwyn Lake,675.0,Canada,1,North America,60.0741,-104.4824,Q671712,Calculated from Natural Earth outlines
Lake,Lake,Yamzho Yumco,670.3,China,1,Asia,28.9894,90.8968,Q939604,Calculated from Natural Earth outlines
Lake,Reservoir,Barra Bonita,669.6,Brazil,1,South America,-23.3431,-48.6278,Q22072127,Calculated from Natural Earth outlines
Lake,Lake,Grand Lake,663.1,Canada,1,North America,49.0053,-57.3413,Q1275436,Calculated from Natural Earth outlines
Lake,Lake,Biwa Ko,661.8,Japan,1,Asia,35.2462,136.0945,Q200239,Calculated from Natural Earth outlines
Lake,Lake,Lake Sakami,659.5,Canada,1,North America,53.2248,-76.7709,Q1799611,Calculated from Natural Earth outlines
Lake,Lake,Lake Naococane,656.1,Canada,1,North America,52.8299,-70.6348,Q3215083,Calculated from Natural Earth outlines
Lake,Alkaline Lake,Lake Ballard,654.8,Australia,1,Oceania,-29.4479,120.8116,Q7358147,Calculated from Natural Earth outlines
Lake,Reservoir,Ataturk Barajt,652.6,Turkey,1,Asia,37.6583,38.8053,,Calculated from Natural Earth outlines
Lake,Lake,Lynx Lake,652.1,Canada,1,North America,62.3224,-106.0266,Q4262256,Calculated from Natural Earth outlines
Lake,Lake,Beyşehir,651.9,Turkey,1,Asia,37.7896,31.5082,Q369923,Calculated from Natural Earth outlines
Lake,Lake,Siletitengiz Kli,649.8,Kazakhstan,1,Asia,53.2329,73.2831,Q4244492,Calculated from Natural Earth outlines
Lake,Reservoir,Kiev Reservoir,649.0,Ukraine,1,Europe,50.9077,30.4989,Q1425651,Calculated from Natural Earth outlines
Lake,Lake,Lake St. Joseph,647.7,Canada,1,North America,51.0555,-90.7299,Q659225,Calculated from Natural Earth outlines
Lake,Lake,Lower Red Lake,641.9,United States,1,North America,47.9871,-95.0182,Q1320568,Calculated from Natural Earth outlines
Lake,Lake,Lake Srednye Kuyto,619.2,Russia,1,Europe,65.0393,30.7384,,Calculated from Natural Earth outlines
Lake,Lake,Ayakkum Hu,613.4,China,1,Asia,37.5544,89.3516,Q631714,Calculated from Natural Earth outlines
Lake,Lake,Lago de  Erepecu,611.4,Brazil,1,South America,-1.5335,-56.1573,Q22024948,Calculated from Natural Earth outlines
Lake,Reservoir,Toktogul Suu Saktagychy,611.1,Kyrgyzstan,1,Asia,41.7958,72.956,Q16508570,Calculated from Natural Earth outlines
Lake,Lake,Tathlina Lake,606.6,Canada,1,North America,60.5567,-117.5204,Q1630256,Calculated from Natural Earth outlines
Lake,Lake,Buyr Nuur,605.1,"China, Mongolia",2,Asia,47.8231,117.7107,Q715788,Calculated from Natural Earth outlines
Lake,Lake,Ngoring Hu,603.5,China,1,Asia,34.9361,97.6888,Q847864,Calculated from Natural Earth outlines
Lake,Lake,Lake Taupo,603.3,New Zealand,1,Oceania,-38.8055,175.9376,Q199903,Calculated from Natural Earth outlines
Lake,Lake,Ebinur Hu,601.2,China,1,Asia,44.8644,82.9431,Q31845317,Calculated from Natural Earth outlines
Lake,Lake,Black Lake,596.2,Canada,1,North America,59.0997,-105.6437,Q880358,Calculated from Natural Earth outlines
Lake,Reservoir,Paduskoye More,590.6,Russia,1,Europe,68.3962,30.8678,,Calculated from Natural Earth outlines
Lake,Reservoir,Xinanjiang Shuiku,587.1,China,1,Asia,29.6078,118.9887,,Calculated from Natural Earth outlines
Lake,Reservoir,Shardara Bgeni,586.5,"Kazakhstan, Uzbekistan",2,Asia,41.1349,68.1573,,Calculated from Natural Earth outlines
Lake,Lake,Ozero Krasnoye,583.6,Russia,1,Europe,64.5701,174.6937,Q1786723,Calculated from Natural Earth outlines
Lake,Lake,Ozero Keta,578.0,Russia,1,Europe,68.7792,89.9562,Q1739872,Calculated from Natural Earth outlines
Lake,Reservoir,Lake Diefenbaker,575.1,Canada,1,North America,50.9464,-106.8981,Q399604,Calculated from Natural Earth outlines
Lake,Lake,Lake Kwania,574.1,Uganda,1,Africa,1.74,32.7172,Q487953,Calculated from Natural Earth outlines
Lake,Reservoir,Lac Bermen,572.4,Canada,1,North America,53.7386,-68.8383,Q6474964,Calculated from Natural Earth outlines
Lake,Reservoir,Mingevir Reservoir,564.6,"Azerbaijan, Georgia",2,Asia,40.9157,46.6118,Q1859076,Calculated from Natural Earth outlines
Lake,Lake,Lac Île-à-la-Crosse,560.9,Canada,1,North America,55.5675,-107.7636,Q6468085,Calculated from Natural Earth outlines
Lake,Reservoir,Kostroma Reservoir,557.4,Russia,1,Europe,57.7441,40.4212,Q4235571,Calculated from Natural Earth outlines
Lake,Reservoir,Roseires Reservoir,554.6,Sudan,1,Africa,11.547,34.4685,,Calculated from Natural Earth outlines
Lake,Lake,Lago Nahuel Huapí,553.9,Argentina,1,South America,-40.9374,-71.5518,Q498371,Calculated from Natural Earth outlines
Lake,Alkaline Lake,Lake Natron,553.9,"Kenya, Tanzania",2,Africa,-2.3482,36.037,Q838080,Calculated from Natural Earth outlines
Lake,Lake,Ozero Labaz,551.2,Russia,1,Europe,72.3008,99.535,Q1799381,Calculated from Natural Earth outlines
Lake,Lake,Lake Payne,547.1,Canada,1,North America,59.433,-74.2977,Q1328159,Calculated from Natural Earth outlines
Lake,Lake,Lake Balaton,545.1,Hungary,1,Europe,46.8833,17.8228,Q6383,Calculated from Natural Earth outlines
Lake,Lake,Gyaring Hu,544.3,China,1,Asia,34.9307,97.2558,Q4128895,Calculated from Natural Earth outlines
Lake,Reservoir,Lokan Tekojarvi,541.8,Finland,1,Europe,67.9717,27.6401,Q1868580,Calculated from Natural Earth outlines
Lake,Lake,Lake Geneva,533.7,"Switzerland, France",2,Europe,46.3583,6.2557,Q6403,Calculated from Natural Earth outlines
Lake,Lake,Tehek Lake,525.4,Canada,1,North America,64.908,-95.634,Q1328351,Calculated from Natural Earth outlines
Lake,Lake,Ngangla Ringeo,521.1,China,1,Asia,31.5477,83.0338,Q4761833,Calculated from Natural Earth outlines
Lake,Reservoir,Nam Ngum Reservoir,516.8,Laos,1,Asia,18.603,102.6428,Q6132621,Calculated from Natural Earth outlines
Lake,Reservoir,Kaptai Lake,516.3,Bangladesh,1,Asia,22.755,92.2991,Q10995968,Calculated from Natural Earth outlines
Lake,Lake,Bluenose Lake,509.4,Canada,1,North America,68.5026,-119.7342,Q886010,Calculated from Natural Earth outlines
Lake,Lake,Storsjön,509.4,Sweden,1,Europe,63.0556,14.4051,Q629354,Calculated from Natural Earth outlines
Lake,Lake,Hjälmaren,508.6,Sweden,1,Europe,59.238,15.8289,Q211425,Calculated from Natural Earth outlines
Lake,Reservoir,Chao Nen Dam,504.1,Thailand,1,Asia,14.7171,99.0405,,Calculated from Natural Earth outlines
Lake,Lake,Lac Upemba,504.0,Democratic Republic of the Congo,1,Africa,-8.6193,26.3964,Q1051621,Calculated from Natural Earth outlines
Lake,Lake,Lake Winnebago,501.6,United States,1,North America,44.0277,-88.4233,Q1801110,Calculated from Natural Earth outlines
Lake,Reservoir,Sipiwesk Lac,498.4,Canada,1,North America,55.0887,-97.6535,Q10315644,Calculated from Natural Earth outlines
Lake,Lake,Laguna Iberá,494.7,Argentina,1,South America,-28.435,-57.137,Q21828387,Calculated from Natural Earth outlines
Lake,Reservoir,Kentucky Lake,492.3,United States,1,North America,36.4807,-88.0462,Q2781219,Calculated from Natural Earth outlines
Lake,Lake,Gyaring Co,490.2,China,1,Asia,31.1502,88.3586,Q12018576,Calculated from Natural Earth outlines
Lake,Lake,Mille Lacs Lake,489.3,United States,1,North America,46.2471,-93.6801,Q1600016,Calculated from Natural Earth outlines
Lake,Reservoir,Dozois Reservoir,488.5,Canada,1,North America,47.4793,-77.0335,Q1330203,Calculated from Natural Earth outlines
Lake,Lake,Lake Tahoe,485.4,United States,1,North America,39.0986,-120.0461,Q169962,Calculated from Natural Earth outlines
Lake,Lake,Upper Red Lake,476.0,United States,1,North America,48.1292,-94.7991,Q1320568,Calculated from Natural Earth outlines
Lake,Lake,Torneträsk,473.5,Sweden,1,Europe,68.1342,20.0757,Q215818,Calculated from Natural Earth outlines
Lake,Reservoir,Ogoki Reservoir,472.9,Canada,1,North America,50.7766,-88.1502,Q14638138,Calculated from Natural Earth outlines
Lake,Reservoir,Kinbasket Lake,470.3,Canada,1,North America,51.7651,-117.6321,Q317407,Calculated from Natural Earth outlines
Lake,Reservoir,Falcon Lake,466.8,"Mexico, United States",2,North America,26.8118,-99.2313,Q4967120,Calculated from Natural Earth outlines
Lake,Lake,Uddjaure,462.7,Sweden,1,Europe,66.0298,17.775,Q953206,Calculated from Natural Earth outlines
Lake,Lake,Marqakol,462.6,Kazakhstan,1,Asia,48.7464,85.7411,Q1299817,Calculated from Natural Earth outlines
Lake,Lake,Bodensee,460.3,"Austria, Switzerland, Germany",3,Europe,47.6552,9.3355,Q4127,Calculated from Natural Earth outlines
Lake,Alkaline Lake,Lake Neale,459.0,Australia,1,Oceania,-24.3242,129.9887,Q8878462,Calculated from Natural Earth outlines
Lake,Alkaline Lake,Qusmuryn Köli,458.9,Kazakhstan,1,Asia,52.7194,64.839,Q2454806,Calculated from Natural Earth outlines
Lake,Lake,Eğirdir,458.4,Turkey,1,Asia,38.0593,30.8922,Q1334148,Calculated from Natural Earth outlines
Lake,Lake,Flathead Lake,453.3,United States,1,North America,47.9017,-114.1048,Q1427364,Calculated from Natural Earth outlines
Lake,Lake,Liangzi Hu,450.3,China,1,Asia,30.2191,114.5955,Q7374197,Calculated from Natural Earth outlines
Lake,Reservoir,Obanbori Qayroqum,445.4,"Tajikistan, Uzbekistan",2,Asia,40.3343,70.1846,Q668883,Calculated from Natural Earth outlines
Lake,Lake,Ubinskoye Lake,443.3,Russia,1,Europe,55.4769,80.0393,Q1115650,Calculated from Natural Earth outlines
Lake,Lake,Lake Manyara,442.4,Tanzania,1,Africa,-3.5874,35.8049,Q577148,Calculated from Natural Earth outlines
Lake,Lake,Sandy Lake,440.7,Canada,1,North America,53.0444,-92.9201,Q1888921,Calculated from Natural Earth outlines
Lake,Alkaline Lake,Lake Goongarrie,440.4,Australia,1,Oceania,-29.7552,121.5285,Q21891300,Calculated from Natural Earth outlines
Lake,Lake,Lago Ranco,434.0,Chile,1,South America,-40.2028,-72.4146,Q1800398,Calculated from Natural Earth outlines
Lake,Reservoir,Lago Gatun,433.7,Panama,1,North America,9.1657,-79.8745,Q313637,Calculated from Natural Earth outlines
Lake,Reservoir,Ozero Kubenskoye,433.5,Russia,1,Europe,59.6664,39.4288,Q1463552,Calculated from Natural Earth outlines
Lake,Lake,Engozero,432.3,Russia,1,Europe,65.7458,33.4866,Q1342950,Calculated from Natural Earth outlines
Lake,Lake,Ngangzi Co,430.6,China,1,Asia,31.0184,87.1391,Q11087306,Calculated from Natural Earth outlines
Lake,Reservoir,Bloemhof Dam,430.3,South Africa,1,Africa,-27.6953,25.6771,,Calculated from Natural Earth outlines
Lake,Lake,Split Lake,424.0,Canada,1,North America,56.1783,-96.172,Q7375301,Calculated from Natural Earth outlines
Lake,Lake,Lake Kipawa,419.2,Canada,1,North America,46.9783,-79.0924,Q6476463,Calculated from Natural Earth outlines
Lake,Alkaline Lake,Malheur Lake,418.8,United States,1,North America,43.3405,-118.7729,Q3215037,Calculated from Natural Earth outlines
Lake,Lake,Lac Chavigny,417.0,Canada,1,North America,58.2225,-75.2192,Q15824957,Calculated from Natural Earth outlines
Lake,Lake,Colville Lake,416.3,Canada,1,North America,67.1864,-125.982,Q1112986,Calculated from Natural Earth outlines
Lake,Reservoir,Vaal Dam,413.6,South Africa,1,Africa,-26.9984,28.1857,,Calculated from Natural Earth outlines
Lake,Reservoir,M'Bakaou Reservoir,411.3,Cameroon,1,Africa,6.4081,12.7882,Q19972176,Calculated from Natural Earth outlines
Lake,Alkaline Lake,Pyramid Lake,408.7,United States,1,North America,40.056,-119.582,Q761535,Calculated from Natural Earth outlines
Lake,Lake,Lake Murray,408.2,Papua New Guinea,1,Oceania,-6.9891,141.5265,Q1635229,Calculated from Natural Earth outlines
Lake,Reservoir,Serebryanskoe Reservoir,408.2,Russia,1,Europe,68.5187,35.3952,Q3511603,Calculated from Natural Earth outlines
Lake,Lake,Whitefish Lake,404.7,Canada,1,North America,62.6669,-106.765,Q22610852,Calculated from Natural Earth outlines
Lake,Reservoir,Tarbela Dam,403.5,Pakistan,1,Asia,34.3265,72.8547,,Calculated from Natural Earth outlines
Lake,Lake,Leech Lake,403.0,United States,1,North America,47.1762,-94.4441,Q1812063,Calculated from Natural Earth outlines
Lake,Alkaline Lake,Kaliningradskiy Zaliv,401.3,Russia,1,Europe,54.5995,20.0237,,Calculated from Natural Earth outlines
Lake,Alkaline Lake,Goose Lake,399.9,United States,1,North America,41.9448,-120.4149,Q1309664,Calculated from Natural Earth outlines
Lake,Lake,Mapam Yumco,397.7,China,1,Asia,30.673,81.4819,Q233627,Calculated from Natural Earth outlines
Lake,Lake,Lake Plétipi,393.1,Canada,1,North America,51.7122,-70.1013,Q3215139,Calculated from Natural Earth outlines
Lake,Reservoir,Mjøsa,392.8,Norway,1,Europe,60.761,10.8194,Q212209,Calculated from Natural Earth outlines
Lake,Lake,Keller Lake,390.0,Canada,1,North America,63.9674,-121.5367,Q1328483,Calculated from Natural Earth outlines
Lake,Reservoir,Lake Texoma,389.4,United States,1,North America,33.9296,-96.5801,Q3215230,Calculated from Natural Earth outlines
Lake,Lake,Teslin Lake,389.3,Canada,1,North America,60.0288,-132.4471,Q283793,Calculated from Natural Earth outlines
Lake,Reservoir,Lake Habbaniyah,387.9,Iraq,1,Asia,33.3132,43.4409,Q2539972,Calculated from Natural Earth outlines
Lake,Lake,Lough Neagh,387.3,United Kingdom,1,Europe,54.617,-6.4152,Q206942,Calculated from Natural Earth outlines
Lake,Lake,Lac Onangué,383.2,Gabon,1,Africa,-0.9605,10.0669,Q24611627,Calculated from Natural Earth outlines
Lake,Lake,Lago Musters,381.8,Argentina,1,South America,-45.4161,-69.1867,Q3215078,Calculated from Natural Earth outlines
Lake,Lake,Lake Skadar,379.5,"Albania, Montenegro",2,Europe,42.2091,19.2915,Q203811,Calculated from Natural Earth outlines
Lake,Reservoir,Tungabhadra,379.1,India,1,Asia,15.2055,76.1843,,Calculated from Natural Earth outlines
Lake,Lake,Barsakelmes Lake,376.5,Kazakhstan,1,Asia,46.2025,59.7005,Q28750379,Calculated from Natural Earth outlines
Lake,Reservoir,Lake Francis Case,372.2,United States,1,North America,43.5229,-99.2948,Q6475894,Calculated from Natural Earth outlines
Lake,Reservoir,Tiete,371.1,Brazil,1,South America,-22.6362,-48.1218,,Calculated from Natural Earth outlines
Lake,Reservoir,Lake Novillo,371.0,Mexico,1,North America,29.1369,-109.6025,Q6477152,Calculated from Natural Earth outlines
Lake,Lake,Long Hu,368.0,China,1,Asia,29.9752,116.1755,Q6673852,Calculated from Natural Earth outlines
Lake,Reservoir,Presa Miguel Alemán,367.7,Mexico,1,North America,18.1746,-96.4772,Q6844402,Calculated from Natural Earth outlines
Lake,Reservoir,Gandhi Sagar Dam,366.2,India,1,Asia,24.4291,75.4933,,Calculated from Natural Earth outlines
Lake,Lake,North Caribou Lake,365.8,Canada,1,North America,52.7883,-90.5939,Q7054368,Calculated from Natural Earth outlines
Lake,Reservoir,Rikkavesi,356.8,Finland,1,Europe,62.8611,29.6923,Q7334058,Calculated from Natural Earth outlines
Lake,Reservoir,Ivankovo Reservoir,356.5,Russia,1,Europe,56.6799,36.6977,Q1676050,Calculated from Natural Earth outlines
Lake,Reservoir,Nagarjuna Sagar Dam,354.7,India,1,Asia,16.4308,79.2134,,Calculated from Natural Earth outlines
Lake,Lake,Lake Pend Oreille,354.2,United States,1,North America,48.1366,-116.3775,Q1632195,Calculated from Natural Earth outlines
Lake,Lake,Lago di Garda,354.1,Italy,1,Europe,45.6938,10.7085,Q6414,Calculated from Natural Earth outlines
Lake,Lake,Lago Cardiel,351.3,Argentina,1,South America,-48.8995,-71.2136,Q2439795,Calculated from Natural Earth outlines
Lake,Reservoir,Xinfengjiang Shuiku,350.6,China,1,Asia,23.9109,114.509,Q1477854,Calculated from Natural Earth outlines
Lake,Lake,Aqqikkol Hu,347.9,China,1,Asia,37.0788,88.4234,Q16936775,Calculated from Natural Earth outlines
Lake,Alkaline Lake,Zalew Wislany,346.7,"Poland, Russia",2,Europe,54.3854,19.5887,Q5605,Calculated from Natural Earth outlines
Lake,Reservoir,Lake Te Anau,345.0,New Zealand,1,Oceania,-45.1857,167.7724,Q1140471,Calculated from Natural Earth outlines
Lake,Lake,Moosehead Lake,342.3,United States,1,North America,45.6868,-69.7052,,Calculated from Natural Earth outlines
Lake,Alkaline Lake,Lake Abbe,337.6,"Djibouti, Ethiopia",2,Africa,11.1948,41.7808,Q306194,Calculated from Natural Earth outlines
Lake,Lake,Weishan Hu,334.4,China,1,Asia,34.6198,117.2346,Q839287,Calculated from Natural Earth outlines
Lake,Alkaline Lake,Lake Chamo,333.0,Ethiopia,1,Africa,5.8356,37.6492,Q1060962,Calculated from Natural Earth outlines
Lake,Lake,Zeta Lake,331.4,Canada,1,North America,71.0533,-106.6263,,Calculated from Natural Earth outlines
Lake,Lake,Lago de Valencia,330.9,Venezuela,1,South America,10.1922,-67.7356,Q1469728,Calculated from Natural Earth outlines
Lake,Reservoir,Porttipahta Reservoir,329.8,Finland,1,Europe,68.0765,26.6964,Q2105296,Calculated from Natural Earth outlines
Lake,Lake,Yellowstone Lake,329.7,United States,1,North America,44.4322,-110.3285,Q923693,Calculated from Natural Earth outlines
Lake,Lake,Ozero Portnyagino,329.1,Russia,1,Europe,74.151,107.1243,Q4373293,Calculated from Natural Earth outlines
Lake,Lake,Lake Clark,328.4,United States,1,North America,60.2419,-154.3224,Q1476428,Calculated from Natural Earth outlines
Lake,Lake,Lake Débo,326.8,Mali,1,Africa,15.3553,-4.1433,Q1270436,Calculated from Natural Earth outlines
Lake,Reservoir,Réservoir Baskatong,326.0,Canada,1,North America,46.8632,-75.7453,Q1329423,Calculated from Natural Earth outlines
Lake,Reservoir,Lake Gordon,325.7,Australia,1,Oceania,-42.7274,146.2024,Q366813,Calculated from Natural Earth outlines
Lake,Lake,Siljan,324.7,Sweden,1,Europe,60.8643,14.7455,Q217430,Calculated from Natural Earth outlines
Lake,Reservoir,Gariep Dam,321.5,South Africa,1,Africa,-30.6242,25.5885,,Calculated from Natural Earth outlines
Lake,Lake,Kluane Lake,320.3,Canada,1,North America,61.335,-138.7924,Q1776556,Calculated from Natural Earth outlines
Lake,Lake,Lake Wakatipu,317.5,New Zealand,1,Oceania,-45.0865,168.5712,Q127469,Calculated from Natural Earth outlines
Lake,Lake,Ozero Mogotoyevo,314.7,Russia,1,Europe,72.0306,149.1217,Q2639916,Calculated from Natural Earth outlines
Lake,Lake,Laguna Ragaguado,313.9,Bolivia,1,South America,-12.9026,-65.5415,,Calculated from Natural Earth outlines
Lake,Lake,Utah Lake,312.6,United States,1,North America,40.2192,-111.7743,Q729974,Calculated from Natural Earth outlines
Lake,Lake,Shijiu Hu,311.8,China,1,Asia,31.479,118.8711,Q7374652,Calculated from Natural Earth outlines
Lake,Lake,Lumajangdong Co,309.0,China,1,Asia,34.0192,81.6413,Q6703023,Calculated from Natural Earth outlines
Lake,Lake,Hong Hu,305.2,China,1,Asia,29.8488,113.2847,Q5895614,Calculated from Natural Earth outlines
Lake,Reservoir,Saksak Dagi,304.0,Turkey,1,Asia,38.5184,38.4161,,Calculated from Natural Earth outlines
Lake,Reservoir,Umbozero Lake,302.8,Russia,1,Europe,67.7068,34.399,Q1460079,Calculated from Natural Earth outlines
Lake,Lake,Upper Klamath Lake,301.3,United States,1,North America,42.439,-121.9487,Q1972978,Calculated from Natural Earth outlines
Lake,Lake,Ozero Dyupkun,301.2,Russia,1,Europe,68.1101,92.5587,Q1109799,Calculated from Natural Earth outlines
Lake,Lake,Daguan Hu,300.8,China,1,Asia,30.0437,116.3194,,Calculated from Natural Earth outlines
Lake,Lake,Banggong Co,299.9,"China, India",2,Asia,33.8256,78.6164,Q1032254,Calculated from Natural Earth outlines
Lake,Reservoir,J. Strom Thurmond Lake,299.7,United States,1,North America,33.8277,-82.3761,Q6477865,Calculated from Natural Earth outlines
Lake,Lake,Lac des Mille Lacs,299.4,Canada,1,North America,48.8831,-90.5731,Q3215670,Calculated from Natural Earth outlines
Lake,Lake,Hoh Xil Hu,298.0,China,1,Asia,35.5946,91.1648,,Calculated from Natural Earth outlines
Lake,Lake,Lake Cheshi,297.2,Zambia,1,Africa,-8.6894,29.7682,Q651162,Calculated from Natural Earth outlines
Lake,Lake,Virihaure,295.7,Sweden,1,Europe,67.4498,16.4899,Q1969324,Calculated from Natural Earth outlines
Lake,Reservoir,Tobin Lake,294.7,Canada,1,North America,53.5695,-103.4918,Q7359179,Calculated from Natural Earth outlines
Lake,Reservoir,Lake Pedder,293.7,Australia,1,Oceania,-42.9175,146.0944,Q653152,Calculated from Natural Earth outlines
Lake,Reservoir,Upper Arrow Lake,292.8,Canada,1,North America,50.4328,-117.9211,Q280135,Calculated from Natural Earth outlines
Lake,Reservoir,Wheeler Lake,291.4,United States,1,North America,34.7084,-87.1129,Q3561541,Calculated from Natural Earth outlines
Lake,Lake,Achit Nuur,291.1,Mongolia,1,Asia,49.4777,90.5287,Q968728,Calculated from Natural Earth outlines
Lake,Lake,Minnitaki Lake,290.2,Canada,1,North America,50.0158,-91.8543,Q6868864,Calculated from Natural Earth outlines
Lake,Lake,Ozero Tenis,287.4,Russia,1,Europe,56.1323,71.8982,,Calculated from Natural Earth outlines
Lake,Lake,Lake Rentenue,287.1,Democratic Republic of the Congo,1,Africa,-10.9096,27.0181,,Calculated from Natural Earth outlines
Lake,Reservoir,Lake Barkley,286.3,United States,1,North America,36.8301,-87.9714,Q6474916,Calculated from Natural Earth outlines
Lake,Alkaline Lake,Lago Enriquillo,285.3,Dominican Republic,1,North America,18.4838,-71.6347,Q1464758,Calculated from Natural Earth outlines
Lake,Lake,Laguna Huaitunas,283.3,Bolivia,1,South America,-13.0153,-65.9695,Q21801008,Calculated from Natural Earth outlines
Lake,Reservoir,John H. Kerr Reservoir,282.8,United States,1,North America,36.6187,-78.5032,Q1700320,Calculated from Natural Earth outlines
Lake,Reservoir,Presa Nezahualcyotl,280.5,Mexico,1,North America,17.114,-93.4849,,Calculated from Natural Earth outlines
Lake,Lake,Ozero Yambuto,280.3,Russia,1,Europe,69.5151,69.0823,,Calculated from Natural Earth outlines
Lake,Lake,Võrtsjärv,275.5,Estonia,1,Europe,58.2598,26.0568,Q211516,Calculated from Natural Earth outlines
Lake,Lake,Foxen,274.3,"Norway, Sweden",2,Europe,59.1954,12.0383,,Calculated from Natural Earth outlines
Lake,Reservoir,Koitere,274.2,Finland,1,Europe,62.9094,30.7054,Q1345130,Calculated from Natural Earth outlines
Lake,Lake,Hoh Sai Hu,273.7,China,1,Asia,35.7654,92.8781,,Calculated from Natural Earth outlines
Lake,Lake,Langa Co,272.6,China,1,Asia,30.7354,81.2187,Q628327,Calculated from Natural Earth outlines
Lake,Reservoir,Siri Kit Dam,269.3,Thailand,1,Asia,17.9161,100.4594,,Calculated from Natural Earth outlines
Lake,Lake,Bear Lake,269.2,United States,1,North America,42.0072,-111.3545,Q812997,Calculated from Natural Earth outlines
Lake,Lake,Huangtang Hu,269.1,China,1,Asia,30.0183,114.2228,,Calculated from Natural Earth outlines
Lake,Lake,Shaghalalytengiz Kli,267.7,Kazakhstan,1,Asia,54.1029,69.8686,,Calculated from Natural Earth outlines
Lake,Reservoir,Stora Lulevatten,266.3,Sweden,1,Europe,67.2257,19.1633,Q1760356,Calculated from Natural Earth outlines
Lake,Reservoir,Lake Sidney Lanier,262.1,United States,1,North America,34.3158,-83.9127,Q3295796,Calculated from Natural Earth outlines
Lake,Lake,Ozero Kungasalakh,259.4,Russia,1,Europe,74.6091,107.218,Q1112333,Calculated from Natural Earth outlines
Lake,Lake,Randijaure,258.6,Sweden,1,Europe,66.7877,19.0505,Q15436784,Calculated from Natural Earth outlines
Lake,Lake,Ozero Vivi,258.5,Russia,1,Europe,66.7887,93.8167,Q1786498,Calculated from Natural Earth outlines
Lake,Lake,Ozero Yarroto Pervoye,256.5,Russia,1,Europe,67.9526,71.601,Q4538999,Calculated from Natural Earth outlines
Lake,Lake,Puma Yumco,256.4,China,1,Asia,28.5704,90.3928,Q6477446,Calculated from Natural Earth outlines
Lake,Lake,Washburn Lake,256.4,Canada,1,North America,70.061,-107.5403,,Calculated from Natural Earth outlines
Lake,Lake,Huiten Nur,256.3,China,1,Asia,35.579,91.9168,Q10906051,Calculated from Natural Earth outlines
Lake,Lake,Gozha Co,255.0,China,1,Asia,35.0408,81.0864,Q5619693,Calculated from Natural Earth outlines
Lake,Reservoir,Akkajaure,253.8,Sweden,1,Europe,67.6126,17.7972,Q419614,Calculated from Natural Earth outlines
Lake,Reservoir,Presa Vicente Guerrero,251.4,Mexico,1,North America,23.9577,-98.7457,,Calculated from Natural Earth outlines
Lake,Lake,Storavan,251.0,Sweden,1,Europe,65.7499,18.2206,Q204987,Calculated from Natural Earth outlines
Lake,Reservoir,Amistad Reservoir,250.7,"Mexico, United States",2,North America,29.5484,-101.2259,Q1634424,Calculated from Natural Earth outlines
Lake,Lake,Ozero Bustakh,250.4,Russia,1,Europe,72.5388,141.8516,Q2996806,Calculated from Natural Earth outlines
Lake,Reservoir,Kemijärvi,247.9,Finland,1,Europe,66.614,27.4975,Q1738491,Calculated from Natural Earth outlines
Lake,Lake,Gas Hu,245.6,China,1,Asia,38.0826,90.8946,Q28794395,Calculated from Natural Earth outlines
Lake,Lake,Dalai Nur,244.7,China,1,Asia,43.3086,116.6727,Q675467,Calculated from Natural Earth outlines
Lake,Lake,Femunden,237.3,Norway,1,Europe,62.17,11.8647,Q1324437,Calculated from Natural Earth outlines
Lake,Lake,Ozero Sartlan,236.2,Russia,1,Europe,54.9832,78.5914,Q2640299,Calculated from Natural Earth outlines
Lake,Lake,Storuman,235.8,Sweden,1,Europe,65.2425,16.7606,Q465037,Calculated from Natural Earth outlines
Lake,Lake,Ulgain Gobi,235.8,China,1,Asia,45.4962,117.516,,Calculated from Natural Earth outlines
Lake,Lake,Ozero Chërnoye,235.2,Russia,1,Europe,55.7864,67.3844,,Calculated from Natural Earth outlines
Lake,Lake,Røssvatnet,234.8,Norway,1,Europe,65.7871,14.0478,Q1352298,Calculated from Natural Earth outlines
Lake,Reservoir,Lake Marion,233.7,United States,1,North America,33.4996,-80.2193,Q4309904,Calculated from Natural Earth outlines
Lake,Lake,Bolmen,233.4,Sweden,1,Europe,56.9172,13.6914,Q891521,Calculated from Natural Earth outlines
Lake,Lake,Ozero Teletskoye,233.1,Russia,1,Europe,51.5732,87.681,Q217109,Calculated from Natural Earth outlines
Lake,Lake,Ozero Kronotskoye,232.6,Russia,1,Europe,54.8209,160.2247,Q1115810,Calculated from Natural Earth outlines
Lake,Lake,Marmion Lake,227.2,Canada,1,North America,48.8978,-91.5528,Q6772137,Calculated from Natural Earth outlines
Lake,Alkaline Lake,Great Bitter Lake,225.4,Egypt,1,Africa,30.3064,32.3934,Q526440,Calculated from Natural Earth outlines
Lake,Lake,Reg Nuur,224.3,Mongolia,1,Asia,50.1523,91.0165,Q978800,Calculated from Natural Earth outlines
Lake,Reservoir,Burrendong Reservoir,224.1,Australia,1,Oceania,-32.7257,149.1758,Q6475111,Calculated from Natural Earth outlines
Lake,Reservoir,Hartwell Lake,223.4,United States,1,North America,34.4819,-82.9489,Q1800945,Calculated from Natural Earth outlines
Lake,Reservoir,Ossokmanuan Lake,222.0,Canada,1,North America,53.2566,-64.654,Q7107531,Calculated from Natural Earth outlines
Lake,Lake,Ozero Nerpich'ye,221.7,Russia,1,Europe,69.3079,160.0669,Q1774501,Calculated from Natural Earth outlines
Lake,Lake,Kenohan Jempang,215.4,Indonesia,1,Asia,-0.2566,116.4453,,Calculated from Natural Earth outlines
Lake,Reservoir,Gobind Sagar Reservoir,214.3,India,1,Asia,31.4079,76.4938,Q5575508,Calculated from Natural Earth outlines
Lake,Lake,Lake Winnibigoshish,214.1,United States,1,North America,47.4365,-94.2519,Q6478519,Calculated from Natural Earth outlines
Lake,Lake,Po Hu,213.1,China,1,Asia,30.172,116.4548,,Calculated from Natural Earth outlines
Lake,Lake,Qagan Nur,211.9,China,1,Asia,45.262,124.2718,Q835789,Calculated from Natural Earth outlines
Lake,Lake,Lago Grande,211.0,Brazil,1,South America,-2.2537,-54.2385,Q22029420,Calculated from Natural Earth outlines
Lake,Lake,Lago Rupanco,210.5,Chile,1,South America,-40.8216,-72.4919,Q1800404,Calculated from Natural Earth outlines
Lake,Lake,Lake George,208.4,United States,1,North America,29.355,-81.6212,Q1800933,Calculated from Natural Earth outlines
Lake,Reservoir,Ubolratna Reservoir,208.2,Thailand,1,Asia,16.7079,102.5924,Q41566866,Calculated from Natural Earth outlines
Lake,Lake,Elsen Nur,207.5,China,1,Asia,35.2208,92.1328,Q31845278,Calculated from Natural Earth outlines
Lake,Lake,Lago di Como,206.6,"Switzerland, Italy",2,Europe,45.9501,8.632,Q15523,Calculated from Natural Earth outlines
Lake,Lake,Ozero Teke,206.1,Kazakhstan,1,Asia,53.8508,72.9384,Q2587598,Calculated from Natural Earth outlines
Lake,Reservoir,American Falls Reservoir,203.4,United States,1,North America,42.9405,-112.7174,,Calculated from Natural Earth outlines
Lake,Lake,Masinga Res.,202.4,Kenya,1,Africa,-0.8434,37.3822,,Calculated from Natural Earth outlines
Lake,Lake,St. Marys River,202.4,"Canada, United States",2,North America,46.4482,-84.1355,Q940488,Calculated from Natural Earth outlines
Lake,Reservoir,Lake Moultrie,201.9,United States,1,North America,33.3071,-80.059,Q6476999,Calculated from Natural Earth outlines
Lake,Lake,Lake Winnipesaukee,200.4,United States,1,North America,43.6107,-71.3567,Q224872,Calculated from Natural Earth outlines
Lake,Lake,Oneida Lake,197.5,United States,1,North America,43.2187,-75.9018,Q1247231,Calculated from Natural Earth outlines
Lake,Lake,Ozero Chukochye,196.3,Russia,1,Europe,69.4465,160.2085,Q1108335,Calculated from Natural Earth outlines
Lake,Lake,Ulansuhai Nur,195.9,China,1,Asia,40.9192,108.8325,Q7374641,Calculated from Natural Earth outlines
Lake,Lake,Ge Hu,195.7,China,1,Asia,31.5892,119.8059,Q5529425,Calculated from Natural Earth outlines
Lake,Lake,Ozero Sobachye,195.0,Russia,1,Europe,69.0906,91.454,Q3215207,Calculated from Natural Earth outlines
Lake,Reservoir,Presa Marte R. Gomez,194.9,Mexico,1,North America,26.1656,-98.9845,,Calculated from Natural Earth outlines
Lake,Reservoir,Ondozero,194.7,Russia,1,Europe,63.7798,33.3771,Q1634873,Calculated from Natural Earth outlines
Lake,Lake,Telmen Nuur,193.5,Mongolia,1,Asia,48.8388,97.3233,Q2570858,Calculated from Natural Earth outlines
Lake,Lake,Ozero Glubokoye,192.8,Russia,1,Europe,69.2905,90.1788,Q518319,Calculated from Natural Earth outlines
Lake,Lake,Lac Alaotra,190.2,Madagascar,1,Africa,-17.4776,48.5216,Q575679,Calculated from Natural Earth outlines
Lake,Reservoir,Walter F. George Reservoir,189.8,United States,1,North America,31.8519,-85.1429,Q7333077,Calculated from Natural Earth outlines
Lake,Lake,Ozero Leushinskiy Tuman,185.9,Russia,1,Europe,59.7175,65.4281,Q3566268,Calculated from Natural Earth outlines
Lake,Lake,Ozero Bol'šoe Morskoe,185.3,Russia,1,Europe,70.0604,158.7208,Q1774474,Calculated from Natural Earth outlines
Lake,Lake,Ozero Yarroto Vtoroye,185.3,Russia,1,Europe,68.0347,71.1561,Q4539001,Calculated from Natural Earth outlines
Lake,Reservoir,Lake Péribonca,184.6,Canada,1,North America,50.0985,-71.2385,Q6477455,Calculated from Natural Earth outlines
Lake,Reservoir,Embalse de Guárico,183.4,Venezuela,1,South America,9.0545,-67.3753,Q5623127,Calculated from Natural Earth outlines
Lake,Lake,Qyzylqaq Kli,182.1,Kazakhstan,1,Asia,53.4338,73.7743,,Calculated from Natural Earth outlines
Lake,Lake,Sangiyn Dalay Nuur,181.9,Mongolia,1,Asia,49.2272,99.1054,Q2721984,Calculated from Natural Earth outlines
Lake,Lake,Ozero Shuryshkarskiy Sor,181.2,Russia,1,Europe,66.0041,65.1344,,Calculated from Natural Earth outlines
Lake,Reservoir,Lake Chelan,180.0,United States,1,North America,48.0877,-120.4509,Q1115201,Calculated from Natural Earth outlines
Lake,Reservoir,Lake Hume,179.5,Australia,1,Oceania,-36.1007,147.0649,Q21960566,Calculated from Natural Earth outlines
Lake,Lake,Lake Wanaka,178.3,New Zealand,1,Oceania,-44.5137,169.1265,Q1192728,Calculated from Natural Earth outlines
Lake,Lake,Ozero Kuchukskoye,177.6,Russia,1,Europe,52.7014,79.7865,Q2642276,Calculated from Natural Earth outlines
Lake,Lake,Songhua Hu,176.0,China,1,Asia,43.6365,126.7822,Q837876,Calculated from Natural Earth outlines
Lake,Lake,Chiputneticook Lakes,175.9,"Canada, United States",2,North America,45.6809,-67.7475,Q3215856,Calculated from Natural Earth outlines
Lake,Lake,Ozero Neyto,175.8,Russia,1,Europe,70.0775,70.3303,,Calculated from Natural Earth outlines
Lake,Reservoir,Lake Gaston,175.2,United States,1,North America,36.5419,-78.0331,Q732199,Calculated from Natural Earth outlines
Lake,Lake,Saryqopa Kli,174.6,Kazakhstan,1,Asia,50.3305,64.1651,Q2982888,Calculated from Natural Earth outlines
Lake,Lake,Aishihik Lake,174.3,Canada,1,North America,61.4385,-137.1123,Q3214697,Calculated from Natural Earth outlines
Lake,Lake,Ozero Bolshoy Uvat,174.0,Russia,1,Europe,57.5401,70.465,Q4092898,Calculated from Natural Earth outlines
Lake,Lake,Ozero Ergipskiy Sor,173.3,Russia,1,Europe,60.6772,69.0321,,Calculated from Natural Earth outlines
Lake,Reservoir,Lower Arrow Lake,173.2,Canada,1,North America,49.579,-118.1389,Q280135,Calculated from Natural Earth outlines
Lake,Lake,Sturgeon Lake,172.1,Canada,1,North America,50.0921,-90.701,Q7348501,Calculated from Natural Earth outlines
Lake,Lake,Lake Lembeni,171.4,Tanzania,1,Africa,-3.6896,37.4105,,Calculated from Natural Earth outlines
Lake,Reservoir,Lac Low,171.0,Canada,1,North America,52.5082,-76.2966,Q6692903,Calculated from Natural Earth outlines
Lake,Lake,Big Rideau Lake,170.7,Canada,1,North America,44.7539,-76.2174,Q3113637,Calculated from Natural Earth outlines
Lake,Lake,Lake Rossignol,169.0,Canada,1,North America,44.2092,-65.1517,Q3215164,Calculated from Natural Earth outlines
Lake,Reservoir,Petenwell Lake,168.2,United States,1,North America,44.0597,-90.0109,Q180509,Calculated from Natural Earth outlines
Lake,Lake,Hornavan,167.9,Sweden,1,Europe,66.319,17.3659,Q845880,Calculated from Natural Earth outlines
Lake,Lake,Chesuncook Lake,166.2,United States,1,North America,46.0061,-69.3409,Q3214801,Calculated from Natural Earth outlines
Lake,Reservoir,Vanderkloof Dam,165.4,South Africa,1,Africa,-30.1064,24.8575,,Calculated from Natural Earth outlines
Lake,Lake,Lago Concepción,165.2,Bolivia,1,South America,-17.4889,-61.4143,Q868663,Calculated from Natural Earth outlines
Lake,Reservoir,Supung Reservoir,165.2,"China, North Korea",2,Asia,40.5617,125.0942,,Calculated from Natural Earth outlines
Lake,Reservoir,Umfreville Lake,165.1,Canada,1,North America,50.3353,-94.7603,Q7359539,Calculated from Natural Earth outlines
Lake,Reservoir,Presa Alvaro Obregon,164.9,Mexico,1,North America,27.9799,-109.7793,,Calculated from Natural Earth outlines
Lake,Lake,Koka Reservoir,164.4,Ethiopia,1,Africa,8.3933,39.06,Q1066779,Calculated from Natural Earth outlines
Lake,Reservoir,Lake Pukaki,164.0,New Zealand,1,Oceania,-44.044,170.173,Q1347588,Calculated from Natural Earth outlines
Lake,Alkaline Lake,Harney Lake,163.9,United States,1,North America,43.2378,-119.1001,Q5659764,Calculated from Natural Earth outlines
Lake,Lake,Seneca Lake,161.1,United States,1,North America,42.634,-76.8937,Q1552706,Calculated from Natural Earth outlines
Lake,Lake,Sea of Galilee,160.0,Israel,1,Asia,32.8043,35.5832,Q126982,Calculated from Natural Earth outlines
Lake,Lake,Åsnen,158.8,Sweden,1,Europe,56.6506,14.7551,Q271286,Calculated from Natural Earth outlines
Lake,Lake,Qarasor Kli,158.4,Kazakhstan,1,Asia,49.872,75.5763,,Calculated from Natural Earth outlines
Lake,Lake,Long Lake,157.3,Canada,1,North America,49.5258,-86.8599,Q14638483,Calculated from Natural Earth outlines
Lake,Lake,Alesayqin Ha,156.2,China,1,Asia,35.2265,79.8537,Q4701734,Calculated from Natural Earth outlines
Lake,Reservoir,Stanley Reservoir,156.2,India,1,Asia,11.894,77.8331,Q7332268,Calculated from Natural Earth outlines
Lake,Lake,Ozero Ozhogino,156.1,Russia,1,Europe,69.2665,146.6591,Q2476728,Calculated from Natural Earth outlines
Lake,Lake,Lake Kissimmee,155.9,United States,1,North America,27.8888,-81.2658,Q3214981,Calculated from Natural Earth outlines
Lake,Lake,Ozero Kokora,155.1,Russia,1,Europe,73.0164,101.0006,Q1120394,Calculated from Natural Earth outlines
Lake,Lake,Ozero Soluntakh,153.6,Russia,1,Europe,71.7152,143.2027,Q4428523,Calculated from Natural Earth outlines
Lake,Lake,Ozero Agata,152.9,Russia,1,Europe,67.2589,92.8277,,Calculated from Natural Earth outlines
Lake,Reservoir,Smith Mountain Lake,152.4,United States,1,North America,37.1187,-79.6268,Q7332083,Calculated from Natural Earth outlines
Lake,Reservoir,Flaming Gorge Reservoir,151.6,United States,1,North America,41.1207,-109.5236,Q176598,Calculated from Natural Earth outlines
Lake,Reservoir,Lake Murray,148.4,United States,1,North America,34.0658,-81.3331,Q6477034,Calculated from Natural Earth outlines
Lake,Lake,Wuchang Hu,146.0,China,1,Asia,30.2834,116.7838,Q11124334,Calculated from Natural Earth outlines
Lake,Lake,Cayuga Lake,143.6,United States,1,North America,42.7146,-76.715,Q731175,Calculated from Natural Earth outlines
Lake,Reservoir,Lake Seminole,142.5,United States,1,North America,30.8209,-84.9343,Q3215219,Calculated from Natural Earth outlines
Lake,Reservoir,Lake Hawea,141.2,New Zealand,1,Oceania,-44.4473,169.2873,Q1440634,Calculated from Natural Earth outlines
Lake,Lake,Canyon Ferry Lake,140.7,United States,1,North America,46.508,-111.5454,Q5034204,Calculated from Natural Earth outlines
Lake,Lake,Iken Aqsuat Kli,140.3,Kazakhstan,1,Asia,51.4232,64.4567,,Calculated from Natural Earth outlines
Lake,Alkaline Lake,Airag Lake,138.2,Mongolia,1,Asia,48.9067,93.4431,Q2426550,Calculated from Natural Earth outlines
Lake,Lake,Ozero Ayan,137.7,Russia,1,Europe,69.171,93.9703,Q412045,Calculated from Natural Earth outlines
Lake,Lake,Zharman Kli,137.7,Kazakhstan,1,Asia,51.6417,64.4399,,Calculated from Natural Earth outlines
Lake,Lake,Lough Derg,136.8,Ireland,1,Europe,52.9477,-8.3074,Q918349,Calculated from Natural Earth outlines
Lake,Reservoir,Seminoe Reservoir,135.4,United States,1,North America,42.0622,-106.8206,,Calculated from Natural Earth outlines
Lake,Lake,Dongping Hu,135.2,China,1,Asia,36.0109,116.1854,Q5295998,Calculated from Natural Earth outlines
Lake,Reservoir,Shasta Lake,135.1,United States,1,North America,40.8181,-122.3682,Q14683954,Calculated from Natural Earth outlines
Lake,Lake,Tyrifjorden,134.8,Norway,1,Europe,60.0104,10.1978,Q696445,Calculated from Natural Earth outlines
Lake,Lake,Ozero Gusinoye,132.9,Russia,1,Europe,51.1978,106.4221,Q671989,Calculated from Natural Earth outlines
Lake,Lake,Ozero Vandmtor,132.2,Russia,1,Europe,62.2796,65.7294,,Calculated from Natural Earth outlines
Lake,Reservoir,Lake Manapouri,130.4,New Zealand,1,Oceania,-45.5136,167.5446,Q1192384,Calculated from Natural Earth outlines
Lake,Lake,Jackson Lake,128.4,United States,1,North America,43.9485,-110.6659,Q1589175,Calculated from Natural Earth outlines
Lake,Alkaline Lake,Etang Saumâtre,127.9,"Dominican Republic, Haiti",2,North America,18.5705,-72.0156,Q2722327,Calculated from Natural Earth outlines
Lake,Lake,Lake Louise,127.2,United States,1,North America,62.399,-146.6634,Q1343275,Calculated from Natural Earth outlines
Lake,Lake,Snåsavatnet,125.6,Norway,1,Europe,64.1479,11.8439,Q1777782,Calculated from Natural Earth outlines
Lake,Lake,Ozero Elgygytgyn,125.2,Russia,1,Europe,67.5075,172.0658,Q934857,Calculated from Natural Earth outlines
Lake,Lake,Lac du Bonnet,124.8,Canada,1,North America,50.3498,-95.9922,,Calculated from Natural Earth outlines
Lake,Lake,Ozero Tormemtor,123.9,Russia,1,Europe,61.2262,79.3493,Q4461133,Calculated from Natural Earth outlines
Lake,Reservoir,Bhumphol K. K. Nam,123.2,Thailand,1,Asia,17.2943,98.9211,,Calculated from Natural Earth outlines
Lake,Reservoir,Bhadra Reservoir,121.1,India,1,Asia,13.6139,75.5524,,Calculated from Natural Earth outlines
Lake,Lake,Lake Taal,120.0,Philippines,1,Asia,14.0241,120.9926,Q537695,Calculated from Natural Earth outlines
Lake,Reservoir,Franklin D. Roosevelt Lake,119.3,United States,1,North America,48.4617,-118.2088,Q3042661,Calculated from Natural Earth outlines
Lake,Lake,Ozero Ilirgytgyn,117.6,Russia,1,Europe,70.5346,158.9126,Q1108073,Calculated from Natural Earth outlines
Lake,Lake,Lake Apopka,113.2,United States,1,North America,28.6201,-81.6195,Q455153,Calculated from Natural Earth outlines
Lake,Lake,Lough Ree,111.9,Ireland,1,Europe,53.5666,-8.0058,Q608133,Calculated from Natural Earth outlines
Lake,Lake,Ozero Chrtovo,111.8,Russia,1,Europe,64.1403,80.3666,,Calculated from Natural Earth outlines
Lake,Lake,Sebago Lake,111.5,United States,1,North America,43.8638,-70.5596,Q1781818,Calculated from Natural Earth outlines
Lake,Lake,Travaillant Lake,110.3,Canada,1,North America,67.6977,-131.7859,,Calculated from Natural Earth outlines
Lake,Lake,Ozero Untor,110.2,Russia,1,Europe,62.6251,65.1561,,Calculated from Natural Earth outlines
Lake,Reservoir,Camatague,110.1,Venezuela,1,South America,9.8273,-67.0135,,Calculated from Natural Earth outlines
Lake,Lake,Ozero Bakul,110.0,Russia,1,Europe,71.0446,147.1385,,Calculated from Natural Earth outlines
Lake,Lake,Lago di Bracciano,109.5,Italy,1,Europe,42.5967,11.9266,Q896551,Calculated from Natural Earth outlines
Lake,Lake,Ozero Baunt,109.3,Russia,1,Europe,55.2227,113.04,Q811672,Calculated from Natural Earth outlines
Lake,Reservoir,Lake C.W. McConaughy,108.7,United States,1,North America,41.265,-101.7715,Q6476851,Calculated from Natural Earth outlines
Lake,Lake,Lake Istokpoga,108.1,United States,1,North America,27.3727,-81.2706,Q1793276,Calculated from Natural Earth outlines
Lake,Reservoir,Lake Oroville,107.9,United States,1,North America,39.6467,-121.4794,Q6477226,Calculated from Natural Earth outlines
Lake,Lake,Ozero Bol'shoye Topol'noye,107.0,Russia,1,Europe,53.3205,77.9981,Q4092460,Calculated from Natural Earth outlines
Lake,Lake,Müritz,106.0,Germany,1,Europe,53.4184,12.7076,Q3369,Calculated from Natural Earth outlines
Lake,Reservoir,Pathfinder Reservoir,105.5,United States,1,North America,42.3827,-106.8884,Q7144767,Calculated from Natural Earth outlines
Lake,Lake,Luoma Hu,104.8,China,1,Asia,34.0742,118.1978,Q6704603,Calculated from Natural Earth outlines
Lake,Alkaline Lake,Ozero Shalkar,104.4,Kazakhstan,1,Asia,50.4962,69.9936,,Calculated from Natural Earth outlines
Lake,Reservoir,Lake Meredith,102.7,United States,1,North America,35.611,-101.689,Q1801005,Calculated from Natural Earth outlines
Lake,Reservoir,Uglich Reservoir,102.2,Russia,1,Europe,57.4089,38.1112,Q1479284,Calculated from Natural Earth outlines
Lake,Lake,Ozero Bolshoy Sor,101.9,Russia,1,Europe,61.6177,67.2295,,Calculated from Natural Earth outlines
Lake,Lake,Ozero Arakhley,101.3,Russia,1,Europe,52.2057,112.7617,Q1110298,Calculated from Natural Earth outlines
Lake,Reservoir,Trinity Lake,99.3,United States,1,North America,40.9482,-122.6787,Q2453582,Calculated from Natural Earth outlines
Lake,Lake,Ozero Gorkoye,99.2,Russia,1,Europe,52.4732,81.3045,Q3565914,Calculated from Natural Earth outlines
Lake,Lake,Ozero Syrkovoye,98.9,Russia,1,Europe,60.659,64.9627,,Calculated from Natural Earth outlines
Lake,Lake,Shreksor Kli,98.5,Kazakhstan,1,Asia,52.2989,75.8292,,Calculated from Natural Earth outlines
Lake,Lake,Ozero Tursuntskiy Tuman,98.4,Russia,1,Europe,60.5666,63.9252,,Calculated from Natural Earth outlines
Lake,Lake,Ozero Ayaturku,97.6,Russia,1,Europe,73.8741,92.0531,,Calculated from Natural Earth outlines
Lake,Lake,Ozero Tembenchi,97.4,Russia,1,Europe,66.8383,94.9814,,Calculated from Natural Earth outlines
Lake,Lake,Øyeren,96.5,Norway,1,Europe,59.8027,11.2094,Q317277,Calculated from Natural Earth outlines
Lake,Lake,Qalybek Kli,96.3,Kazakhstan,1,Asia,53.8944,70.6428,,Calculated from Natural Earth outlines
Lake,Reservoir,Boysen Reservoir,95.9,United States,1,North America,43.3156,-108.1695,Q896063,Calculated from Natural Earth outlines
Lake,Lake,Ozero Bolshoye Yeravnoye,95.2,Russia,1,Europe,52.6121,111.4931,Q4092295,Calculated from Natural Earth outlines
Lake,Reservoir,Senanayake Samudra,95.2,Sri Lanka,1,Asia,7.1848,81.5001,,Calculated from Natural Earth outlines
Lake,Lake,Koybaghar Kli,93.9,Kazakhstan,1,Asia,52.6364,65.5944,Q3309948,Calculated from Natural Earth outlines
Lake,Lake,Munduyskoye Ozero,91.7,Russia,1,Europe,66.6122,88.4084,,Calculated from Natural Earth outlines
Lake,Reservoir,Conchas Lake,91.2,United States,1,North America,35.4627,-104.1902,Q5158618,Calculated from Natural Earth outlines
Lake,Lake,Ozero Yasaveyto,90.0,Russia,1,Europe,69.7091,70.164,,Calculated from Natural Earth outlines
Lake,Lake,Dood-Tsagaan Nuur,89.5,Mongolia,1,Asia,51.3915,99.3595,Q2721959,Calculated from Natural Earth outlines
Lake,Reservoir,Khashm el Girba Dam,89.5,Sudan,1,Africa,14.7872,35.9371,,Calculated from Natural Earth outlines
Lake,Lake,Ebeyty Lake,89.3,Russia,1,Europe,54.669,71.724,Q4529522,Calculated from Natural Earth outlines
Lake,Lake,Ozero Sagarychye,88.8,Russia,1,Europe,71.0004,146.4951,,Calculated from Natural Earth outlines
Lake,Reservoir,Embalse de Cala,88.6,Spain,1,Europe,39.337,-4.8742,Q5830417,Calculated from Natural Earth outlines
Lake,Reservoir,Presa de la Boquilla,88.6,Mexico,1,North America,27.5426,-105.4413,,Calculated from Natural Earth outlines
Lake,Lake,Ozero Kiyeng-Kyuyel,87.2,Russia,1,Europe,72.9909,109.5228,Q930182,Calculated from Natural Earth outlines
Lake,Lake,Lake Tekapo,86.2,New Zealand,1,Oceania,-43.8911,170.5262,Q1194022,Calculated from Natural Earth outlines
Lake,Lake,Kishi Qaraoy Kli,85.7,Kazakhstan,1,Asia,54.0435,71.3399,,Calculated from Natural Earth outlines
Lake,Lake,Laguna de Pueblo Viejo,85.4,Mexico,1,North America,22.1434,-97.8722,,Calculated from Natural Earth outlines
Lake,Lake,Ozero Tandovo,83.6,Russia,1,Europe,55.1348,78.0205,Q3565995,Calculated from Natural Earth outlines
Lake,Lake,Iken Zhbolat Lake,82.4,Kazakhstan,1,Asia,53.28,77.4372,,Calculated from Natural Earth outlines
Lake,Lake,Žalauly Kli,82.4,Kazakhstan,1,Asia,52.8669,74.1078,Q10269944,Calculated from Natural Earth outlines
Lake,Reservoir,Lake Mohave,81.0,United States,1,North America,35.4901,-114.6634,Q1801012,Calculated from Natural Earth outlines
Lake,Lake,Laguna Chil,80.5,Mexico,1,North America,22.2174,-98.0816,,Calculated from Natural Earth outlines
Lake,Lake,Lake Rotorua,80.3,New Zealand,1,Oceania,-38.0879,176.2713,Q1192621,Calculated from Natural Earth outlines
Lake,Lake,Presa Miguel Hidalgo,79.8,Mexico,1,North America,26.6203,-108.5279,,Calculated from Natural Earth outlines
Lake,Lake,Hh Nuur,79.4,Mongolia,1,Asia,49.5166,115.5888,,Calculated from Natural Earth outlines
Lake,Reservoir,Embalse de Buendía,78.4,Spain,1,Europe,40.395,-2.7069,Q8775297,Calculated from Natural Earth outlines
Lake,Lake,Lago La Plata,77.6,Argentina,1,South America,-44.8605,-71.7253,Q3215749,Calculated from Natural Earth outlines
Lake,Lake,Lake Havasu,77.5,United States,1,North America,34.4228,-114.2777,Q451522,Calculated from Natural Earth outlines
Lake,Lake,Lake Xau,77.0,Botswana,1,Africa,-21.292,24.7438,Q9383203,Calculated from Natural Earth outlines
Lake,Lake,Ozero Severnoye,76.8,Russia,1,Europe,67.3408,92.5566,,Calculated from Natural Earth outlines
Lake,Lake,Ozero Purinskoye,75.8,Russia,1,Europe,71.919,88.6973,,Calculated from Natural Earth outlines
Lake,Lake,Ozero Kipylyushi,74.7,Russia,1,Europe,54.8357,112.2636,,Calculated from Natural Earth outlines
Lake,Reservoir,Lake Mulwala,73.9,Australia,1,Oceania,-36.0109,146.0996,Q3215071,Calculated from Natural Earth outlines
Lake,Lake,Ozero Chaselskoye,73.0,Russia,1,Europe,64.5029,79.0892,,Calculated from Natural Earth outlines
Lake,Alkaline Lake,Qypshaq Kli,72.7,Kazakhstan,1,Asia,50.1355,68.3876,,Calculated from Natural Earth outlines
Lake,Lake,Ozero Andreyevskoye,71.6,Russia,1,Europe,58.9339,66.8726,,Calculated from Natural Earth outlines
Lake,Reservoir,Logan Martin Lake,68.9,United States,1,North America,33.516,-86.2728,Q6667090,Calculated from Natural Earth outlines
Lake,Lake,Yueliang Pao,68.7,China,1,Asia,45.714,123.8819,,Calculated from Natural Earth outlines
Lake,Lake,Ozero Ik,68.5,Russia,1,Europe,56.0543,71.5514,Q4198953,Calculated from Natural Earth outlines
Lake,Lake,Yke Lake,68.1,Kazakhstan,1,Asia,50.9738,61.5708,Q2659831,Calculated from Natural Earth outlines
Lake,Lake,Cass Lake,67.8,United States,1,North America,47.4251,-94.5744,Q5049166,Calculated from Natural Earth outlines
Lake,Lake,Lake Wairarapa,67.6,New Zealand,1,Oceania,-41.2261,175.2237,Q590903,Calculated from Natural Earth outlines
Lake,Lake,Lake Minchumina,66.9,United States,1,North America,63.8946,-152.1926,,Calculated from Natural Earth outlines
Lake,Lake,Lago Fontana,66.7,Argentina,1,South America,-44.9321,-71.4834,Q3214886,Calculated from Natural Earth outlines
Lake,Lake,Lake Hauroko,66.7,New Zealand,1,Oceania,-45.9544,167.3032,Q1800949,Calculated from Natural Earth outlines
Lake,Reservoir,Palisades Reservoir,66.5,United States,1,North America,43.24,-111.0974,,Calculated from Natural Earth outlines
Lake,Lake,Keuka Lake,66.1,United States,1,North America,42.5428,-77.1445,Q1335725,Calculated from Natural Earth outlines
Lake,Lake,Ozero Bolshoy Olr,66.1,Russia,1,Europe,69.479,156.0635,,Calculated from Natural Earth outlines
Lake,Lake,Qozhakl,66.1,Kazakhstan,1,Asia,50.9275,69.1906,,Calculated from Natural Earth outlines
Lake,Lake,Lake Gemeri,65.9,Ethiopia,1,Africa,11.5548,41.6608,Q3502754,Calculated from Natural Earth outlines
Lake,Lake,Tetlin Lake,65.6,United States,1,North America,63.1022,-142.7564,,Calculated from Natural Earth outlines
Lake,Lake,Lake Kolozero,63.5,Russia,1,Europe,68.2777,33.1471,Q4228232,Calculated from Natural Earth outlines
Lake,Lake,Qiyakty Kli,63.2,Kazakhstan,1,Asia,50.0202,69.234,,Calculated from Natural Earth outlines
Lake,Lake,Lake Traverse,62.5,United States,1,North America,45.7087,-96.7314,Q1493200,Calculated from Natural Earth outlines
Lake,Lake,Ozero Yakh-Tur,61.2,Russia,1,Europe,59.7694,67.2329,Q4539674,Calculated from Natural Earth outlines
Lake,Lake,Ozero Bolshoy Kazymskiy Sor,60.8,Russia,1,Europe,63.8184,66.0275,,Calculated from Natural Earth outlines
Lake,Lake,Imantau Kli,60.0,Kazakhstan,1,Asia,53.021,68.2826,Q12547114,Calculated from Natural Earth outlines
Lake,Reservoir,Lake Benmore,59.7,New Zealand,1,Oceania,-44.451,170.2136,Q917385,Calculated from Natural Earth outlines
Lake,Lake,Ozero Beloye,58.7,Russia,1,Europe,55.5908,89.576,,Calculated from Natural Earth outlines
Lake,Lake,Kerey Kli,58.4,Kazakhstan,1,Asia,50.1328,68.6945,Q23014768,Calculated from Natural Earth outlines
Lake,Reservoir,Elephant Butte Reservoir,57.9,United States,1,North America,33.2659,-107.16,Q5359306,Calculated from Natural Earth outlines
Lake,Lake,Ozero Samotlor,57.6,Russia,1,Europe,61.1276,76.7484,Q4406902,Calculated from Natural Earth outlines
Lake,Lake,Hebgen Lake,56.7,United States,1,North America,44.8088,-111.2009,Q3214923,Calculated from Natural Earth outlines
Lake,Lake,Lake Ohau,56.6,New Zealand,1,Oceania,-44.2269,169.847,Q1349516,Calculated from Natural Earth outlines
Lake,Lake,Schweriner See,56.6,Germany,1,Europe,53.6971,11.4755,Q311217,Calculated from Natural Earth outlines
Lake,Reservoir,Presa Manuel vila Camacho,56.5,Mexico,1,North America,18.9452,-98.1694,,Calculated from Natural Earth outlines
Lake,Lake,Ozero Pitlyarskiy Sor,56.1,Russia,1,Europe,65.7677,66.0941,,Calculated from Natural Earth outlines
Lake,Lake,Ozero Tuman,55.8,Russia,1,Europe,59.6321,66.2814,,Calculated from Natural Earth outlines
Lake,Reservoir,Brantley Lake,55.5,United States,1,North America,32.6826,-104.2979,Q4957685,Calculated from Natural Earth outlines
Lake,Lake,Lake Bunyonyi,55.4,Uganda,1,Africa,-1.2792,29.9243,Q1010056,Calculated from Natural Earth outlines
Lake,Lake,Ozero Krugovatoye,54.6,Russia,1,Europe,69.4447,155.6335,,Calculated from Natural Earth outlines
Lake,Reservoir,Embalse de Entrepeas,53.8,Spain,1,Europe,40.616,-2.6961,,Calculated from Natural Earth outlines
Lake,Reservoir,Lake Waikaremoana,52.2,New Zealand,1,Oceania,-38.7621,177.0986,Q4272,Calculated from Natural Earth outlines
Lake,Reservoir,Guanting Shuiku,51.2,China,1,Asia,40.3214,115.6432,Q4151226,Calculated from Natural Earth outlines
Lake,Lake,Canandaigua Lake,50.9,United States,1,North America,42.7942,-77.3054,Q1032768,Calculated from Natural Earth outlines
Lake,Lake,Upper Lough Erne,50.9,United Kingdom,1,Europe,54.2176,-7.5083,Q11878874,Calculated from Natural Earth outlines
Lake,Lake,Jezioro Dąbie,50.4,Poland,1,Europe,53.4711,14.6746,Q1158664,Calculated from Natural Earth outlines
Lake,Reservoir,Caballo Reservoir,50.0,United States,1,North America,33.0173,-107.2883,Q5015210,Calculated from Natural Earth outlines
Lake,Reservoir,Mitchell Lake,49.8,United States,1,North America,32.9295,-86.5058,,Calculated from Natural Earth outlines
Lake,Reservoir,Red Bluff Lake,49.7,United States,1,North America,31.9857,-103.934,Q7303773,Calculated from Natural Earth outlines
Lake,Lake,Ozero Bolshoy Shishkarym,49.5,Russia,1,Europe,57.8282,68.5387,,Calculated from Natural Earth outlines
Lake,Lake,Aursund,49.4,Norway,1,Europe,62.6539,11.6782,Q777416,Calculated from Natural Earth outlines
Lake,Reservoir,Glendo Reservoir,47.5,United States,1,North America,42.5447,-104.9554,,Calculated from Natural Earth outlines
Lake,Reservoir,Kauno marios,46.8,Lithuania,1,Europe,54.8478,24.1801,Q1737137,Calculated from Natural Earth outlines
Lake,Reservoir,Wyangala Reservoir,46.0,Australia,1,Oceania,-33.9467,149.0139,,Calculated from Natural Earth outlines
Lake,Reservoir,Embalse de Orellana,45.8,Spain,1,Europe,39.2293,-5.162,Q11681443,Calculated from Natural Earth outlines
Lake,Reservoir,Baidagang Shuiku,45.7,China,1,Asia,38.727,117.3664,Q10902731,Calculated from Natural Earth outlines
Lake,Lake,Ozero Maraldy,45.2,Kazakhstan,1,Asia,52.3173,77.7773,,Calculated from Natural Earth outlines
Lake,Lake,Skaneateles Lake,45.1,United States,1,North America,42.8645,-76.3585,Q1333432,Calculated from Natural Earth outlines
Lake,Reservoir,Krishna Raja Sagar,44.5,India,1,Asia,12.4719,76.4706,Q3536528,Calculated from Natural Earth outlines
Lake,Reservoir,Rye Patch Reservoir,42.4,United States,1,North America,40.6143,-118.3234,Q7384983,Calculated from Natural Earth outlines
Lake,Lake,Loch Ness,41.2,United Kingdom,1,Europe,57.2532,-4.5095,Q49650,Calculated from Natural Earth outlines
Lake,Reservoir,Ute Reservoir,40.8,United States,1,North America,35.3837,-103.4745,,Calculated from Natural Earth outlines
Lake,Lake,Lake Poteriteri,40.6,New Zealand,1,Oceania,-46.0575,167.1018,Q4269,Calculated from Natural Earth outlines
Lake,Lake,Ozero Artevo,37.0,Russia,1,Europe,57.441,72.1418,,Calculated from Natural Earth outlines
Lake,Lake,Lake Dunstan,36.8,New Zealand,1,Oceania,-45.0425,169.2148,Q1303872,Calculated from Natural Earth outlines
Lake,Alkaline Lake,Lake Assal,36.6,Djibouti,1,Africa,11.665,42.4192,Q81239,Calculated from Natural Earth outlines
Lake,Lake,Lough Allen,36.1,Ireland,1,Europe,54.1153,-8.0509,Q1366974,Calculated from Natural Earth outlines
Lake,Reservoir,Lake Coleridge,35.7,New Zealand,1,Oceania,-43.2903,171.4927,Q4634,Calculated from Natural Earth outlines
Lake,Lake,Lake Walcott,34.4,United States,1,North America,42.672,-113.3942,Q6478379,Calculated from Natural Earth outlines
Lake,Lake,Ozero Enetor,34.3,Russia,1,Europe,60.2152,68.388,,Calculated from Natural Earth outlines
Lake,Lake,Ozero Busani,33.3,Russia,1,Europe,55.3554,113.5527,Q3561592,Calculated from Natural Earth outlines
Lake,Lake,Lauwerszee,30.8,The Netherlands,1,Europe,53.378,6.1774,Q525364,Calculated from Natural Earth outlines
Lake,Lake,Ozero Isinginskoye,29.6,Russia,1,Europe,52.9243,111.9587,Q19819696,Calculated from Natural Earth outlines
Lake,Reservoir,Lake Monowai,27.9,New Zealand,1,Oceania,-45.8573,167.4708,Q1271947,Calculated from Natural Earth outlines
Lake,Lake,Lake Granby,27.2,United States,1,North America,40.1754,-105.8452,Q6476029,Calculated from Natural Earth outlines
Lake,Lake,Owasco Lake,26.5,United States,1,North America,42.8623,-76.523,Q1339170,Calculated from Natural Earth outlines
Lake,Lake,Lake Rotoroa,22.9,New Zealand,1,Oceania,-41.8574,172.6436,,Calculated from Natural Earth outlines
Lake,Lake,Ozero Bolshaya Kharga,22.4,Russia,1,Europe,52.858,111.8585,,Calculated from Natural Earth outlines
Lake,Reservoir,Millerton Lake,21.9,United States,1,North America,37.0305,-119.6339,Q6859416,Calculated from Natural Earth outlines
Lake,Lake,Ozero Irgen,21.6,Russia,1,Europe,51.9994,112.5281,,Calculated from Natural Earth outlines
Lake,Reservoir,Embalse de García de Sola,19.1,Spain,1,Europe,39.3182,-5.0367,Q8775340,Calculated from Natural Earth outlines
Lake,Lake,Loch Lochy,18.4,United Kingdom,1,Europe,56.9699,-4.9059,,Calculated from Natural Earth outlines
Lake,Lake,Lake Adobed,14.3,Ethiopia,1,Africa,11.382,41.5921,,Calculated from Natural Earth outlines
Lake,Lake,Lake Rotoiti,9.5,New Zealand,1,Oceania,-41.8337,172.8402,Q1801067,Calculated from Natural Earth outlines
Lake,Lake,Lake Te Anau,0.0,New Zealand,1,Oceania,-45.0167,167.9522,Q1140471,Calculated from Natural Earth outlines
Ocean,Ocean,Pacific Ocean,168723000.0,"American Samoa, Australia, Canada, Chile, Colombia, Cook Islands, Costa Rica, Ecuador, El Salvador, Fiji, French Polynesia, Guatemala, Honduras, Indonesia, Japan, Kiribati, Marshall Islands, Mexico, Micronesia, Nauru, New Caledonia, New Zealand, Nicaragua, Niue, Norfolk Island, Palau, Panama, Papua New Guinea, Peru, Pitcairn, Russia, Samoa, Solomon Islands, Tonga, Tuvalu, United States, Vanuatu, Wallis and Futuna",38,"Asia, Europe, North America, Oceania, South America",,,,CIA World Factbook
Ocean,Ocean,Atlantic Ocean,85133000.0,"Angola, Argentina, Bahamas, Brazil, British Virgin Islands, Cabo Verde, Canada, Chile, Cuba, Democratic Republic of the Congo, Dominican Republic, Equatorial Guinea, Falkland Islands, Faroe Islands, France, Gabon, Gambia, Greenland, Guinea, Guinea-Bissau, Guyana, Haiti, Iceland, Ireland, Ivory Coast, Liberia, Mauritania, Morocco, Namibia, Norway, Portugal, Puerto Rico, Republic of the Congo, Saint Helena, Saint Pierre and Miquelon, Sao Tome and Principe, Senegal, Sierra Leone, South Africa, South Georgia and the South Sandwich Islands, Spain, Suriname, Turks and Caicos Islands, United Kingdom, United States, Uruguay, Venezuela",47,"Africa, Antarctica, Europe, North America, South America",,,,CIA World Factbook
Ocean,Ocean,Indian Ocean,70560000.0,"Australia, British Indian Ocean Territory, France, French Southern Territories, Indonesia, Kenya, Madagascar, Maldives, Mauritius, Mozambique, New Zealand, Seychelles, Somalia, South Africa, Sri Lanka, Tanzania",16,"Africa, Antarctica, Asia, Europe, Oceania",,,,CIA World Factbook
Ocean,Ocean,Southern Ocean,21960000.0,,0,,,,,CIA World Factbook
Ocean,Ocean,Arctic Ocean,15558000.0,"Canada, Greenland, Norway, Russia, United States",5,"Europe, North America",,,,CIA World Factbook
Sea & coastal water,Sea,Philippine Sea,5537108.0,"Micronesia, Guam, Indonesia, Japan, Northern Mariana Islands, Philippines, Palau, Taiwan",8,"Asia, Oceania",18.9479,134.2027,Q159183,Calculated from Natural Earth outlines
Sea & coastal water,Sea,Arabian Sea,4104944.6,"India, Iran, Maldives, Oman, Pakistan, Somalia, Yemen",7,"Africa, Asia",12.4648,62.8744,Q58705,Calculated from Natural Earth outlines
Sea & coastal water,Sea,Coral Sea,3978875.1,"Australia, New Caledonia, Papua New Guinea, Solomon Islands, Vanuatu",5,Oceania,-19.4085,158.345,Q82931,Calculated from Natural Earth outlines
Sea & coastal water,Sea,Tasman Sea,3399827.9,"Australia, New Zealand",2,Oceania,-40.3325,161.8048,Q33254,Calculated from Natural Earth outlines
Sea & coastal water,Sea,South China Sea,3169714.4,"Brunei, China, Hong Kong, Indonesia, Macao, Malaysia, Philippines, Taiwan, Vietnam",9,Asia,10.2603,112.7457,Q37660,Calculated from Natural Earth outlines
Sea & coastal water,Sea,Sargasso Sea,3025133.3,Bermuda,1,North America,28.3096,-60.0419,Q169274,Calculated from Natural Earth outlines
Sea & coastal water,Sea,Caribbean Sea,2829009.0,"Aruba, Anguilla, Antigua and Barbuda, Saint Barthelemy, Belize, Barbados, Colombia, Costa Rica, Cuba, Curacao, Cayman Islands, Dominica, Dominican Republic, France, Grenada, Honduras, Haiti, Jamaica, Saint Kitts and Nevis, Saint Lucia, Saint Martin, Mexico, Montserrat, Nicaragua, The Netherlands, Panama, Puerto Rico, Sint Maarten, Trinidad and Tobago, Saint Vincent and the Grenadines, Venezuela, British Virgin Islands, U.S. Virgin Islands",33,"Europe, North America, South America",15.5943,-72.7225,Q1247,Calculated from Natural Earth outlines
Sea & coastal water,Sea,Bering Sea,2233648.0,"Russia, United States",2,"Europe, North America",57.3059,-170.8924,Q44725,Calculated from Natural Earth outlines
Sea & coastal water,Bay,Bay of Bengal,2032040.0,"Bangladesh, Indonesia, India, Sri Lanka, Myanmar",5,Asia,14.5283,86.5895,Q38684,Calculated from Natural Earth outlines
Sea & coastal water,Sea,Norwegian Sea,1604600.2,"Faroe Islands, United Kingdom, Iceland, Norway",4,Europe,68.4978,2.0406,Q47545,Calculated from Natural Earth outlines
Sea & coastal water,Sea,Mediterranean Sea,1568163.4,"Cyprus, Algeria, Egypt, Spain, France, Greece, Israel, Italy, Lebanon, Libya, Monaco, Malta, Syria, Tunisia, Turkey",15,"Africa, Asia, Europe",37.3195,3.9508,Q4918,Calculated from Natural Earth outlines
Sea & coastal water,Sea,Sea of Okhotsk,1458050.2,"Japan, Russia",2,"Asia, Europe",51.552,149.9337,Q41602,Calculated from Natural Earth outlines
Sea & coastal water,Gulf,Great Australian Bight,1429575.9,Australia,1,Oceania,-37.4972,133.1184,Q186733,Calculated from Natural Earth outlines
Sea & coastal water,Gulf,Gulf of Mexico,1401583.5,"Cuba, Mexico, United States",3,North America,25.7435,-89.2579,Q12630,Calculated from Natural Earth outlines
Sea & coastal water,Channel,Mozambique Channel,1384783.2,"French Southern Territories, Comoros, France, Madagascar, Mozambique",5,"Africa, Antarctica, Europe",-18.5972,40.3239,Q165100,Calculated from Natural Earth outlines
Sea & coastal water,Sea,Barents Sea,1370225.0,"Norway, Russia",2,Europe,74.303,38.3228,Q45823,Calculated from Natural Earth outlines
Sea & coastal water,Sea,Greenland Sea,1178859.9,"Greenland, Iceland, Norway",3,"Europe, North America",74.2773,-6.7972,Q132868,Calculated from Natural Earth outlines
Sea & coastal water,Sea,Weddell Sea,1127284.5,,0,,-77.2964,-54.8097,Q173343,Calculated from Natural Earth outlines
Sea & coastal water,Sea,Ross Sea,1062788.4,,0,,-78.5968,-168.1692,Q164466,Calculated from Natural Earth outlines
Sea & coastal water,Sea,Sea of Japan,958589.6,"Japan, South Korea, North Korea, Russia",4,"Asia, Europe",43.0726,137.346,Q27092,Calculated from Natural Earth outlines
Sea & coastal water,Sea,Labrador Sea,869987.5,"Canada, Greenland",2,North America,53.8859,-52.7182,Q184189,Calculated from Natural Earth outlines
Sea & coastal water,Sea,Kara Sea,819294.8,Russia,1,Europe,74.8065,73.2146,Q33629,Calculated from Natural Earth outlines
Sea & coastal water,Sea,Laccadive Sea,814250.8,"India, Sri Lanka, Maldives",3,Asia,7.0726,75.9568,Q544914,Calculated from Natural Earth outlines
Sea & coastal water,Bay,Hudson Bay,771375.9,Canada,1,North America,60.3319,-86.1426,Q3040,Calculated from Natural Earth outlines
Sea & coastal water,Sea,Solomon Sea,745745.3,"Papua New Guinea, Solomon Islands",2,Oceania,-8.0224,152.4854,Q199479,Calculated from Natural Earth outlines
Sea & coastal water,Sea,Banda Sea,731976.9,"Indonesia, Timor Leste",2,"Asia, Oceania",-4.8043,127.7808,Q171510,Calculated from Natural Earth outlines
Sea & coastal water,Sea,East China Sea,729015.3,"China, Japan, South Korea, Taiwan",4,Asia,28.456,125.533,Q45341,Calculated from Natural Earth outlines
Sea & coastal water,Sea,Arafura Sea,727505.6,"Australia, Indonesia, Papua New Guinea",3,"Asia, Oceania",-7.7536,134.7131,Q128880,Calculated from Natural Earth outlines
Sea & coastal water,Sea,East Siberian Sea,666255.3,Russia,1,Europe,72.9576,158.5982,Q163434,Calculated from Natural Earth outlines
Sea & coastal water,Strait,Davis Strait,652671.3,"Canada, Greenland",2,North America,65.0788,-57.838,Q189262,Calculated from Natural Earth outlines
Sea & coastal water,Gulf,Gulf of Guinea,637211.1,"Ivory Coast, Cameroon, Gabon, Ghana, Equatorial Guinea, Liberia, Nigeria, Sao Tome and Principe",8,Africa,2.6372,4.0266,Q41430,Calculated from Natural Earth outlines
Sea & coastal water,Sea,Andaman Sea,619716.5,"Indonesia, India, Myanmar, Thailand",4,Asia,11.0602,95.4606,Q47632,Calculated from Natural Earth outlines
Sea & coastal water,Sea,Java Sea,549385.0,Indonesia,1,Asia,-5.1649,112.4323,Q49364,Calculated from Natural Earth outlines
Sea & coastal water,Channel,The North Western Passages,549014.0,Canada,1,North America,73.3965,-102.9488,Q81136,Calculated from Natural Earth outlines
Sea & coastal water,Sea,Laptev Sea,519497.4,Russia,1,Europe,76.0021,125.5978,Q7988,Calculated from Natural Earth outlines
Sea & coastal water,Sea,Beaufort Sea,507913.9,"Canada, United States",2,North America,72.7946,-135.9571,Q131274,Calculated from Natural Earth outlines
Sea & coastal water,Sea,North Sea,505439.2,"Belgium, Germany, Denmark, France, United Kingdom, The Netherlands, Norway",7,Europe,55.7398,3.1158,Q1693,Calculated from Natural Earth outlines
Sea & coastal water,Sea,Celebes Sea,458890.9,"Indonesia, Malaysia, Philippines",3,Asia,4.3257,121.853,Q19270,Calculated from Natural Earth outlines
Sea & coastal water,Bay,Baffin Bay,449263.4,"Canada, Greenland",2,North America,74.371,-68.9891,Q37040,Calculated from Natural Earth outlines
Sea & coastal water,Sea,Red Sea,446186.8,"Djibouti, Egypt, Eritrea, Saudi Arabia, Sudan, Yemen",6,"Africa, Asia",20.3418,38.4975,Q23406,Calculated from Natural Earth outlines
Sea & coastal water,Sea,Black Sea,422184.4,"Bulgaria, Georgia, Romania, Russia, Turkey, Ukraine",6,"Asia, Europe",44.136,33.8038,Q166,Calculated from Natural Earth outlines
Sea & coastal water,Sea,Timor Sea,402857.0,"Australia, Indonesia, Timor Leste",3,"Asia, Oceania",-11.0495,127.4396,Q131418,Calculated from Natural Earth outlines
Sea & coastal water,Sea,Caspian Sea,379285.8,"Azerbaijan, Iran, Kazakhstan, Russia, Turkmenistan",5,"Asia, Europe",41.8651,50.5065,Q5484,Calculated from Natural Earth outlines
Sea & coastal water,Sea,Yellow Sea,376581.3,"China, South Korea, North Korea",3,Asia,35.9958,123.4774,Q37960,Calculated from Natural Earth outlines
Sea & coastal water,Sea,Davis Sea,364334.7,,0,,-65.2613,94.1023,Q509321,Calculated from Natural Earth outlines
Sea & coastal water,Sea,Chukchi Sea,359269.3,"Russia, United States",2,"Europe, North America",68.53,-172.2625,Q159252,Calculated from Natural Earth outlines
Sea & coastal water,Reef,Great Barrier Reef,348349.4,Australia,1,Oceania,-17.0014,146.357,Q7343,Calculated from Natural Earth outlines
Sea & coastal water,Sea,Bismarck Sea,330969.8,Papua New Guinea,1,Oceania,-3.6827,148.1187,Q199436,Calculated from Natural Earth outlines
Sea & coastal water,Sea,Sulu Sea,326342.3,"Malaysia, Philippines",2,Asia,8.9305,120.6426,Q160194,Calculated from Natural Earth outlines
Sea & coastal water,Gulf,Gulf of Alaska,324998.1,United States,1,North America,57.3591,-147.3598,Q180531,Calculated from Natural Earth outlines
Sea & coastal water,Gulf,Gulf of Thailand,298543.0,"Cambodia, Malaysia, Thailand, Vietnam",4,Asia,9.8423,102.0553,Q131217,Calculated from Natural Earth outlines
Sea & coastal water,Gulf,Gulf of Carpentaria,289962.3,Australia,1,Oceania,-14.9616,138.5535,Q180844,Calculated from Natural Earth outlines
Sea & coastal water,Gulf,Gulf of Aden,258443.2,"Djibouti, Somalia, Yemen",3,"Africa, Asia",12.8778,48.1709,Q41837,Calculated from Natural Earth outlines
Sea & coastal water,Gulf,Persian Gulf,243426.4,"United Arab Emirates, Bahrain, Iran, Iraq, Kuwait, Oman, Qatar, Saudi Arabia",8,Asia,27.2553,51.0675,Q34675,Calculated from Natural Earth outlines
Sea & coastal water,Gulf,Gulf of Saint Lawrence,242088.3,"Canada, Saint Pierre and Miquelon",2,North America,48.5455,-61.7125,Q169523,Calculated from Natural Earth outlines
Sea & coastal water,Bay,Bay of Biscay,217379.4,"Spain, France",2,Europe,45.8656,-4.063,Q41573,Calculated from Natural Earth outlines
Sea & coastal water,Sea,Molucca Sea,217196.0,Indonesia,1,Asia,1.2161,126.2336,Q185291,Calculated from Natural Earth outlines
Sea & coastal water,Sea,Tyrrhenian Sea,216971.8,"France, Italy",2,Europe,40.8983,11.815,Q38882,Calculated from Natural Earth outlines
Sea & coastal water,Sea,Baltic Sea,207011.9,"Germany, Denmark, Estonia, Finland, Lithuania, Latvia, Poland, Russia, Sweden",9,Europe,56.8587,18.9877,Q545,Calculated from Natural Earth outlines
Sea & coastal water,Bay,Foxe Basin,205764.2,Canada,1,North America,67.1608,-76.8677,Q845217,Calculated from Natural Earth outlines
Sea & coastal water,Strait,Strait of Malacca,197024.1,"Indonesia, Malaysia, Thailand",3,Asia,4.5247,99.3745,Q48359,Calculated from Natural Earth outlines
Sea & coastal water,Sea,Bellingshausen Sea,193807.1,,0,,-71.3983,-82.1029,Q183455,Calculated from Natural Earth outlines
Sea & coastal water,Strait,Makassar Strait,187199.0,Indonesia,1,Asia,-1.9803,117.8604,Q194477,Calculated from Natural Earth outlines
Sea & coastal water,Gulf,Golfo de California,171743.6,Mexico,1,North America,27.599,-111.5295,Q132811,Calculated from Natural Earth outlines
Sea & coastal water,Sea,Ionian Sea,169264.1,"Albania, Greece, Italy",3,Europe,38.4906,18.8194,Q37495,Calculated from Natural Earth outlines
Sea & coastal water,Strait,Hudson Strait,162379.2,Canada,1,North America,62.5568,-73.914,Q207702,Calculated from Natural Earth outlines
Sea & coastal water,Bay,Bahía de Campeche,160329.8,Mexico,1,North America,19.6485,-93.5476,Q61304,Calculated from Natural Earth outlines
Sea & coastal water,Sea,Ceram Sea,157227.2,Indonesia,1,Asia,-3.2612,131.6717,Q210855,Calculated from Natural Earth outlines
Sea & coastal water,Sea,Adriatic Sea,140929.9,"Albania, Bosnia and Herzegovina, Greece, Croatia, Italy, Montenegro, Slovenia",7,Europe,42.7435,15.9585,Q13924,Calculated from Natural Earth outlines
Sea & coastal water,Gulf,Shelikhova Gulf,131371.5,Russia,1,Europe,60.3047,158.3883,Q639399,Calculated from Natural Earth outlines
Sea & coastal water,Gulf,Gulf of Bothnia,120168.8,"Finland, Sweden",2,Europe,62.7632,19.5577,Q122574,Calculated from Natural Earth outlines
Sea & coastal water,Sea,Aegean Sea,118578.3,"Greece, Turkey",2,"Asia, Europe",38.7533,25.2789,Q34575,Calculated from Natural Earth outlines
Sea & coastal water,Gulf,Gulf of Tonkin,115363.6,"China, Vietnam",2,Asia,19.8965,107.6298,Q212428,Calculated from Natural Earth outlines
Sea & coastal water,Sea,Flores Sea,114568.0,Indonesia,1,Asia,-7.2223,118.9954,Q150370,Calculated from Natural Earth outlines
Sea & coastal water,Gulf,Gulf of Oman,108471.3,"United Arab Emirates, Iran, Oman",3,Asia,24.4026,58.8515,Q79948,Calculated from Natural Earth outlines
Sea & coastal water,Strait,Bass Strait,107669.0,Australia,1,Oceania,-39.3628,146.0374,Q171846,Calculated from Natural Earth outlines
Sea & coastal water,Bay,Prydz Bay,105538.2,,0,,-70.5368,70.4619,Q156116,Calculated from Natural Earth outlines
Sea & coastal water,Sea,Savu Sea,101984.1,"Indonesia, Timor Leste",2,"Asia, Oceania",-9.5731,122.0029,Q193465,Calculated from Natural Earth outlines
Sea & coastal water,Channel,English Channel,96686.0,"France, United Kingdom, Guernsey, Jersey",4,Europe,49.8023,-2.9879,Q34640,Calculated from Natural Earth outlines
Sea & coastal water,Gulf,Gulf of Anadyr',95360.4,Russia,1,Europe,62.9915,-178.4247,Q483824,Calculated from Natural Earth outlines
Sea & coastal water,Sea,White Sea,92387.1,Russia,1,Europe,66.2433,35.593,Q44133,Calculated from Natural Earth outlines
Sea & coastal water,Strait,Korea Strait,90914.8,"Japan, South Korea",2,Asia,34.1226,128.6922,Q52052,Calculated from Natural Earth outlines
Sea & coastal water,Sea,Amundsen Sea,90360.2,,0,,-73.7078,-108.088,Q72154,Calculated from Natural Earth outlines
Sea & coastal water,Strait,Straits of Florida,85579.3,"Bahamas, Cuba, United States",3,North America,24.8354,-79.1349,Q232912,Calculated from Natural Earth outlines
Sea & coastal water,Sound,McMurdo Sound,83342.8,,0,,-75.6541,165.9207,Q1056751,Calculated from Natural Earth outlines
Sea & coastal water,Sea,Balearic Sea,79298.9,Spain,1,Europe,40.2128,2.1597,Q200712,Calculated from Natural Earth outlines
Sea & coastal water,Sea,Bo Hai,77862.6,China,1,Asia,39.0137,119.5628,Q181969,Calculated from Natural Earth outlines
Sea & coastal water,Gulf,Amundsen Gulf,75179.7,Canada,1,North America,70.6007,-122.749,Q1974744,Calculated from Natural Earth outlines
Sea & coastal water,Sea,Sea of Crete,75159.9,"Greece, Turkey",2,"Asia, Europe",36.5737,24.6813,Q193149,Calculated from Natural Earth outlines
Sea & coastal water,Strait,Bransfield Strait,74913.0,,0,,-63.1629,-59.5267,Q898839,Calculated from Natural Earth outlines
Sea & coastal water,Gulf,Gulf of Maine,70912.7,"Canada, United States",2,North America,43.2417,-68.5176,Q876470,Calculated from Natural Earth outlines
Sea & coastal water,Bay,James Bay,68928.6,Canada,1,North America,52.7995,-79.7332,Q223810,Calculated from Natural Earth outlines
Sea & coastal water,Gulf,Gulf of Yana,64795.0,Russia,1,Europe,73.1108,137.4805,Q2363133,Calculated from Natural Earth outlines
Sea & coastal water,Bay,Bristol Bay,62097.3,United States,1,North America,57.4464,-159.906,Q917872,Calculated from Natural Earth outlines
Sea & coastal water,Gulf,Gulf of Sidra,58995.4,Libya,1,Africa,31.205,18.4801,Q187274,Calculated from Natural Earth outlines
Sea & coastal water,Gulf,Gulf of Tomini,57579.4,Indonesia,1,Asia,-0.4939,121.7661,Q1507546,Calculated from Natural Earth outlines
Sea & coastal water,Sound,Viscount Melville Sound,55760.5,Canada,1,North America,74.0844,-110.0385,Q5605258,Calculated from Natural Earth outlines
Sea & coastal water,Sea,Alboran Sea,54925.0,"Algeria, Spain, Gibraltar, Morocco",4,"Africa, Europe",35.9753,-3.5919,Q199408,Calculated from Natural Earth outlines
Sea & coastal water,Gulf,Gulf of Boothia,54302.0,Canada,1,North America,69.1209,-86.8782,Q919520,Calculated from Natural Earth outlines
Sea & coastal water,Bay,Bight of Benin,53638.3,"Benin, Ghana, Nigeria, Togo",4,Africa,5.633,3.3898,Q47530,Calculated from Natural Earth outlines
Sea & coastal water,Gulf,Gulf of Ob,53059.7,Russia,1,Europe,69.5606,73.1797,Q745945,Calculated from Natural Earth outlines
Sea & coastal water,Sea,Irish Sea,50894.0,"United Kingdom, Isle of Man, Ireland",3,Europe,53.326,-5.3508,Q41735,Calculated from Natural Earth outlines
Sea & coastal water,Bay,Ungava Bay,49723.0,Canada,1,North America,59.3641,-67.5629,Q1165951,Calculated from Natural Earth outlines
Sea & coastal water,Strait,Taiwan Strait,48786.7,"China, Taiwan",2,Asia,24.1761,119.2124,Q127031,Calculated from Natural Earth outlines
Sea & coastal water,Strait,Denmark Strait,46296.4,"Greenland, Iceland",2,"Europe, North America",67.1391,-27.3226,Q152058,Calculated from Natural Earth outlines
Sea & coastal water,Sea,Inner Seas,44733.9,"United Kingdom, Ireland",2,Europe,56.5841,-6.9983,Q1971856,Calculated from Natural Earth outlines
Sea & coastal water,Sea,Bali Sea,43399.0,Indonesia,1,Asia,-8.0351,115.8062,Q277014,Calculated from Natural Earth outlines
Sea & coastal water,Sea,Halmahera Sea,42589.5,Indonesia,1,Asia,-0.6085,129.1836,Q212083,Calculated from Natural Earth outlines
Sea & coastal water,Sea,Lincoln Sea,41820.4,"Canada, Greenland",2,North America,82.5715,-55.2195,Q243125,Calculated from Natural Earth outlines
Sea & coastal water,Strait,M'Clure Strait,41109.8,Canada,1,North America,74.8234,-119.4487,Q1135336,Calculated from Natural Earth outlines
Sea & coastal water,Gulf,Gulf of Papua,40554.4,Papua New Guinea,1,Oceania,-8.2042,144.8679,Q1254743,Calculated from Natural Earth outlines
Sea & coastal water,Sea,Bohol Sea,39567.7,Philippines,1,Asia,9.5192,124.4412,Q242326,Calculated from Natural Earth outlines
Sea & coastal water,Gulf,Gulf St. Vincent,39516.4,Australia,1,Oceania,-34.2098,136.8897,Q1323629,Calculated from Natural Earth outlines
Sea & coastal water,Channel,Saint Lawrence River,38477.6,"Canada, United States",2,North America,47.6817,-69.9036,Q134750,Calculated from Natural Earth outlines
Sea & coastal water,Sea,Sea of Azov,37567.6,"Russia, Ukraine",2,Europe,46.2733,36.7896,Q35000,Calculated from Natural Earth outlines
Sea & coastal water,Sound,George VI Sound,35969.8,,0,,-71.5795,-67.8121,Q2831049,Calculated from Natural Earth outlines
Sea & coastal water,Gulf,Gulf of Mannar,34252.9,"India, Sri Lanka",2,Asia,8.2421,78.7901,Q622811,Calculated from Natural Earth outlines
Sea & coastal water,Fjord,Skagerrak,32557.2,"Denmark, Norway, Sweden",3,Europe,58.3349,9.896,Q1695,Calculated from Natural Earth outlines
Sea & coastal water,Sound,Queen Charlotte Sound,32444.5,Canada,1,North America,52.0468,-129.6303,Q2565098,Calculated from Natural Earth outlines
Sea & coastal water,Gulf,Río de la Plata,32379.9,"Argentina, Uruguay",2,South America,-34.4188,-58.1842,Q35827,Calculated from Natural Earth outlines
Sea & coastal water,Bay,Bight of Biafra,31613.3,"Cameroon, Equatorial Guinea, Nigeria",3,Africa,3.9331,8.3582,Q999031,Calculated from Natural Earth outlines
Sea & coastal water,Gulf,Gulf of Finland,30385.3,"Estonia, Finland, Russia",3,Europe,59.8877,26.1311,Q14686,Calculated from Natural Earth outlines
Sea & coastal water,Gulf,Gulf of Martaban,30058.3,Myanmar,1,Asia,16.2116,96.7581,Q138708,Calculated from Natural Earth outlines
Sea & coastal water,Gulf,Golfo de Panamá,30008.3,Panama,1,North America,8.2551,-79.3438,Q645012,Calculated from Natural Earth outlines
Sea & coastal water,Gulf,Karaginskiy Gulf,29821.3,Russia,1,Europe,59.1043,163.5841,Q2391874,Calculated from Natural Earth outlines
Sea & coastal water,Bay,Kane Basin,29549.4,"Canada, Greenland",2,North America,79.6203,-69.1525,Q1510928,Calculated from Natural Earth outlines
Sea & coastal water,Sea,Sibuyan Sea,29222.8,Philippines,1,Asia,12.5228,122.6837,Q594834,Calculated from Natural Earth outlines
Sea & coastal water,Strait,Hecate Strait,28917.2,"Canada, United States",2,North America,53.7827,-131.073,Q1592911,Calculated from Natural Earth outlines
Sea & coastal water,Gulf,Joseph Bonaparte Gulf,27478.3,Australia,1,Oceania,-14.4388,128.6428,Q1706655,Calculated from Natural Earth outlines
Sea & coastal water,Sound,Norton Sound,27057.0,United States,1,North America,63.9832,-162.819,Q1973692,Calculated from Natural Earth outlines
Sea & coastal water,Bay,Melville Bay,27044.1,Greenland,1,North America,75.2261,-60.4992,Q2336534,Calculated from Natural Earth outlines
Sea & coastal water,Strait,Torres Strait,26365.7,"Australia, Papua New Guinea",2,Oceania,-10.1728,142.317,Q179188,Calculated from Natural Earth outlines
Sea & coastal water,Gulf,Golfo San Jorge,26149.4,Argentina,1,South America,-46.1097,-66.6753,Q1536292,Calculated from Natural Earth outlines
Sea & coastal water,Bay,Uchiura Bay,25777.9,Japan,1,Asia,41.6084,142.082,Q1036267,Calculated from Natural Earth outlines
Sea & coastal water,Sound,Cumberland Sound,25525.9,Canada,1,North America,65.2034,-65.8727,Q938327,Calculated from Natural Earth outlines
Sea & coastal water,Sound,Jones Sound,25417.4,Canada,1,North America,76.0842,-84.9673,Q1703405,Calculated from Natural Earth outlines
Sea & coastal water,Gulf,Golfo Corcovado,24717.8,Chile,1,South America,-43.5432,-73.4555,Q2328243,Calculated from Natural Earth outlines
Sea & coastal water,Gulf,Wrigley Gulf,24710.2,,0,,-74.1261,-128.5316,Q281638,Calculated from Natural Earth outlines
Sea & coastal water,Bay,Marguerite Bay,24130.4,,0,,-68.3754,-68.4759,Q141727,Calculated from Natural Earth outlines
Sea & coastal water,Sea,Kattegat,24035.6,"Denmark, Sweden",2,Europe,57.0969,11.3245,Q131716,Calculated from Natural Earth outlines
Sea & coastal water,Sea,Inner Sea,24021.9,Japan,1,Asia,33.8302,131.8436,Q231312,Calculated from Natural Earth outlines
Sea & coastal water,Gulf,Gulf of Khambhät,23106.4,India,1,Asia,21.027,72.2692,Q654010,Calculated from Natural Earth outlines
Sea & coastal water,Bay,Sulzberger Bay,23088.1,,0,,-76.958,-153.7042,Q281737,Calculated from Natural Earth outlines
Sea & coastal water,Bay,Lützow-Holm Bay,23053.7,,0,,-69.4563,37.3816,Q156123,Calculated from Natural Earth outlines
Sea & coastal water,Bay,Uda Bay,23022.7,Russia,1,Europe,55.1374,136.5853,Q1141758,Calculated from Natural Earth outlines
Sea & coastal water,Channel,Bristol Channel,20905.6,United Kingdom,1,Europe,50.9389,-5.3042,Q188203,Calculated from Natural Earth outlines
Sea & coastal water,Bay,Cook Inlet,19416.3,United States,1,North America,60.1901,-152.1253,Q1129590,Calculated from Natural Earth outlines
Sea & coastal water,Sea,Salish Sea,19213.8,"Canada, United States",2,North America,48.7302,-123.055,Q2097617,Calculated from Natural Earth outlines
Sea & coastal water,Sea,Visayan Sea,18211.6,Philippines,1,Asia,11.325,123.7537,Q474708,Calculated from Natural Earth outlines
Sea & coastal water,Gulf,Gulf of Riga,18198.0,"Estonia, Latvia",2,Europe,58.0092,23.2944,Q174731,Calculated from Natural Earth outlines
Sea & coastal water,Gulf,Golfo San Matías,17670.7,Argentina,1,South America,-41.6559,-64.3057,Q1459954,Calculated from Natural Earth outlines
Sea & coastal water,Gulf,Golfo de Tehuantepec,17391.4,Mexico,1,North America,15.819,-94.7825,Q2272405,Calculated from Natural Earth outlines
Sea & coastal water,Bay,Geographe Bay,17383.3,Australia,1,Oceania,-32.1444,115.3741,Q1503116,Calculated from Natural Earth outlines
Sea & coastal water,Sound,Peacock Sound,17234.6,,0,,-72.6569,-99.0155,Q1618810,Calculated from Natural Earth outlines
Sea & coastal water,Bay,Garabogaz Bay,16956.6,Turkmenistan,1,Asia,41.3978,53.5368,Q239379,Calculated from Natural Earth outlines
Sea & coastal water,Gulf,Golfe du Lion,16864.4,"Spain, France",2,Europe,42.7144,3.8006,Q210118,Calculated from Natural Earth outlines
Sea & coastal water,Gulf,Gulf of Buli,16851.3,Indonesia,1,Asia,0.6864,128.93,,Calculated from Natural Earth outlines
Sea & coastal water,Bay,Bay of Fundy,15545.5,"Canada, United States",2,North America,45.0451,-66.0771,Q181857,Calculated from Natural Earth outlines
Sea & coastal water,Gulf,Gulf of Honduras,15242.9,"Belize, Guatemala, Honduras",3,North America,16.5606,-87.9887,Q795608,Calculated from Natural Earth outlines
Sea & coastal water,Gulf,Khatanga Gulf,14923.7,Russia,1,Europe,74.04,110.1276,Q939905,Calculated from Natural Earth outlines
Sea & coastal water,Gulf,Yenisey Gulf,14855.3,Russia,1,Europe,71.7333,81.9465,Q1338198,Calculated from Natural Earth outlines
Sea & coastal water,Bay,Vincennes Bay,14293.1,,0,,-66.4972,108.9593,Q281808,Calculated from Natural Earth outlines
Sea & coastal water,Gulf,Gulf of Sakhalin,14222.6,Russia,1,Europe,53.7748,141.5345,Q715484,Calculated from Natural Earth outlines
Sea & coastal water,Bay,Bahía Grande,13795.4,"Argentina, Chile",2,South America,-51.0172,-68.6579,,Calculated from Natural Earth outlines
Sea & coastal water,Fjord,Kangertittivaq,13793.5,Greenland,1,North America,70.8097,-24.7739,Q426453,Calculated from Natural Earth outlines
Sea & coastal water,Strait,Palk Strait,13769.0,"India, Sri Lanka",2,Asia,9.6306,79.5614,Q186299,Calculated from Natural Earth outlines
Sea & coastal water,Strait,Estrecho de Magellanes,13754.2,"Argentina, Chile",2,South America,-53.1751,-70.6933,Q48365,Calculated from Natural Earth outlines
Sea & coastal water,Bay,Bay of Plenty,13673.2,New Zealand,1,Oceania,-37.3207,176.7437,Q140290,Calculated from Natural Earth outlines
Sea & coastal water,Sea,Samar Sea,13290.0,Philippines,1,Asia,12.1161,124.2152,Q392623,Calculated from Natural Earth outlines
Sea & coastal water,Fjord,Vestfjorden,13170.8,Norway,1,Europe,67.6289,14.0661,Q1753121,Calculated from Natural Earth outlines
Sea & coastal water,Sea,Ligurian Sea,13135.0,"France, Italy",2,Europe,43.424,9.0649,Q42820,Calculated from Natural Earth outlines
Sea & coastal water,Bay,Disko Bay,12374.9,Greenland,1,North America,69.5376,-51.6152,Q1135227,Calculated from Natural Earth outlines
Sea & coastal water,Lagoon,Lago de Maracaibo,12196.6,Venezuela,1,South America,9.9238,-71.5996,Q182137,Calculated from Natural Earth outlines
Sea & coastal water,Sound,Kotzebue Sound,11701.3,United States,1,North America,66.6309,-163.0833,Q943234,Calculated from Natural Earth outlines
Sea & coastal water,Bay,Chesapeake Bay,11656.5,United States,1,North America,38.2448,-76.1329,Q216868,Calculated from Natural Earth outlines
Sea & coastal water,Strait,Selat Dampier,11595.6,Indonesia,1,Asia,-0.6804,131.04,Q3233971,Calculated from Natural Earth outlines
Sea & coastal water,Sea,Sea of Marmara,11559.2,Turkey,1,Asia,40.6977,28.3482,Q35367,Calculated from Natural Earth outlines
Sea & coastal water,Gulf,Golfo de Guayaquil,11287.1,"Ecuador, Peru",2,South America,-2.8987,-80.5773,Q1138929,Calculated from Natural Earth outlines
Sea & coastal water,Strait,Vil'kitskogo Strait,11075.3,Russia,1,Europe,77.8373,102.9062,,Calculated from Natural Earth outlines
Sea & coastal water,Fjord,Storfjorden,10662.4,Norway,1,Europe,77.6508,19.7805,Q2097444,Calculated from Natural Earth outlines
Sea & coastal water,Gulf,Gulf of Suez,10567.9,Egypt,1,Africa,28.5991,33.0566,Q168277,Calculated from Natural Earth outlines
Sea & coastal water,River,Amazon River,10517.0,Brazil,1,South America,-1.1221,-50.7471,Q3783,Calculated from Natural Earth outlines
Sea & coastal water,Bay,Mackenzie Bay,10072.7,Canada,1,North America,69.1857,-137.0192,Q4275770,Calculated from Natural Earth outlines
Sea & coastal water,Lagoon,Lagoa dos Patos,9832.9,Brazil,1,South America,-31.0671,-51.2196,,Calculated from Natural Earth outlines
Sea & coastal water,Sound,Prince William Sound,9300.7,United States,1,North America,60.5793,-147.0275,Q631282,Calculated from Natural Earth outlines
Sea & coastal water,Bay,Porpoise Bay,9286.9,,0,,-66.6252,128.1874,Q7230362,Calculated from Natural Earth outlines
Sea & coastal water,Gulf,Gulf of Kau,9233.2,Indonesia,1,Asia,1.6154,128.4752,,Calculated from Natural Earth outlines
Sea & coastal water,Fjord,Uummannaq Fjord,9205.0,Greenland,1,North America,71.3624,-53.9104,Q384323,Calculated from Natural Earth outlines
Sea & coastal water,Gulf,Gulf of Olen‘k,9142.3,Russia,1,Europe,73.2201,121.0572,,Calculated from Natural Earth outlines
Sea & coastal water,Bay,Baía de Marajó,9076.7,Brazil,1,South America,-1.4834,-48.6426,,Calculated from Natural Earth outlines
Sea & coastal water,Bay,Frobisher Bay,9023.0,Canada,1,North America,62.9799,-66.774,Q1004067,Calculated from Natural Earth outlines
Sea & coastal water,Gulf,Golfo de Penas,8985.9,Chile,1,South America,-47.1328,-74.8135,Q1536356,Calculated from Natural Earth outlines
Sea & coastal water,Gulf,Gulf of Gabès,8894.7,Tunisia,1,Africa,34.4454,10.7337,Q323760,Calculated from Natural Earth outlines
Sea & coastal water,Sound,Prince ALbert Sound,8423.2,Canada,1,North America,70.3996,-114.674,Q7243787,Calculated from Natural Earth outlines
Sea & coastal water,Gulf,Gulf of Masira,8211.7,Oman,1,Asia,19.8795,58.0942,,Calculated from Natural Earth outlines
Sea & coastal water,Bay,Hangzhou Bay,7861.6,China,1,Asia,30.4314,121.4329,Q700024,Calculated from Natural Earth outlines
Sea & coastal water,Gulf,Kronotskiy Gulf,7815.1,Russia,1,Europe,53.8959,160.38,Q2326240,Calculated from Natural Earth outlines
Sea & coastal water,Bay,Shark Bay,7680.7,Australia,1,Oceania,-25.3552,113.6465,Q217487,Calculated from Natural Earth outlines
Sea & coastal water,Bay,Chaun Bay,7625.9,Russia,1,Europe,69.3299,169.5362,Q915250,Calculated from Natural Earth outlines
Sea & coastal water,Bay,East Korea Bay,7536.0,North Korea,1,Asia,39.3349,127.8579,Q52060,Calculated from Natural Earth outlines
Sea & coastal water,Gulf,Gulf of Kamchatka,7474.9,Russia,1,Europe,55.7475,162.3496,Q2450069,Calculated from Natural Earth outlines
Sea & coastal water,Strait,Prince of Wales Strait,7352.8,Canada,1,North America,72.5713,-118.7283,Q156271,Calculated from Natural Earth outlines
Sea & coastal water,Gulf,Gulf of Kutch,6989.1,India,1,Asia,22.6658,69.5784,Q844917,Calculated from Natural Earth outlines
Sea & coastal water,Bay,Baía de São Marcos,6982.6,Brazil,1,South America,-2.5783,-43.9705,Q2060432,Calculated from Natural Earth outlines
Sea & coastal water,Gulf,Davao Gulf,6838.5,Philippines,1,Asia,6.6485,125.7485,Q1536317,Calculated from Natural Earth outlines
Sea & coastal water,Sound,Eclipse Sound,6768.8,Canada,1,North America,72.5859,-79.5025,Q5333028,Calculated from Natural Earth outlines
Sea & coastal water,Strait,Dmitriy Laptev Strait,6565.6,Russia,1,Europe,73.056,141.9467,Q1149827,Calculated from Natural Earth outlines
Sea & coastal water,Bay,Tayabas Bay,6460.2,Philippines,1,Asia,13.5131,121.3922,Q999060,Calculated from Natural Earth outlines
Sea & coastal water,Sound,Pamlico Sound,6148.8,United States,1,North America,35.292,-76.0353,Q2033236,Calculated from Natural Earth outlines
Sea & coastal water,Sound,Murchison Sound,6139.1,Greenland,1,North America,77.6251,-71.3121,,Calculated from Natural Earth outlines
Sea & coastal water,Gulf,Hall Basin,5878.6,"Canada, Greenland",2,North America,81.4621,-62.9625,Q1457158,Calculated from Natural Earth outlines
Sea & coastal water,Bay,Boca Grande,5692.1,Venezuela,1,South America,8.8924,-60.8045,,Calculated from Natural Earth outlines
Sea & coastal water,Strait,Tsugaru Strait,5691.5,Japan,1,Asia,41.3039,140.519,Q271521,Calculated from Natural Earth outlines
Sea & coastal water,Strait,Cook Strait,5580.2,New Zealand,1,Oceania,-41.2712,174.4668,Q5023,Calculated from Natural Earth outlines
Sea & coastal water,Bay,Mecklenburger Bucht,5551.4,"Germany, Denmark",2,Europe,54.3742,11.7386,Q317006,Calculated from Natural Earth outlines
Sea & coastal water,Strait,Tatar Strait,5398.4,Russia,1,Europe,52.6042,141.5352,Q110802,Calculated from Natural Earth outlines
Sea & coastal water,Strait,Queen Charlotte Strait,5302.2,Canada,1,North America,50.5807,-126.7043,Q1796011,Calculated from Natural Earth outlines
Sea & coastal water,Bay,Bay Inútil,5154.1,Chile,1,South America,-53.94,-70.2674,Q750763,Calculated from Natural Earth outlines
Sea & coastal water,Channel,Dixon Entrance,4927.9,"Canada, United States",2,North America,54.4203,-132.3923,Q1231779,Calculated from Natural Earth outlines
Sea & coastal water,Channel,Ronne Entrance,4847.9,,0,,-72.495,-74.7912,Q281730,Calculated from Natural Earth outlines
Sea & coastal water,Gulf,Leyte Gulf,4357.0,Philippines,1,Asia,10.7686,125.3509,Q240753,Calculated from Natural Earth outlines
Sea & coastal water,Bay,Hamilton Inlet,4353.1,Canada,1,North America,53.8589,-59.183,,Calculated from Natural Earth outlines
Sea & coastal water,Strait,Strait of Belle Isle,4342.7,Canada,1,North America,51.7391,-55.9328,Q815831,Calculated from Natural Earth outlines
Sea & coastal water,Gulf,Ragay Gulf,4104.0,Philippines,1,Asia,13.4795,122.8619,,Calculated from Natural Earth outlines
Sea & coastal water,River,Yangtze River,3784.2,China,1,Asia,31.5093,121.4843,Q5413,Calculated from Natural Earth outlines
Sea & coastal water,Strait,Strait of Singapore,3520.4,"Indonesia, Malaysia, Singapore",3,Asia,1.3489,104.2162,Q205655,Calculated from Natural Earth outlines
Sea & coastal water,Bay,Massachusetts Bay,3489.5,United States,1,North America,42.1569,-70.4911,Q959127,Calculated from Natural Earth outlines
Sea & coastal water,Bay,Hadley Bay,3473.5,Canada,1,North America,72.38,-108.2105,,Calculated from Natural Earth outlines
Sea & coastal water,Channel,Canal do Norte,3428.3,Brazil,1,South America,0.2871,-50.5937,,Calculated from Natural Earth outlines
Sea & coastal water,Strait,Fury and Hecla Strait,3325.0,Canada,1,North America,69.9143,-84.13,Q691945,Calculated from Natural Earth outlines
Sea & coastal water,Gulf,Gulf of Aqaba,3301.0,"Egypt, Israel, Jordan, Saudi Arabia",4,"Africa, Asia",29.0143,34.7732,Q81611,Calculated from Natural Earth outlines
Sea & coastal water,Channel,Kennedy Channel,3233.7,"Canada, Greenland",2,North America,80.8014,-66.4512,Q908591,Calculated from Natural Earth outlines
Sea & coastal water,Bay,Wager Bay,3224.0,Canada,1,North America,65.6297,-89.1298,Q2539134,Calculated from Natural Earth outlines
Sea & coastal water,Strait,Surigao Strait,3078.0,Philippines,1,Asia,10.1722,125.3265,Q1632248,Calculated from Natural Earth outlines
Sea & coastal water,Strait,Selat Bali,3038.4,Indonesia,1,Asia,-8.4624,114.6535,Q604492,Calculated from Natural Earth outlines
Sea & coastal water,Gulf,Liddon Gulf,2991.6,Canada,1,North America,75.0621,-113.0258,Q6543624,Calculated from Natural Earth outlines
Sea & coastal water,Sound,Long Island Sound,2930.3,United States,1,North America,41.0761,-72.9501,Q867460,Calculated from Natural Earth outlines
Sea & coastal water,Channel,Canal do Sul,2895.2,Brazil,1,South America,-0.2315,-50.6857,,Calculated from Natural Earth outlines
Sea & coastal water,Bay,Bahía Blanca,2787.3,Argentina,1,South America,-39.075,-61.9267,,Calculated from Natural Earth outlines
Sea & coastal water,Bay,Antongila Bay,2775.1,Madagascar,1,Africa,-15.8551,49.8815,Q803725,Calculated from Natural Earth outlines
Sea & coastal water,Channel,Robeson Channel,2751.2,"Canada, Greenland",2,North America,81.8402,-61.2771,Q1152327,Calculated from Natural Earth outlines
Sea & coastal water,Sound,Albemarle Sound,2572.8,United States,1,North America,36.1712,-76.0127,Q1441345,Calculated from Natural Earth outlines
Sea & coastal water,Sound,Seno Otway,2512.1,Chile,1,South America,-53.1825,-71.9785,Q4169149,Calculated from Natural Earth outlines
Sea & coastal water,Strait,Qiongzhou Strait,2414.9,China,1,Asia,20.1671,110.2391,Q1075679,Calculated from Natural Earth outlines
Sea & coastal water,Fjord,Trondheimsfjorden,2292.1,Norway,1,Europe,63.7226,9.1934,Q279579,Calculated from Natural Earth outlines
Sea & coastal water,Sound,Smith Sound,2279.8,Canada,1,North America,52.0756,-127.8911,Q7545320,Calculated from Natural Earth outlines
Sea & coastal water,Bay,Bathurst Inlet,2177.1,Canada,1,North America,67.0367,-107.869,Q810805,Calculated from Natural Earth outlines
Sea & coastal water,Sound,Øresund,2156.8,"Denmark, Sweden",2,Europe,55.6893,12.774,Q104662,Calculated from Natural Earth outlines
Sea & coastal water,Bay,Cordova Bay,2039.8,United States,1,North America,55.1564,-132.9687,Q5170043,Calculated from Natural Earth outlines
Sea & coastal water,Bay,Delaware Bay,2034.6,United States,1,North America,39.3714,-75.4406,Q738808,Calculated from Natural Earth outlines
Sea & coastal water,Sound,Seno de Skyring,2016.8,Chile,1,South America,-52.8817,-72.9523,Q7450889,Calculated from Natural Earth outlines
Sea & coastal water,Sound,Minto Inlet,2010.3,Canada,1,North America,71.3074,-117.43,,Calculated from Natural Earth outlines
Sea & coastal water,Lagoon,Waddenzee,1903.3,The Netherlands,1,Europe,53.1384,5.1379,Q26080,Calculated from Natural Earth outlines
Sea & coastal water,Gulf,Golfo de Urabá,1780.3,Colombia,1,South America,8.1987,-76.8626,Q761784,Calculated from Natural Earth outlines
Sea & coastal water,Bay,Darnley Bay,1557.9,Canada,1,North America,69.587,-123.7128,Q1166530,Calculated from Natural Earth outlines
Sea & coastal water,Lagoon,Husky Lakes,1535.6,Canada,1,North America,69.1537,-132.6719,Q22423345,Calculated from Natural Earth outlines
Sea & coastal water,Bay,Wynniatt Bay,1516.2,Canada,1,North America,72.6165,-110.8915,Q8040226,Calculated from Natural Earth outlines
Sea & coastal water,Lagoon,Lake Pontchartrain,1514.3,United States,1,North America,30.1885,-90.0587,Q1331750,Calculated from Natural Earth outlines
Sea & coastal water,Lagoon,Kaliningrad,1485.1,"Lithuania, Russia",2,Europe,55.3075,21.1031,,Calculated from Natural Earth outlines
Sea & coastal water,Bay,Guba Gusinaya,1475.5,Russia,1,Europe,71.9831,145.903,,Calculated from Natural Earth outlines
Sea & coastal water,Fjord,Boknafjorden,1380.3,Norway,1,Europe,59.2188,5.7157,Q225004,Calculated from Natural Earth outlines
Sea & coastal water,Bay,Richard Collinson Inlet,1349.0,Canada,1,North America,72.8851,-113.7507,Q7324843,Calculated from Natural Earth outlines
Sea & coastal water,Fjord,Sognefjorden,1312.8,Norway,1,Europe,61.1841,6.6668,Q208495,Calculated from Natural Earth outlines
Sea & coastal water,Bay,San Francisco Bay,1286.4,United States,1,North America,37.8121,-122.4121,Q232264,Calculated from Natural Earth outlines
Sea & coastal water,Bay,Sherman Basin,1252.4,Canada,1,North America,67.8384,-97.6776,,Calculated from Natural Earth outlines
Sea & coastal water,Inlet,Baird Inlet,1176.1,United States,1,North America,60.7836,-163.9118,Q4848613,Calculated from Natural Earth outlines
Sea & coastal water,Lagoon,Bras d'Or Lake,1161.3,Canada,1,North America,45.9627,-60.7955,Q898989,Calculated from Natural Earth outlines
Sea & coastal water,Channel,Goldsmith Channel,914.4,Canada,1,North America,73.1446,-106.1254,Q1550455,Calculated from Natural Earth outlines
Sea & coastal water,Bay,Monterey Bay,781.2,United States,1,North America,36.7666,-121.9129,Q584588,Calculated from Natural Earth outlines
Sea & coastal water,Lagoon,Ozero Mogotoyevo,780.5,Russia,1,Europe,72.2861,145.2378,Q2639916,Calculated from Natural Earth outlines
Sea & coastal water,Lagoon,Stettiner Haff,724.4,"Germany, Poland",2,Europe,53.8383,14.1802,,Calculated from Natural Earth outlines
Sea & coastal water,Strait,Matochkin Shar Strait,608.3,Russia,1,Europe,73.3298,55.6814,Q908356,Calculated from Natural Earth outlines
Sea & coastal water,Channel,Canal Perigoso,530.2,Brazil,1,South America,0.0726,-49.6746,,Calculated from Natural Earth outlines
Sea & coastal water,River,Columbia River,489.6,United States,1,North America,46.222,-123.7418,Q2251,Calculated from Natural Earth outlines
Sea & coastal water,Bay,Franklin Bay,485.4,Canada,1,North America,69.5228,-125.4159,Q5491299,Calculated from Natural Earth outlines
Sea & coastal water,Sea,Scotia Sea,470.2,,0,,-61.1615,-54.9221,Q204703,Calculated from Natural Earth outlines
Sea & coastal water,Channel,Dardanelles,362.3,Turkey,1,Asia,40.2294,26.4764,Q6514,Calculated from Natural Earth outlines
Sea & coastal water,Strait,Bosporus,117.8,Turkey,1,Asia,41.1211,29.0488,Q35958,Calculated from Natural Earth outlines
Sea & coastal water,Bay,St. Helena Bay,68.2,South Africa,1,Africa,-32.7165,17.9631,,Calculated from Natural Earth outlines
Sea & coastal water,Bay,Baia de Maputo,64.2,Mozambique,1,Africa,-26.1006,32.9278,Q1134899,Calculated from Natural Earth outlines
Sea & coastal water,Strait,Bab el Mandeb,61.3,"Djibouti, Eritrea, Yemen",3,"Africa, Asia",12.6277,43.9146,Q83318,Calculated from Natural Earth outlines
Sea & coastal water,Strait,La Pérouse Strait,38.9,"Japan, Russia",2,"Asia, Europe",45.461,141.8689,Q208054,Calculated from Natural Earth outlines
Sea & coastal water,Strait,Karskiye Strait,29.0,Russia,1,Europe,70.4491,58.9364,,Calculated from Natural Earth outlines
Sea & coastal water,Strait,Strait of Gibraltar,22.6,"Spain, Gibraltar, Morocco",3,"Africa, Europe",35.8011,-5.8264,Q36124,Calculated from Natural Earth outlines
Sea & coastal water,Channel,Yucatan Channel,10.5,"Cuba, Mexico",2,North America,21.4969,-86.9475,Q193260,Calculated from Natural Earth outlines
Sea & coastal water,Reef,Great Barrier Reef,0.2,Australia,1,Oceania,-25.4984,152.9152,Q7343,Calculated from Natural Earth outlines
Sea & coastal water,Strait,Luzon Strait,0.0,Taiwan,1,Asia,22.0593,120.8678,Q908741,Calculated from Natural Earth outlines
Sea & coastal water,Channel,Drake Passage,0.0,Chile,1,South America,-64.5503,-64.0375,Q143650,Calculated from Natural Earth outlines
