continent,country,state_province,subdivision_type,cities_listed_15k,population_in_listed_cities,male_est,female_est,avg_births_per_year_est,avg_deaths_per_year_est,largest_city,area_km2,city_pop_density_per_km2,area_source
Africa,Algeria,Adrar,Province,3,122973,62702,60271,2316,567,Adrar,475790.0,0.3,Natural Earth (calculated)
Africa,Algeria,Algiers,Province,17,3436917,1752451,1684466,64741,15874,Algiers,194.8,17643.3,Natural Earth (calculated)
Africa,Algeria,Annaba,Province,5,462834,235996,226838,8717,2137,Annaba,1459.8,317.1,Natural Earth (calculated)
Africa,Algeria,Aïn Defla,Province,5,239671,122205,117466,4515,1107,Khemis Miliana,4625.8,51.8,Natural Earth (calculated)
Africa,Algeria,Aïn Témouchent,Province,5,182293,92950,89343,3434,843,Aïn Temouchent,1957.0,93.1,Natural Earth (calculated)
Africa,Algeria,Batna,Province,8,632924,322721,310203,11923,2922,Batna,12055.3,52.5,Natural Earth (calculated)
Africa,Algeria,Biskra,Province,4,307922,157007,150915,5801,1422,Biskra,20805.4,14.8,Natural Earth (calculated)
Africa,Algeria,Blida,Province,16,923684,470976,452708,17400,4265,Blida,1940.9,475.9,Natural Earth (calculated)
Africa,Algeria,Bordj Bou Arréridj,Province,6,438127,223397,214730,8255,2023,Bordj Bou Arreridj,4046.4,108.3,Natural Earth (calculated)
Africa,Algeria,Bouira,Province,5,208520,106322,102198,3928,963,Bouïra,4532.7,46.0,Natural Earth (calculated)
Africa,Algeria,Boumerdes,Province,12,360003,183562,176441,6782,1663,Boudouaou,1231.8,292.3,Natural Earth (calculated)
Africa,Algeria,Béchar,Province,1,165241,84255,80986,3113,763,Béchar,165035.3,1.0,Natural Earth (calculated)
Africa,Algeria,Béjaïa,Province,10,408377,208229,200148,7693,1885,Béjaïa,3541.6,115.3,Natural Earth (calculated)
Africa,Algeria,Chlef,Province,9,456678,232857,223821,8603,2110,Chlef,4309.0,106.0,Natural Earth (calculated)
Africa,Algeria,Constantine,Province,8,801944,408903,393041,15107,3703,Constantine,2119.8,378.3,Natural Earth (calculated)
Africa,Algeria,Djelfa,Province,10,707635,360818,346817,13328,3268,Djelfa,35148.5,20.1,Natural Earth (calculated)
Africa,Algeria,El Bayadh,Province,3,143944,73396,70548,2711,664,El Bayadh,68365.2,2.1,Natural Earth (calculated)
Africa,Algeria,El Menia,Province (Wilaya),1,57344,29239,28105,1080,265,El Menia,,,
Africa,Algeria,El Mghair,Province (Wilaya),3,103760,52906,50854,1955,479,El Meghaïer,,,
Africa,Algeria,El Oued,Province,5,327428,166951,160477,6169,1512,El Oued,46301.3,7.1,Natural Earth (calculated)
Africa,Algeria,El Tarf,Province,5,201666,102828,98838,3800,932,Besbes,2733.2,73.8,Natural Earth (calculated)
Africa,Algeria,Ghardaia,Province,4,271243,138304,132939,5109,1252,Ghardaïa,75473.7,3.6,Natural Earth (calculated)
Africa,Algeria,Guelma,Province,4,210606,107386,103220,3968,972,Guelma,3783.8,55.7,Natural Earth (calculated)
Africa,Algeria,In Salah,Province (Wilaya),1,32518,16581,15937,613,150,In Salah,,,
Africa,Algeria,Jijel,Province,3,237884,121295,116589,4480,1098,Jijel,2407.0,98.8,Natural Earth (calculated)
Africa,Algeria,Khenchela,Province,2,147140,75025,72115,2771,680,Khenchela,9856.0,14.9,Natural Earth (calculated)
Africa,Algeria,Laghouat,Province,2,227957,116233,111724,4294,1053,Laghouat,27120.7,8.4,Natural Earth (calculated)
Africa,Algeria,M'Sila,Province,6,398927,203409,195518,7514,1843,M'Sila,17652.5,22.6,Natural Earth (calculated)
Africa,Algeria,Mascara,Province,6,322745,164564,158181,6079,1489,Mascara,5773.9,55.9,Natural Earth (calculated)
Africa,Algeria,Medea,Province,4,286927,146301,140626,5405,1325,Médéa,9050.2,31.7,Natural Earth (calculated)
Africa,Algeria,Mila,Province,8,305946,155999,149947,5762,1413,Mila,3550.8,86.2,Natural Earth (calculated)
Africa,Algeria,Mostaganem,Province,1,162885,83053,79832,3068,752,Mostaganem,2229.2,73.1,Natural Earth (calculated)
Africa,Algeria,Naama,Province,2,112458,57341,55117,2118,519,Mecheria,30769.0,3.7,Natural Earth (calculated)
Africa,Algeria,Oran,Province,12,1262127,643545,618582,23775,5829,Oran,2511.9,502.5,Natural Earth (calculated)
Africa,Algeria,Ouargla,Province,4,334934,170780,164154,6310,1547,Ouargla,211120.9,1.6,Natural Earth (calculated)
Africa,Algeria,Ouled Djellal,Province (Wilaya),2,97468,49698,47770,1836,450,Ouled Djellal,,,
Africa,Algeria,Oum el Bouaghi,Province,6,358086,182585,175501,6744,1653,Aïn Beïda,6335.1,56.5,Natural Earth (calculated)
Africa,Algeria,Relizane,Province,6,282347,143964,138383,5319,1304,Relizane,4904.8,57.6,Natural Earth (calculated)
Africa,Algeria,Saida,Province,1,142497,72658,69839,2684,658,Saïda,9260.7,15.4,Natural Earth (calculated)
Africa,Algeria,Sidi Bel Abbès,Province,3,254608,129822,124786,4797,1175,Sidi Bel Abbes,7637.6,33.3,Natural Earth (calculated)
Africa,Algeria,Skikda,Province,6,338864,172783,166081,6383,1566,Skikda,4097.0,82.7,Natural Earth (calculated)
Africa,Algeria,Souk Ahras,Province,3,235130,119890,115240,4429,1086,Souk Ahras,4032.3,58.3,Natural Earth (calculated)
Africa,Algeria,Sétif,Province,8,585705,298646,287059,11033,2703,Sétif,6192.1,94.6,Natural Earth (calculated)
Africa,Algeria,Tamanrasset,Province,1,81752,41685,40067,1540,378,Tamanghasset,609370.6,0.1,Natural Earth (calculated)
Africa,Algeria,Tiaret,Province,6,418320,213297,205023,7879,1932,Tiaret,20277.5,20.6,Natural Earth (calculated)
Africa,Algeria,Timimoun,Province (Wilaya),1,22086,11261,10825,416,102,Timimoun,67820.0,0.3,Wikidata
Africa,Algeria,Tindouf,Province,1,45610,23256,22354,859,211,Tindouf,152328.9,0.3,Natural Earth (calculated)
Africa,Algeria,Tipaza,Province,5,186009,94844,91165,3503,859,Kolea,1973.3,94.3,Natural Earth (calculated)
Africa,Algeria,Tissemsilt,Province,3,123712,63080,60632,2330,572,Tissemsilt,3023.3,40.9,Natural Earth (calculated)
Africa,Algeria,Tizi Ouzou,Province,20,670829,342051,328778,12636,3097,Tizi Ouzou,2826.0,237.4,Natural Earth (calculated)
Africa,Algeria,Tlemcen,Province,13,587073,299343,287730,11060,2708,Tlemcen,9555.9,61.4,Natural Earth (calculated)
Africa,Algeria,Touggourt,Province (Wilaya),4,237072,120881,116191,4466,1095,Touggourt,,,
Africa,Algeria,Tébessa,Province,6,440189,224448,215741,8292,2033,Tébessa,13465.6,32.7,Natural Earth (calculated)
Africa,Angola,Bengo,Province,14,1215324,601499,613825,45160,8313,Calumbo,33991.6,35.8,Natural Earth (calculated)
Africa,Angola,Benguela,Province,12,1895634,938206,957428,70438,12966,Benguela,39715.5,47.7,Natural Earth (calculated)
Africa,Angola,Bíe,Province,8,583060,288575,294485,21665,3988,Cuíto,72138.2,8.1,Natural Earth (calculated)
Africa,Angola,Cabinda,Province,3,615383,304572,310811,22867,4209,Cabinda,6701.7,91.8,Natural Earth (calculated)
Africa,Angola,Cuanza Norte,Province,8,446051,220766,225285,16574,3051,N'dalatando,23730.1,18.8,Natural Earth (calculated)
Africa,Angola,Cubango,Province,1,251178,124316,126862,9333,1718,Menongue,,,
Africa,Angola,Cunene,Province,4,262583,129960,132623,9757,1795,Ondjiva,77030.0,3.4,Natural Earth (calculated)
Africa,Angola,Huambo,Province,9,1117757,553213,564544,41533,7645,Huambo,33129.7,33.7,Natural Earth (calculated)
Africa,Angola,Huíla,Province,4,732765,362668,370097,27228,5012,Lubango,78767.0,9.3,Natural Earth (calculated)
Africa,Angola,Kwanza Sul,Province,12,817967,404836,413131,30394,5596,Sumbe,55248.5,14.8,Natural Earth (calculated)
Africa,Angola,Luanda,Province,22,11965558,5922115,6043443,444616,81844,Luanda,2802.5,4269.6,Natural Earth (calculated)
Africa,Angola,Luanda Norte,Province,8,752164,372269,379895,27949,5146,Chitato,105282.2,7.1,Natural Earth (calculated)
Africa,Angola,Lunda Sul,Province,1,393000,194507,198493,14603,2688,Saurimo,77679.0,5.1,Natural Earth (calculated)
Africa,Angola,Malanje,Province,9,754024,373190,380834,28019,5158,Malanje,85140.1,8.9,Natural Earth (calculated)
Africa,Angola,Moxico,Province,4,382107,189117,192990,14198,2614,Luena,199093.6,1.9,Natural Earth (calculated)
Africa,Angola,Namibe,Province,4,410292,203065,207227,15246,2806,Mossamedes,58005.2,7.1,Natural Earth (calculated)
Africa,Angola,Uíge,Province,5,511863,253336,258527,19021,3501,Uíge,62069.6,8.2,Natural Earth (calculated)
Africa,Angola,Zaire,Province,5,460631,227981,232650,17116,3149,Soyo,36334.6,12.7,Natural Earth (calculated)
Africa,Benin,Alibori,Department,4,184693,92636,92057,6173,1608,Malanville,26689.2,6.9,Natural Earth (calculated)
Africa,Benin,Atakora,Department,9,276867,138869,137998,9252,2411,Kérou,21249.8,13.0,Natural Earth (calculated)
Africa,Benin,Atlantique,Department,8,792177,397332,394845,26474,6900,Abomey-Calavi,3137.8,252.5,Natural Earth (calculated)
Africa,Benin,Borgou,Department,8,506596,254094,252502,16930,4413,Parakou,25623.6,19.8,Natural Earth (calculated)
Africa,Benin,Collines,Department,7,195029,97821,97208,6518,1699,Comé,14344.6,13.6,Natural Earth (calculated)
Africa,Benin,Donga,Department,4,187206,93897,93309,6256,1630,Djougou,11005.0,17.0,Natural Earth (calculated)
Africa,Benin,Kouffo,Department,5,132559,66487,66072,4430,1154,Dogbo,2740.5,48.4,Natural Earth (calculated)
Africa,Benin,Littoral,Department,1,679012,340572,338440,22692,5914,Cotonou,57.7,11768.0,Natural Earth (calculated)
Africa,Benin,Mono,Department,3,89068,44673,44395,2977,776,Lokossa,1726.9,51.6,Natural Earth (calculated)
Africa,Benin,Ouémé,Department,6,449384,225398,223986,15017,3914,Porto-Novo,1371.9,327.6,Natural Earth (calculated)
Africa,Benin,Plateau,Department,5,186351,93467,92884,6227,1623,Pobé,3079.1,60.5,Natural Earth (calculated)
Africa,Benin,Zou,Department,6,322634,161823,160811,10784,2809,Abomey,5087.3,63.4,Natural Earth (calculated)
Africa,Botswana,Central,District,7,256241,127664,128577,6243,1471,Serowe,146219.8,1.8,Natural Earth (calculated)
Africa,Botswana,City of Francistown,First-level division,1,103417,51524,51893,2519,593,Francistown,90.4,1144.0,Natural Earth (calculated)
Africa,Botswana,Gaborone,First-level division,1,246325,122724,123601,6001,1413,Gaborone,,,
Africa,Botswana,Ghanzi,District,1,19012,9472,9540,463,109,Ghanzi,114834.0,0.2,Natural Earth (calculated)
Africa,Botswana,Jwaneng,First-level division,1,18784,9359,9425,458,108,Jwaneng,339.8,55.3,Natural Earth (calculated)
Africa,Botswana,Kgatleng,District,1,50321,25071,25250,1226,289,Mochudi,7685.6,6.5,Natural Earth (calculated)
Africa,Botswana,Kweneng,District,5,233652,116410,117242,5692,1341,Mogoditshane,36908.1,6.3,Natural Earth (calculated)
Africa,Botswana,Lobatse,First-level division,1,29772,14833,14939,725,171,Lobatse,19.7,1511.3,Natural Earth (calculated)
Africa,Botswana,Ngwaketsi,District,2,71886,35816,36070,1751,413,Kanye,26982.1,2.7,Natural Earth (calculated)
Africa,Botswana,North-West,District,1,85350,42523,42827,2079,490,Maun,133312.6,0.6,Natural Earth (calculated)
Africa,Botswana,Selibe Phikwe,First-level division,1,42488,21168,21320,1035,244,Selebi-Phikwe,34.9,1217.4,Natural Earth (calculated)
Africa,Botswana,South-East,District,3,105632,52628,53004,2574,607,Tlokweng,1616.6,65.3,Natural Earth (calculated)
Africa,Burkina Faso,Boucle du Mouhoun,Region,9,250038,124571,125467,7836,1980,Dédougou,34333.0,7.3,Wikidata
Africa,Burkina Faso,Cascades Region,Region,2,150744,75102,75642,4723,1194,Banfora,18406.0,8.2,Wikidata
Africa,Burkina Faso,Centre,Region,5,2683916,1337155,1346761,84104,21245,Ouagadougou,2805.0,956.8,Wikidata
Africa,Burkina Faso,Centre-Est,Region,8,342826,170800,172026,10743,2714,Pouytenga,11811.0,29.0,Wikidata
Africa,Burkina Faso,Centre-Nord,Region,8,312931,155907,157024,9805,2475,Kaya,19829.0,15.8,Wikidata
Africa,Burkina Faso,Centre-Ouest,Region,10,388592,193601,194991,12176,3075,Koudougou,21722.0,17.9,Wikidata
Africa,Burkina Faso,Centre-Sud,Region,4,100647,50143,50504,3155,796,Kombissiri,11321.0,8.9,Wikidata
Africa,Burkina Faso,Est,Region,8,188481,93903,94578,5906,1492,Fada N'gourma,36256.0,5.2,Wikidata
Africa,Burkina Faso,Hauts-Bassins,Region,4,1040967,518619,522348,32620,8239,Bobo-Dioulasso,25344.0,41.1,Wikidata
Africa,Burkina Faso,Nord,Region,4,251648,125373,126275,7886,1992,Ouahigouya,16207.0,15.5,Wikidata
Africa,Burkina Faso,Plateau-Central,Region,5,145954,72715,73239,4573,1155,Zorgo,8545.0,17.1,Wikidata
Africa,Burkina Faso,Sahel,Region,3,153792,76621,77171,4820,1217,Djibo,35360.0,4.3,Wikidata
Africa,Burkina Faso,Sud-Ouest,Region,4,114891,57240,57651,3600,908,Gaoua,16153.0,7.1,Wikidata
Africa,Burundi,Bubanza,Province,2,89909,44667,45242,2986,600,Mpanda,1117.0,80.5,Natural Earth (calculated)
Africa,Burundi,Bujumbura Mairie,Province,1,769317,382197,387120,25550,5131,Bujumbura,466.2,1650.2,Natural Earth (calculated)
Africa,Burundi,Bujumbura Rural,Province,1,18104,8994,9110,601,121,Gatumba,1372.0,13.2,Natural Earth (calculated)
Africa,Burundi,Bururi,Province,1,29685,14748,14937,986,198,Vyanda,3366.4,8.8,Natural Earth (calculated)
Africa,Burundi,Cankuzo,Province,1,32458,16125,16333,1078,216,Cendajuru,1799.3,18.0,Natural Earth (calculated)
Africa,Burundi,Cibitoke,Province,1,36959,18361,18598,1227,247,Cibitoke,1636.2,22.6,Natural Earth (calculated)
Africa,Burundi,Gitega,Province,3,108735,54019,54716,3611,725,Gitega,1835.9,59.2,Natural Earth (calculated)
Africa,Burundi,Kayanza,Province,1,33682,16733,16949,1119,225,Kayanza,1104.2,30.5,Natural Earth (calculated)
Africa,Burundi,Kirundo,Province,1,15511,7706,7805,515,103,Kirundo,1948.7,8.0,Natural Earth (calculated)
Africa,Burundi,Ngozi,Province,1,61716,30661,31055,2050,412,Ngozi,1455.8,42.4,Natural Earth (calculated)
Africa,Burundi,Rumonge,Province,1,55599,27622,27977,1846,371,Rumonge,1079.7,51.5,Wikidata
Africa,Cabo Verde,Praia,First-level division,1,137868,70109,67759,1685,703,Praia,55.4,2488.6,Natural Earth (calculated)
Africa,Cabo Verde,Sal,First-level division,1,24500,12459,12041,299,125,Espargos,199.2,123.0,Natural Earth (calculated)
Africa,Cabo Verde,Santa Catarina,First-level division,1,21297,10830,10467,260,109,Assomada,278.7,76.4,Natural Earth (calculated)
Africa,Cabo Verde,São Vicente,First-level division,1,69013,35094,33919,843,352,Mindelo,264.3,261.1,Natural Earth (calculated)
Africa,Cameroon,Adamaoua,Province,5,421559,210084,211475,14056,2965,Ngaoundéré,61895.5,6.8,Natural Earth (calculated)
Africa,Cameroon,Centre,Province,11,1697851,846124,851727,56612,11941,Yaoundé,68693.2,24.7,Natural Earth (calculated)
Africa,Cameroon,East,Province,6,315722,157340,158382,10527,2220,Bertoua,108808.2,2.9,Natural Earth (calculated)
Africa,Cameroon,Far North,Province,10,767674,382571,385103,25598,5399,Maroua,34791.4,22.1,Natural Earth (calculated)
Africa,Cameroon,Littoral,Province,11,1918151,955910,962241,63958,13487,Douala,20115.0,95.4,Natural Earth (calculated)
Africa,Cameroon,North,Province,8,302662,150832,151830,10093,2129,Guider,66697.1,4.5,Natural Earth (calculated)
Africa,Cameroon,North-West,Province,9,795982,396678,399304,26541,5599,Bamenda,17066.8,46.6,Natural Earth (calculated)
Africa,Cameroon,South,Province,5,322185,160561,161624,10743,2265,Ébolowa,47451.9,6.8,Natural Earth (calculated)
Africa,Cameroon,South-West,Province,11,835738,416491,419247,27867,5877,Kumba,24720.4,33.8,Natural Earth (calculated)
Africa,Cameroon,West,Province,11,953277,475067,478210,31785,6703,Bafoussam,14079.9,67.7,Natural Earth (calculated)
Africa,Central African Republic,Bamingui-Bangoran,Prefecture,1,27071,13014,14057,1250,254,Ndélé,58096.3,0.5,Natural Earth (calculated)
Africa,Central African Republic,Bangui,Autonomous Commune,1,812407,390557,421850,37528,7620,Bangui,93.2,8716.8,Natural Earth (calculated)
Africa,Central African Republic,Basse-Kotto,Prefecture,1,32588,15666,16922,1505,306,Alindao,16764.7,1.9,Natural Earth (calculated)
Africa,Central African Republic,Haut-Mbomou,Prefecture,1,17829,8571,9258,824,167,Zemio,55574.3,0.3,Natural Earth (calculated)
Africa,Central African Republic,Haute-Kotto,Prefecture,1,47226,22703,24523,2182,443,Bria,85687.9,0.6,Natural Earth (calculated)
Africa,Central African Republic,Kémo,Prefecture,2,51625,24818,26807,2385,484,Sibut,16398.1,3.1,Natural Earth (calculated)
Africa,Central African Republic,Lim-Pendé,First-level division,1,47703,22933,24770,2204,447,Paoua,,,
Africa,Central African Republic,Lobaye,Prefecture,2,38353,18437,19916,1772,360,Mbaïki,18735.0,2.0,Natural Earth (calculated)
Africa,Central African Republic,Mambéré,First-level division,1,129032,62031,67001,5960,1210,Carnot,,,
Africa,Central African Republic,Mambéré-Kadéï,Prefecture,1,103713,49859,53854,4791,973,Berbérati,30104.9,3.4,Natural Earth (calculated)
Africa,Central African Republic,Mbomou,Prefecture,1,54059,25988,28071,2497,507,Bangassou,59915.9,0.9,Natural Earth (calculated)
Africa,Central African Republic,Nana-Grébizi,Economic Prefecture,1,55047,26463,28584,2543,516,Kaga-Bandoro,19697.9,2.8,Natural Earth (calculated)
Africa,Central African Republic,Nana-Mambéré,Prefecture,4,143551,69010,74541,6632,1346,Bouar,27282.9,5.3,Natural Earth (calculated)
Africa,Central African Republic,Ombella-M'Poko,Prefecture,5,669872,322035,347837,30944,6283,Bimbo,31712.4,21.1,Natural Earth (calculated)
Africa,Central African Republic,Ouaka,Prefecture,3,147923,71112,76811,6833,1388,Bambari,49187.0,3.0,Natural Earth (calculated)
Africa,Central African Republic,Ouham,Prefecture,1,55353,26610,28743,2557,519,Bossangoa,53416.1,1.0,Natural Earth (calculated)
Africa,Central African Republic,Ouham-Fafa,First-level division,3,59718,28709,31009,2758,560,Batangafo,,,
Africa,Central African Republic,Ouham-Pendé,Prefecture,2,57083,27442,29641,2637,536,Bocaranga,31850.4,1.8,Natural Earth (calculated)
Africa,Central African Republic,Sangha-Mbaéré,Economic Prefecture,1,31923,15347,16576,1475,299,Nola,18015.8,1.8,Natural Earth (calculated)
Africa,Chad,Barh el Gazel,Prefecture,1,35100,17604,17496,1519,389,Moussoro,56594.9,0.6,Natural Earth (calculated)
Africa,Chad,Batha,Prefecture,2,67808,34009,33799,2933,751,Umm Hājar,90893.0,0.7,Natural Earth (calculated)
Africa,Chad,Borkou,Préfecture,1,44011,22074,21937,1904,488,Faya-Largeau,248512.4,0.2,Natural Earth (calculated)
Africa,Chad,Chari-Baguirmi,Prefecture,3,54709,27440,27269,2367,606,Mandelia,46081.9,1.2,Natural Earth (calculated)
Africa,Chad,Ennedi-Est,First-level division,1,29793,14943,14850,1289,330,Amdjarass,,,
Africa,Chad,Ennedi-Ouest,First-level division,1,17240,8647,8593,746,191,Fada,,,
Africa,Chad,Guéra,Prefecture,3,111578,55961,55617,4828,1237,Mongo,61879.3,1.8,Natural Earth (calculated)
Africa,Chad,Hadjer-Lamis,Prefecture,3,94440,47367,47073,4086,1047,Massakory,30293.5,3.1,Natural Earth (calculated)
Africa,Chad,Kanem,Prefecture,1,50681,25419,25262,2193,562,Mao,67989.1,0.7,Natural Earth (calculated)
Africa,Chad,Lac,Prefecture,1,51389,25774,25615,2223,569,Bol,20335.3,2.5,Natural Earth (calculated)
Africa,Chad,Logone Occidental,Prefecture,2,213409,107035,106374,9233,2365,Moundou,8798.1,24.3,Natural Earth (calculated)
Africa,Chad,Logone Oriental,Prefecture,3,142167,71304,70863,6150,1575,Doba,22921.3,6.2,Natural Earth (calculated)
Africa,Chad,Mandoul,Prefecture,4,108505,54420,54085,4694,1203,Koumra,17265.4,6.3,Natural Earth (calculated)
Africa,Chad,Mayo-Kebbi Est,Prefecture,4,148429,74444,73985,6422,1645,Bongor,18072.9,8.2,Natural Earth (calculated)
Africa,Chad,Mayo-Kebbi Ouest,Prefecture,3,120530,60452,60078,5215,1336,Pala,13270.5,9.1,Natural Earth (calculated)
Africa,Chad,Moyen-Chari,Prefecture,2,161734,81117,80617,6998,1792,Sarh,41808.1,3.9,Natural Earth (calculated)
Africa,Chad,N’Djaména,Capital,1,1359526,681870,677656,58819,15064,N'Djamena,120.0,11329.4,Natural Earth (calculated)
Africa,Chad,Ouadaï,Prefecture,2,161933,81217,80716,7006,1794,Abéché,31018.8,5.2,Natural Earth (calculated)
Africa,Chad,Salamat,Prefecture,1,74691,37461,37230,3231,828,Am Timan,69970.6,1.1,Natural Earth (calculated)
Africa,Chad,Sila,Prefecture,1,58941,29562,29379,2550,653,Goz Beida,37379.6,1.6,Natural Earth (calculated)
Africa,Chad,Tandjilé,Prefecture,4,175292,87917,87375,7584,1942,Kelo,17289.5,10.1,Natural Earth (calculated)
Africa,Chad,Wadi Fira,Prefecture,2,81512,40882,40630,3526,904,Iriba,54868.5,1.5,Natural Earth (calculated)
Africa,Comoros,Anjouan,First-level division,1,26313,13230,13083,743,187,Moutsamoudou,448.6,58.7,Natural Earth (calculated)
Africa,Comoros,Grande Comore,First-level division,1,74749,37582,37167,2110,532,Moroni,1024.7,72.9,Natural Earth (calculated)
Africa,Comoros,Mohéli,First-level division,1,17291,8694,8597,488,123,Fomboni,199.0,86.9,Natural Earth (calculated)
Africa,Democratic Republic of the Congo,Bas-Congo,Province,9,1362031,675800,686231,55686,11473,Matadi,54367.7,25.1,Natural Earth (calculated)
Africa,Democratic Republic of the Congo,Bas-Uele,Province,3,160048,79411,80637,6544,1348,Buta,148331.0,1.1,Wikidata
Africa,Democratic Republic of the Congo,East Kasai,Province,3,2225354,1104154,1121200,90984,18746,Mbuji-Mayi,168855.7,13.2,Natural Earth (calculated)
Africa,Democratic Republic of the Congo,Haut-Katanga,Province,6,3200272,1587879,1612393,130843,26959,Lubumbashi,132425.0,24.2,Wikidata
Africa,Democratic Republic of the Congo,Haut-Lomami,Province,6,546957,271384,275573,22364,4607,Kamina,,,
Africa,Democratic Republic of the Congo,Haut-Uele,Province,4,420635,208706,211929,17197,3543,Isiro,89683.0,4.7,Wikidata
Africa,Democratic Republic of the Congo,Ituri,Province,4,531525,263727,267798,21732,4478,Bunia,65658.0,8.1,Wikidata
Africa,Democratic Republic of the Congo,Kasai,Province,4,878484,435876,442608,35918,7401,Tshikapa,95631.0,9.2,Wikidata
Africa,Democratic Republic of the Congo,Kasai-Central,Province,2,1293967,642027,651940,52904,10901,Kananga,61336.0,21.1,Wikidata
Africa,Democratic Republic of the Congo,Kinshasa,Neutral City,2,16485167,8179445,8305722,673996,138871,Kinshasa,11063.7,1490.0,Natural Earth (calculated)
Africa,Democratic Republic of the Congo,Kwango,Province,1,20060,9953,10107,820,169,Kasongo-Lunda,89974.0,0.2,Wikidata
Africa,Democratic Republic of the Congo,Kwilu,Province,7,1046706,519344,527362,42795,8818,Kikwit,78219.0,13.4,Wikidata
Africa,Democratic Republic of the Congo,Lomami,Province,5,709118,351844,357274,28992,5975,Kabinda,,,
Africa,Democratic Republic of the Congo,Lualaba,Province,5,1296131,643101,653030,52992,10919,Kolwezi,121308.0,10.7,Wikidata
Africa,Democratic Republic of the Congo,Mai-Ndombe,Province,6,336510,166966,169544,13758,2835,Inongo,127465.0,2.6,Wikidata
Africa,Democratic Republic of the Congo,Maniema,Province,3,353314,175304,178010,14445,2977,Kindu,127389.8,2.8,Natural Earth (calculated)
Africa,Democratic Republic of the Congo,Mongala,Province,3,368840,183007,185833,15080,3107,Bumba,58141.0,6.3,Wikidata
Africa,Democratic Republic of the Congo,Nord-Ubangi,Province,2,122174,60619,61555,4995,1029,Gbadolite,56644.0,2.2,Wikidata
Africa,Democratic Republic of the Congo,North Kivu,Province,13,1055414,523665,531749,43150,8890,Butembo,59658.6,17.7,Natural Earth (calculated)
Africa,Democratic Republic of the Congo,Sankuru,Province,3,187319,92942,94377,7659,1578,Lodja,105000.0,1.8,Wikidata
Africa,Democratic Republic of the Congo,South Kivu,Province,3,1260937,625639,635298,51553,10622,Bukavu,63440.5,19.9,Natural Earth (calculated)
Africa,Democratic Republic of the Congo,Sud-Ubangi,Province,3,283161,140496,142665,11577,2386,Gemena,,,
Africa,Democratic Republic of the Congo,Tanganyika,Province,9,718767,356632,362135,29387,6055,Kalemie,134940.0,5.3,Wikidata
Africa,Democratic Republic of the Congo,Tshopo,Province,4,1822337,904189,918148,74506,15351,Kisangani,199567.0,9.1,Wikidata
Africa,Democratic Republic of the Congo,Tshuapa,Province,1,50794,25202,25592,2077,428,Boende,132940.0,0.4,Wikidata
Africa,Democratic Republic of the Congo,Équateur,Province,3,575800,285695,290105,23541,4851,Mbandaka,404409.1,1.4,Natural Earth (calculated)
Africa,Djibouti,Ali Sabieh,Region,1,50006,24782,25224,1047,374,Ali Sabih,1868.3,26.8,Natural Earth (calculated)
Africa,Djibouti,Arta,Region,1,17477,8661,8816,366,131,Arta,1719.8,10.2,Natural Earth (calculated)
Africa,Djibouti,Dikhil,Region,1,32801,16256,16545,687,246,Dikhil,6814.9,4.8,Natural Earth (calculated)
Africa,Djibouti,Djibouti,City,2,1180862,585212,595650,24717,8841,Djibouti,179.3,6586.0,Natural Earth (calculated)
Africa,Djibouti,Obock,Region,1,15429,7646,7783,323,116,Obock,4619.6,3.3,Natural Earth (calculated)
Africa,Djibouti,Tadjourah,Region,1,19533,9680,9853,409,146,Tadjoura,6645.7,2.9,Natural Earth (calculated)
Africa,Egypt,(Not specified),Governorate,1,313139,158098,155041,6549,1724,Al Qāhirah al Jadīdah,,,
Africa,Egypt,Alexandria,Governorate,4,5369848,2711129,2658719,112310,29567,Alexandria,2304.4,2330.3,Natural Earth (calculated)
Africa,Egypt,Aswan,Governorate,6,984915,497264,487651,20600,5423,Kom Ombo,15554.9,63.3,Natural Earth (calculated)
Africa,Egypt,Asyut,Governorate,11,1299639,656162,643477,27181,7155,Assiut,2602.0,499.5,Natural Earth (calculated)
Africa,Egypt,Beheira,Governorate,18,1676699,846535,830164,35066,9232,Damanhur,11763.6,142.5,Natural Earth (calculated)
Africa,Egypt,Beni Suweif,Governorate,9,881644,445126,436518,18440,4854,Banī Suwayf,4790.9,184.0,Natural Earth (calculated)
Africa,Egypt,Cairo,Governorate,8,11334660,5722643,5612017,237064,62408,Cairo,3132.8,3618.1,Natural Earth (calculated)
Africa,Egypt,Dakahlia,Governorate,19,2133436,1077130,1056306,44619,11747,Al Mansurah,3622.2,589.0,Natural Earth (calculated)
Africa,Egypt,Damietta,Governorate,9,577097,291364,285733,12070,3177,Damietta,670.6,860.6,Natural Earth (calculated)
Africa,Egypt,Faiyum,Governorate,7,968027,488737,479290,20246,5330,Al Fayyum,6003.7,161.2,Natural Earth (calculated)
Africa,Egypt,Gharbia,Governorate,8,1605130,810398,794732,33571,8837,Al Maḩallah al Kubrá,1926.7,833.1,Natural Earth (calculated)
Africa,Egypt,Giza,Governorate,13,5565203,2809760,2755443,116397,30644,Giza,37552.3,148.2,Natural Earth (calculated)
Africa,Egypt,Ismailia,Governorate,3,496339,250591,245748,10380,2733,Ismailia,5707.4,87.0,Natural Earth (calculated)
Africa,Egypt,Kafr el-Sheikh,Governorate,12,885581,447112,438469,18521,4876,Kafr ash Shaykh,3459.8,256.0,Natural Earth (calculated)
Africa,Egypt,Luxor,Governorate,4,496737,250793,245944,10390,2735,Luxor,12.3,40385.1,Natural Earth (calculated)
Africa,Egypt,Matruh,Governorate,7,322199,162671,159528,6738,1774,Marsá Maţrūḩ,158819.2,2.0,Natural Earth (calculated)
Africa,Egypt,Minya,Governorate,11,1195275,603469,591806,24999,6582,Minya,19336.2,61.8,Natural Earth (calculated)
Africa,Egypt,Monufia,Governorate,10,955433,482380,473053,19983,5259,Shibīn al Kawm,1448.4,659.6,Natural Earth (calculated)
Africa,Egypt,New Valley,Governorate,4,231907,117086,114821,4850,1278,Al Khārjah,453139.1,0.5,Natural Earth (calculated)
Africa,Egypt,North Sinai,Governorate,4,296501,149697,146804,6202,1632,Arīsh,27263.3,10.9,Natural Earth (calculated)
Africa,Egypt,Port Said,Governorate,5,1361790,687540,674250,28480,7498,Port Said,400.3,3401.9,Natural Earth (calculated)
Africa,Egypt,Qalyubia,Governorate,10,2534540,1279638,1254902,53011,13955,Shubrā al Khaymah,1011.1,2506.7,Natural Earth (calculated)
Africa,Egypt,Qena,Governorate,12,1198237,604967,593270,25061,6595,Esna,3593.4,333.5,Natural Earth (calculated)
Africa,Egypt,Red Sea,Governorate,8,452737,228579,224158,9470,2493,Hurghada,191409.4,2.4,Natural Earth (calculated)
Africa,Egypt,Sharqia,Governorate,22,2071191,1045703,1025488,43318,11405,Zagazig,4917.4,421.2,Natural Earth (calculated)
Africa,Egypt,Sohag,Governorate,11,1167115,589252,577863,24410,6428,Sohag,2643.2,441.6,Natural Earth (calculated)
Africa,Egypt,South Sinai,Governorate,2,76763,38756,38007,1606,423,Sharm el-Sheikh,28964.4,2.7,Natural Earth (calculated)
Africa,Egypt,Suez,Governorate,3,790645,399180,391465,16537,4354,Suez,9029.4,87.6,Natural Earth (calculated)
Africa,Equatorial Guinea,Bioko Norte,Province,1,155963,82172,73791,4678,1224,Malabo,635.8,245.3,Natural Earth (calculated)
Africa,Equatorial Guinea,Djibloho,First-level division,1,2000,1054,946,60,16,Ciudad de la Paz,,,
Africa,Equatorial Guinea,Kié-Ntem,Province,1,24831,13083,11748,745,195,Ebebiyin,3312.7,7.5,Natural Earth (calculated)
Africa,Equatorial Guinea,Litoral,Province,1,173046,91173,81873,5190,1359,Bata,7193.0,24.1,Natural Earth (calculated)
Africa,Eritrea,Anseba,Region,1,74800,36939,37861,2148,448,Keren,22374.1,3.3,Natural Earth (calculated)
Africa,Eritrea,Debub,Region,2,53454,26398,27056,1535,321,Af’abet,9557.6,5.6,Natural Earth (calculated)
Africa,Eritrea,Gash-Barka,Region,2,61991,30614,31377,1780,371,Himora,33686.6,1.8,Natural Earth (calculated)
Africa,Eritrea,Maekel,Region,1,563930,278491,285439,16196,3381,Asmara,1561.4,361.2,Natural Earth (calculated)
Africa,Eritrea,Northern Red Sea,Region,1,23100,11408,11692,663,138,Massawa,32948.5,0.7,Natural Earth (calculated)
Africa,Eritrea,Southern Red Sea,Region,1,21300,10519,10781,612,128,Assab,22409.4,1.0,Natural Earth (calculated)
Africa,Eswatini,Hhohho Region,District,2,80775,39674,41101,1910,624,Mbabane,3575.1,22.6,Natural Earth (calculated)
Africa,Eswatini,Manzini Region,District,1,110537,54292,56245,2614,855,Manzini,4229.3,26.1,Natural Earth (calculated)
Africa,Ethiopia,(Not specified),Region,2,76200,38179,38021,2398,448,Chagni,,,
Africa,Ethiopia,Addis Ababa,Administrative State,1,3860000,1933976,1926024,121470,22693,Addis Ababa,550.9,7006.7,Natural Earth (calculated)
Africa,Ethiopia,Amhara,Administrative State,55,3333279,1670072,1663207,104898,19598,Gonder,156171.7,21.3,Natural Earth (calculated)
Africa,Ethiopia,Bīnshangul Gumuz,Administrative State,4,141400,70846,70554,4449,832,Āsosa,50073.1,2.8,Natural Earth (calculated)
Africa,Ethiopia,Central Ethiopia Regional State,Region,13,792300,396965,395335,24934,4656,Hosa’ina,,,
Africa,Ethiopia,Dire Dawa,Administrative State,1,343000,171853,171147,10794,2016,Dire Dawa,1059.3,323.8,Natural Earth (calculated)
Africa,Ethiopia,Gambela,Administrative State,1,97600,48901,48699,3071,574,Gambēla,25484.2,3.8,Natural Earth (calculated)
Africa,Ethiopia,Harari,Administrative State,1,157000,78662,78338,4941,923,Harar,363.8,431.6,Natural Earth (calculated)
Africa,Ethiopia,Oromiya,Administrative State,76,4260295,2134538,2125757,134068,25044,Nazrēt,325608.0,13.1,Natural Earth (calculated)
Africa,Ethiopia,Sidama Region,Region,5,644300,322814,321486,20276,3788,Awasa,6538.2,98.5,Wikidata
Africa,Ethiopia,Somali,Administrative State,20,1625903,814628,811275,51165,9559,Jijiga,310558.6,5.2,Natural Earth (calculated)
Africa,Ethiopia,South Ethiopia Regional State,Region,20,1251010,626792,624218,39367,7357,Sodo,,,
Africa,Ethiopia,South West Ethiopia Peoples' Region,Region,7,293200,146902,146298,9227,1723,Tēpī,,,
Africa,Ethiopia,Tigray,Administrative State,18,1334200,668473,665727,41985,7842,Mek'ele,49212.8,27.1,Natural Earth (calculated)
Africa,Ethiopia,Āfar,Administrative State,9,292800,146703,146097,9215,1723,Samara,94139.8,3.1,Natural Earth (calculated)
Africa,Gabon,Estuaire,Province,4,1045372,530202,515170,28358,6509,Libreville,19691.4,53.1,Natural Earth (calculated)
Africa,Gabon,Haut-Ogooué,Province,2,203994,103464,100530,5534,1270,Franceville,33773.7,6.0,Natural Earth (calculated)
Africa,Gabon,Moyen-Ogooué,Province,2,76705,38904,37801,2081,477,Lambaréné,17856.6,4.3,Natural Earth (calculated)
Africa,Gabon,Ngouni,Province,1,43342,21983,21359,1176,270,Mouila,37435.1,1.2,Natural Earth (calculated)
Africa,Gabon,Nyanga,Province,1,36108,18314,17794,980,225,Tchibanga,20052.1,1.8,Natural Earth (calculated)
Africa,Gabon,Ogooué-Ivindo,Province,1,24823,12590,12233,673,155,Makokou,42836.0,0.6,Natural Earth (calculated)
Africa,Gabon,Ogooué-Lolo,Province,1,30830,15637,15193,836,192,Koulamoutou,28989.0,1.1,Natural Earth (calculated)
Africa,Gabon,Ogooué-Maritime,Province,1,164018,83188,80830,4449,1021,Port-Gentil,21451.1,7.6,Natural Earth (calculated)
Africa,Gabon,Woleu-Ntem,Province,2,106500,54016,52484,2889,663,Oyem,37883.3,2.8,Natural Earth (calculated)
Africa,Gambia,Banjul,Independent City,13,718098,357593,360505,21440,4487,Serekunda,208.6,3442.5,Natural Earth (calculated)
Africa,Gambia,Lower River,Division,1,15210,7574,7636,454,95,Soma,1472.8,10.3,Natural Earth (calculated)
Africa,Gambia,North Bank,Division,2,61383,30567,30816,1833,383,Farafenni,2144.1,28.6,Natural Earth (calculated)
Africa,Gambia,Upper River,Division,1,15017,7478,7539,448,94,Farato,1976.9,7.6,Natural Earth (calculated)
Africa,Gambia,Western,Division,16,496273,247127,249146,14819,3102,Brikama,1663.2,298.4,Natural Earth (calculated)
Africa,Ghana,Ahafo,Region,4,92009,45945,46064,2386,645,Mim,,,
Africa,Ghana,Ashanti,Region,13,3149703,1572804,1576899,81640,22076,Kumasi,24894.5,126.5,Natural Earth (calculated)
Africa,Ghana,Bono,Region,7,403202,201340,201862,10450,2827,Japekrom,,,
Africa,Ghana,Bono East,Region,5,236138,117915,118223,6121,1654,Techiman,,,
Africa,Ghana,Central,Region,13,809777,404361,405416,20990,5676,Cape Coast,9861.2,82.1,Natural Earth (calculated)
Africa,Ghana,Eastern,Region,11,547063,273178,273885,14181,3836,Koforidua,19237.6,28.4,Natural Earth (calculated)
Africa,Ghana,Greater Accra,Region,19,3545257,1770326,1774931,91893,24847,Accra,3209.5,1104.6,Natural Earth (calculated)
Africa,Ghana,North East,Region,1,17440,8709,8731,452,122,Nalerigu,,,
Africa,Ghana,Northern,Region,4,603908,301562,302346,15653,4232,Tamale,69420.3,8.7,Natural Earth (calculated)
Africa,Ghana,Oti,Region,1,22445,11208,11237,582,157,Dambai,,,
Africa,Ghana,Savannah,Region,2,49016,24476,24540,1270,344,Salaga,,,
Africa,Ghana,Upper East,Region,3,183887,91824,92063,4766,1289,Bolgatanga,8599.1,21.4,Natural Earth (calculated)
Africa,Ghana,Upper West,Region,2,169386,84583,84803,4391,1187,Jirapa,18518.1,9.1,Natural Earth (calculated)
Africa,Ghana,Volta,Region,8,432670,216055,216615,11216,3033,Ho,20002.5,21.6,Natural Earth (calculated)
Africa,Ghana,Western,Region,8,979425,489074,490351,25387,6865,Takoradi,25118.7,39.0,Natural Earth (calculated)
Africa,Ghana,Western North,Region,1,36487,18220,18267,946,256,Bibiani,,,
Africa,Guinea,Boké Region,First-level division,9,462954,229264,233690,15427,4179,Kamsar,31186.0,14.8,Wikidata
Africa,Guinea,Conakry,Administrative Zone,3,3936918,1949640,1987278,131198,35542,Conakry,24.8,158746.7,Natural Earth (calculated)
Africa,Guinea,Faranah,First-level division,10,370948,183701,187247,12362,3350,Kissidougou,35581.0,10.4,Wikidata
Africa,Guinea,Kankan Region,First-level division,7,503226,249208,254018,16770,4544,Kankan,72145.0,7.0,Wikidata
Africa,Guinea,Kindia,First-level division,7,699693,346502,353191,23316,6318,Manéah,28873.0,24.2,Wikidata
Africa,Guinea,Labé Region,First-level division,3,158324,78404,79920,5277,1429,Labé,22869.0,6.9,Wikidata
Africa,Guinea,Mamou Region,First-level division,2,104464,51732,52732,3481,943,Mamou,17074.0,6.1,Wikidata
Africa,Guinea,Nzérékoré Region,First-level division,6,442714,219242,223472,14753,3996,Nzérékoré,37658.0,11.8,Wikidata
Africa,Guinea-Bissau,Bafatá,Region,2,52926,26169,26757,1564,371,Bafatá,5962.8,8.9,Natural Earth (calculated)
Africa,Guinea-Bissau,Bissau,Autonomous Sector,12,802479,396793,405686,23721,5626,Bissau,127.7,6284.1,Natural Earth (calculated)
Africa,Guinea-Bissau,Gabú,Region,1,49371,24412,24959,1459,346,Gabú,8830.0,5.6,Natural Earth (calculated)
Africa,Ivory Coast,Abidjan Autonomous District,District,6,8504331,4323007,4181324,268431,64692,Abidjan,,,
Africa,Ivory Coast,Bas-Sassandra District,Department,35,1312038,666949,645089,41415,9979,San-Pédro,26179.9,50.1,Natural Earth (calculated)
Africa,Ivory Coast,Comoé District,District,16,651387,331122,320265,20561,4954,Abengourou,6812.8,95.6,Natural Earth (calculated)
Africa,Ivory Coast,Denguélé District,Region,1,54669,27790,26879,1726,416,Odienné,21286.5,2.6,Natural Earth (calculated)
Africa,Ivory Coast,Goh-Djiboua,District,16,792126,402663,389463,25005,6026,Gagnoa,17580.0,45.1,Wikidata
Africa,Ivory Coast,Lacs District,Department,6,546725,277915,268810,17257,4159,Yamoussoukro,8804.0,62.1,Natural Earth (calculated)
Africa,Ivory Coast,Lagunes District,Department,15,630821,320664,310157,19911,4797,Dabou,13592.7,46.4,Natural Earth (calculated)
Africa,Ivory Coast,Montagnes,Department,29,1113843,566200,547643,35156,8475,Man,16617.0,67.0,Natural Earth (calculated)
Africa,Ivory Coast,Sassandra-Marahoue,District,26,1293131,657337,635794,40816,9836,Daloa,23940.0,54.0,Wikidata
Africa,Ivory Coast,Savanes District,Department,13,838426,426196,412230,26463,6379,Korhogo,40107.3,20.9,Natural Earth (calculated)
Africa,Ivory Coast,Vallée du Bandama District,Region,9,1046910,532176,514734,33045,7965,Bouaké,28312.5,37.0,Natural Earth (calculated)
Africa,Ivory Coast,Woroba,District,5,201404,102379,99025,6358,1531,Séguéla,43853.0,4.6,Wikidata
Africa,Ivory Coast,Zanzan District,Region,6,511000,259757,251243,16128,3887,Sinfra,37841.5,13.5,Natural Earth (calculated)
Africa,Kenya,Baringo,County,2,46046,22887,23159,1242,331,Kabarnet,11075.3,4.2,Wikidata
Africa,Kenya,Bungoma County,County,3,166723,82870,83853,4497,1196,Bungoma,2206.9,75.5,Wikidata
Africa,Kenya,Busia County,County,3,128361,63802,64559,3462,922,Busia,1628.4,78.8,Wikidata
Africa,Kenya,Elegeyo-Marakwet,County,1,42000,20876,21124,1133,302,Iten,3049.7,13.8,Wikidata
Africa,Kenya,Embu County,County,1,64979,32298,32681,1752,467,Embu,2818.0,23.1,Wikidata
Africa,Kenya,Garissa County,County,1,163399,81217,82182,4407,1173,Garissa,45720.2,3.6,Wikidata
Africa,Kenya,Homa Bay County,County,3,81711,40615,41096,2203,587,Homa Bay,3154.7,25.9,Wikidata
Africa,Kenya,Isiolo County,County,2,96093,47763,48330,2591,690,Isiolo,25336.1,3.8,Wikidata
Africa,Kenya,Kajiado County,County,5,530909,263888,267021,14318,3812,Ongata Rongai,21292.7,24.9,Wikidata
Africa,Kenya,Kakamega County,County,3,2026358,1007201,1019157,54647,14549,Kakamega,3033.8,667.9,Wikidata
Africa,Kenya,Kericho County,County,1,53804,26743,27061,1451,386,Kericho,2454.5,21.9,Wikidata
Africa,Kenya,Kiambu County,County,7,1534887,762916,771971,41393,11020,Ruiru,,,
Africa,Kenya,Kilifi County,County,5,344378,171173,173205,9286,2473,Malindi,12245.9,28.1,Wikidata
Africa,Kenya,Kirinyaga County,County,2,81767,40642,41125,2205,587,Wanguru,1205.4,67.8,Wikidata
Africa,Kenya,Kisii County,County,2,132417,65818,66599,3571,951,Kisii,1317.9,100.5,Wikidata
Africa,Kenya,Kisumu County,County,2,413174,205369,207805,11142,2966,Kisumu,2085.9,198.1,Wikidata
Africa,Kenya,Kitui County,County,2,46087,22907,23180,1243,331,Kitui,24385.1,1.9,Wikidata
Africa,Kenya,Kwale County,County,3,288192,143246,144946,7772,2070,Matuga,8270.3,34.8,Wikidata
Africa,Kenya,Laikipia,County,2,110463,54906,55557,2979,793,Nanyuki,9462.0,11.7,Wikidata
Africa,Kenya,Lamu,County,1,25385,12618,12767,685,182,Lamu,0.2,126925.0,Wikidata
Africa,Kenya,Machakos County,County,6,570721,283676,287045,15392,4099,Mwala,5952.9,95.9,Wikidata
Africa,Kenya,Makueni County,County,4,73769,36666,37103,1990,530,Makueni Boma,8008.9,9.2,Wikidata
Africa,Kenya,Mandera County,County,5,255493,126993,128500,6890,1834,Mandera,25797.7,9.9,Wikidata
Africa,Kenya,Marsabit County,County,2,84139,41821,42318,2269,605,Moyale,66923.1,1.3,Wikidata
Africa,Kenya,Meru County,County,2,102312,50854,51458,2760,735,Meru,6936.0,14.8,Wikidata
Africa,Kenya,Migori County,County,5,155256,77171,78085,4187,1116,Migori,2586.4,60.0,Wikidata
Africa,Kenya,Mombasa County,County,2,1371748,681827,689921,36993,9849,Mombasa,229.7,5971.9,Wikidata
Africa,Kenya,Murang'A,County,3,281742,140040,141702,7598,2023,Karuri,2325.8,121.1,Wikidata
Africa,Kenya,Nairobi County,National Capital Area,5,4903502,2437286,2466216,132238,35207,Nairobi,762.5,6430.8,Natural Earth (calculated)
Africa,Kenya,Nakuru County,County,9,1020834,507406,513428,27531,7331,Nakuru,7509.5,135.9,Wikidata
Africa,Kenya,Nandi,County,1,41997,20875,21122,1133,302,Kapsabet,,,
Africa,Kenya,Narok County,County,1,65430,32522,32908,1765,470,Narok,17921.2,3.7,Wikidata
Africa,Kenya,Nyamira county,County,1,24483,12169,12314,660,176,Nyamira,912.5,26.8,Wikidata
Africa,Kenya,Nyandarua County,County,3,139033,69106,69927,3749,998,Upper Gilgil,3107.7,44.7,Wikidata
Africa,Kenya,Nyeri County,County,3,142926,71042,71884,3855,1026,Nyeri,3337.1,42.8,Wikidata
Africa,Kenya,Samburu County,County,1,31350,15583,15767,845,225,Maralal,20182.5,1.6,Wikidata
Africa,Kenya,Siaya County,County,2,55865,27768,28097,1506,401,Siaya,2496.1,22.4,Wikidata
Africa,Kenya,Taita Taveta,County,2,75371,37463,37908,2033,541,Voi,17083.9,4.4,Wikidata
Africa,Kenya,Tana River County,County,2,64554,32086,32468,1741,463,Masalani,35375.8,1.8,Wikidata
Africa,Kenya,Tharaka - Nithi,County,1,22388,11128,11260,604,161,Chuka,2609.5,8.6,Wikidata
Africa,Kenya,Trans Nzoia,County,2,178734,88840,89894,4821,1283,Kitale,2469.9,72.4,Wikidata
Africa,Kenya,Turkana County,County,2,105954,52664,53290,2858,761,Lodwar,68680.0,1.5,Wikidata
Africa,Kenya,Uasin Gishu County,County,2,492071,244584,247487,13270,3533,Eldoret,2955.3,166.5,Wikidata
Africa,Kenya,Vihiga County,County,1,60000,29823,30177,1618,431,Mbale,531.3,112.9,Wikidata
Africa,Kenya,Wajir County,County,2,139715,69445,70270,3768,1003,Wajir,55840.6,2.5,Wikidata
Africa,Kenya,West Pokot County,County,2,84469,41986,42483,2278,606,Kapenguria,8418.2,10.0,Wikidata
Africa,Lesotho,Berea,District,2,65319,31845,33474,1552,685,Mabote,2066.3,31.6,Natural Earth (calculated)
Africa,Lesotho,Butha-Buthe,District,1,40599,19793,20806,965,425,Butha-Buthe,1718.0,23.6,Natural Earth (calculated)
Africa,Lesotho,Leribe,District,2,105883,51620,54263,2516,1110,Maputsoe,2703.6,39.2,Natural Earth (calculated)
Africa,Lesotho,Mafeteng District,District,1,45287,22078,23209,1076,475,Mafeteng,2685.7,16.9,Natural Earth (calculated)
Africa,Lesotho,Maseru District,District,1,359753,175387,184366,8548,3769,Maseru,3836.8,93.8,Natural Earth (calculated)
Africa,Lesotho,Mohale's Hoek District,District,1,46593,22715,23878,1107,488,Mohale's Hoek,3339.1,14.0,Natural Earth (calculated)
Africa,Lesotho,Qacha's Nek District,District,1,25573,12467,13106,608,268,Qacha’s Nek,2022.6,12.6,Natural Earth (calculated)
Africa,Lesotho,Quthing,District,1,33910,16532,17378,806,355,Quthing,2845.5,11.9,Natural Earth (calculated)
Africa,Lesotho,Thaba-Tseka,District,1,16765,8173,8592,398,176,Thaba-Tseka,5053.1,3.3,Natural Earth (calculated)
Africa,Liberia,Bomi County,County,1,22005,10988,11017,673,176,Tubmanburg,2072.2,10.6,Natural Earth (calculated)
Africa,Liberia,Bong County,County,1,86031,42957,43074,2631,690,Gbarnga,8838.3,9.7,Natural Earth (calculated)
Africa,Liberia,Grand Bassa County,County,1,75854,37875,37979,2319,608,Buchanan,7672.2,9.9,Natural Earth (calculated)
Africa,Liberia,Grand Gedeh County,County,1,38269,19108,19161,1170,307,Zwedru,11045.7,3.5,Natural Earth (calculated)
Africa,Liberia,Lofa County,County,2,54103,27015,27088,1654,434,Foya Kamara,9331.9,5.8,Natural Earth (calculated)
Africa,Liberia,Margibi County,County,2,90455,45166,45289,2766,725,Kakata,2343.8,38.6,Natural Earth (calculated)
Africa,Liberia,Maryland County,County,2,70926,35414,35512,2169,569,Harper,2366.6,30.0,Natural Earth (calculated)
Africa,Liberia,Montserrado County,County,1,1542549,770226,772323,47167,12365,Monrovia,1777.9,867.6,Natural Earth (calculated)
Africa,Liberia,Nimba,County,4,126931,63379,63552,3881,1017,Ganta,11322.0,11.2,Natural Earth (calculated)
Africa,Liberia,Sinoe County,County,1,20184,10078,10106,617,162,Greenville,9059.3,2.2,Natural Earth (calculated)
Africa,Libya,Al Butnan,Municipality|Governarate,1,141499,71934,69565,2334,925,Tobruk,79147.3,1.8,Natural Earth (calculated)
Africa,Libya,Al Jabal al Akhdar,Municipality|Governarate,2,158645,80650,77995,2617,1037,Al Bayḑā’,8442.7,18.8,Natural Earth (calculated)
Africa,Libya,Al Jafarah,Municipality|Governarate,5,310233,157714,152519,5117,2027,Janzūr,1333.0,232.7,Natural Earth (calculated)
Africa,Libya,Al Jufrah,Municipality|Governarate,1,24431,12420,12011,403,160,Hūn,115068.0,0.2,Natural Earth (calculated)
Africa,Libya,Al Kufrah,Municipality|Governarate,2,88129,44802,43327,1454,576,At Tāj,422905.7,0.2,Natural Earth (calculated)
Africa,Libya,Al Marj,Municipality|Governarate,2,117878,59926,57952,1944,770,Al Marj,14849.2,7.9,Natural Earth (calculated)
Africa,Libya,Al Marqab,Municipality|Governarate,4,345392,175587,169805,5697,2257,Al Khums,8028.8,43.0,Natural Earth (calculated)
Africa,Libya,Al Wahat,Municipality|Governarate,3,184088,93584,90504,3037,1203,Ajdabiya,197293.1,0.9,Natural Earth (calculated)
Africa,Libya,An Nuqat al Khams,Municipality|Governarate,4,298040,151515,146525,4915,1947,Al Ajaylat,6268.9,47.5,Natural Earth (calculated)
Africa,Libya,Az Zawiyah,Municipality|Governarate,6,645104,327950,317154,10641,4215,Az Zāwīyah,3385.5,190.5,Natural Earth (calculated)
Africa,Libya,Banghazi,Municipality|Governarate,2,777408,395211,382197,12824,5079,Benghazi,9827.3,79.1,Natural Earth (calculated)
Africa,Libya,Darnah,Municipality|Governarate,2,127212,64671,62541,2098,831,Darnah,21194.5,6.0,Natural Earth (calculated)
Africa,Libya,Jabal al Gharbi,Municipality|Governarate,7,166403,84594,81809,2745,1087,Gharyan,88766.4,1.9,Natural Earth (calculated)
Africa,Libya,Misratah,Municipality|Governarate,3,605181,307656,297525,9983,3955,Misratah,49723.5,12.2,Natural Earth (calculated)
Africa,Libya,Murzuq District,Municipality|Governarate,2,47237,24014,23223,779,308,Murzuk,283344.9,0.2,Natural Earth (calculated)
Africa,Libya,Nalut,Municipality|Governarate,1,28431,14453,13978,469,186,Nālūt,67953.5,0.4,Natural Earth (calculated)
Africa,Libya,Sabha District,Municipality|Governarate,2,275715,140165,135550,4548,1802,Sabha,17231.5,16.0,Natural Earth (calculated)
Africa,Libya,Surt,Municipality|Governarate,2,122214,62130,60084,2016,798,Sirte,46273.8,2.6,Natural Earth (calculated)
Africa,Libya,Tripoli,Municipality|Governarate,5,1569334,797802,771532,25887,10253,Tripoli,2618.4,599.3,Natural Earth (calculated)
Africa,Libya,Wadi al Hayat,Municipality|Governarate,2,57018,28986,28032,941,372,Ubari,32378.8,1.8,Natural Earth (calculated)
Africa,Libya,Wadi ash Shati',Municipality|Governarate,1,16200,8236,7964,267,106,Brak,96389.4,0.2,Natural Earth (calculated)
Africa,Madagascar,Alaotra Mangoro,Autonomous Province,6,233747,117240,116507,7412,1747,Moramanga,27684.8,8.4,Natural Earth (calculated)
Africa,Madagascar,Amoron'i Mania,Autonomous Province,3,114080,57219,56861,3618,852,Ambositra,17057.3,6.7,Natural Earth (calculated)
Africa,Madagascar,Analamanga,Autonomous Province,10,1570509,787721,782788,49806,11734,Antananarivo,16391.4,95.8,Natural Earth (calculated)
Africa,Madagascar,Analanjirofo,Autonomous Province,7,265002,132917,132085,8405,1980,Maroantsetra,22172.4,12.0,Natural Earth (calculated)
Africa,Madagascar,Androy,Autonomous Province,5,165026,82772,82254,5234,1232,Ambovombe,15788.8,10.5,Natural Earth (calculated)
Africa,Madagascar,Anosy,Autonomous Province,3,138313,69374,68939,4387,1033,Tôlanaro,30573.8,4.5,Natural Earth (calculated)
Africa,Madagascar,Atsimo-Andrefana,Autonomous Province,8,368474,184814,183660,11685,2753,Toliara,69058.3,5.3,Natural Earth (calculated)
Africa,Madagascar,Atsimo-Atsinanana,Autonomous Province,4,124486,62439,62047,3948,930,Vangaindrano,16150.1,7.7,Natural Earth (calculated)
Africa,Madagascar,Atsinanana,Autonomous Province,6,474382,237935,236447,15046,3543,Toamasina,22188.1,21.4,Natural Earth (calculated)
Africa,Madagascar,Betsiboka,Autonomous Province,2,53905,27038,26867,1710,403,Maevatanana,30676.7,1.8,Natural Earth (calculated)
Africa,Madagascar,Boeny,Autonomous Province,5,373773,187474,186299,11854,2793,Mahajanga,30279.8,12.3,Natural Earth (calculated)
Africa,Madagascar,Bongolava,Autonomous Province,2,66692,33450,33242,2115,498,Tsiroanomandidy,18041.0,3.7,Natural Earth (calculated)
Africa,Madagascar,Diana,Autonomous Province,6,368285,184720,183565,11680,2751,Antsiranana,19335.6,19.0,Natural Earth (calculated)
Africa,Madagascar,Fitovinany Region,Region,4,118323,59348,58975,3752,884,Manakara,,,
Africa,Madagascar,Ihorombe,Autonomous Province,2,64182,32192,31990,2036,480,Ihosy,24512.7,2.6,Natural Earth (calculated)
Africa,Madagascar,Itasy,Autonomous Province,3,146492,73477,73015,4646,1094,Imerintsiatosika,6653.0,22.0,Natural Earth (calculated)
Africa,Madagascar,Melaky,Autonomous Province,2,81889,41073,40816,2597,611,Antsalova,41630.5,2.0,Natural Earth (calculated)
Africa,Madagascar,Menabe,Autonomous Province,3,102198,51259,50939,3241,764,Morondava,49696.4,2.1,Natural Earth (calculated)
Africa,Madagascar,Sava,Autonomous Province,5,245910,123341,122569,7799,1837,Sambava,23941.1,10.3,Natural Earth (calculated)
Africa,Madagascar,Sofia,Autonomous Province,6,179656,90111,89545,5697,1343,Antsohihy,50971.4,3.5,Natural Earth (calculated)
Africa,Madagascar,Upper Matsiatra,Autonomous Province,3,264490,132660,131830,8388,1976,Fianarantsoa,21467.4,12.3,Natural Earth (calculated)
Africa,Madagascar,Vakinankaratra,Autonomous Province,7,487658,244594,243064,15465,3644,Antsirabe,17351.0,28.1,Natural Earth (calculated)
Africa,Madagascar,Vatovavy Region,Region,4,108471,54406,54065,3440,811,Nosy Varika,,,
Africa,Malawi,Central Region,District,8,1373544,670439,703105,42776,7269,Lilongwe,35592.0,38.6,Wikidata
Africa,Malawi,Northern Region,District,6,409808,200032,209776,12762,2169,Mzuzu,26931.0,15.2,Wikidata
Africa,Malawi,Southern Region,District,9,1247553,608944,638609,38852,6601,Blantyre,31753.0,39.3,Wikidata
Africa,Mali,Bamako,District,1,4227569,2132597,2094972,167124,35977,Bamako,213.5,19801.3,Natural Earth (calculated)
Africa,Mali,Gao,Region,4,226105,114058,112047,8939,1925,Gao,173190.7,1.3,Natural Earth (calculated)
Africa,Mali,Kayes,Region,7,422246,213001,209245,16693,3593,Kayes,122994.4,3.4,Natural Earth (calculated)
Africa,Mali,Kidal,Region,1,40030,20193,19837,1582,341,Kidal,146451.8,0.3,Natural Earth (calculated)
Africa,Mali,Koulikoro,Region,16,775619,391262,384357,30661,6600,Kalaban Koro,91470.6,8.5,Natural Earth (calculated)
Africa,Mali,Mopti,Region,6,344991,174032,170959,13638,2936,Mopti,82006.8,4.2,Natural Earth (calculated)
Africa,Mali,Ménaka,Region,1,18688,9427,9261,739,159,Andéranboukan,,,
Africa,Mali,Sikasso,Region,10,857714,432673,425041,33907,7300,Sikasso,70918.6,12.1,Natural Earth (calculated)
Africa,Mali,Ségou,Region,11,625575,315572,310003,24731,5322,Ségou,61433.0,10.2,Natural Earth (calculated)
Africa,Mali,Tombouctou,Region,3,134956,68078,66878,5335,1149,Timbuktu,504044.4,0.3,Natural Earth (calculated)
Africa,Mauritania,(Not specified),First-level division,1,1184530,581403,603127,40310,6413,Nouakchott,,,
Africa,Mauritania,Adrar,Region,1,31133,15281,15852,1059,169,Atar,222379.6,0.1,Natural Earth (calculated)
Africa,Mauritania,Assaba,Region,4,128017,62834,65183,4357,693,Kiffa,35895.6,3.6,Natural Earth (calculated)
Africa,Mauritania,Brakna,Region,3,54920,26956,27964,1870,298,Bogué,33132.5,1.7,Natural Earth (calculated)
Africa,Mauritania,Dakhlet Nouadhibou,Region,1,146048,71685,74363,4970,791,Nouadhibou,17061.7,8.6,Natural Earth (calculated)
Africa,Mauritania,Gorgol,Region,1,56283,27625,28658,1915,305,Kaédi,13680.1,4.1,Natural Earth (calculated)
Africa,Mauritania,Guidimaka,Region,1,32653,16027,16626,1111,177,Sélibaby,10473.3,3.1,Natural Earth (calculated)
Africa,Mauritania,Hodh Ech Chargi,Region,4,176791,86775,90016,6016,957,Néma,185467.2,1.0,Natural Earth (calculated)
Africa,Mauritania,Hodh El Gharbi,Region,2,43858,21527,22331,1493,238,Ayoun El Atrous,50156.6,0.9,Natural Earth (calculated)
Africa,Mauritania,Inchiri,Region,1,15851,7780,8071,539,86,Akjoujt,44648.6,0.4,Natural Earth (calculated)
Africa,Mauritania,Nouakchott North,First-level division,1,61089,29984,31105,2079,331,Dar Naim,,,
Africa,Mauritania,Nouakchott West,First-level division,2,105851,51954,53897,3603,573,Ksar,,,
Africa,Mauritania,Tiris Zemmour,Region,1,55183,27085,28098,1878,299,Zouérat,257981.5,0.2,Natural Earth (calculated)
Africa,Mauritania,Trarza,Region,3,65081,31943,33138,2215,352,Boutilimitt,69076.0,0.9,Natural Earth (calculated)
Africa,Mauritius,Black River,District,1,17818,8885,8933,184,178,Bambous,318.3,56.0,Natural Earth (calculated)
Africa,Mauritius,Flacq,District,2,35746,17824,17922,368,357,Bel Air Rivière Sèche,302.2,118.3,Natural Earth (calculated)
Africa,Mauritius,Grand Port,District,1,17042,8498,8544,176,170,Mahébourg,221.4,77.0,Natural Earth (calculated)
Africa,Mauritius,Moka,District,1,16704,8329,8375,172,167,Saint Pierre,206.7,80.8,Natural Earth (calculated)
Africa,Mauritius,Pamplemousses,District,3,55324,27587,27737,570,554,Triolet,196.2,282.0,Natural Earth (calculated)
Africa,Mauritius,Plaines Wilhems,City,4,382570,190765,191805,3940,3826,Vacoas,165.8,2307.4,Natural Earth (calculated)
Africa,Mauritius,Port Louis,City,1,155226,77402,77824,1599,1552,Port Louis,39.6,3919.8,Natural Earth (calculated)
Africa,Mauritius,Rivière du Rempart,District,1,21063,10503,10560,217,211,Goodlands,145.7,144.6,Natural Earth (calculated)
Africa,Mayotte,Dzaoudzi,First-level division,2,33078,0,0,0,0,Labattoir,,,
Africa,Mayotte,Koungou,First-level division,1,18118,0,0,0,0,Koungou,28.4,638.0,Wikidata
Africa,Mayotte,Mamoudzou,First-level division,3,87771,0,0,0,0,Mamoudzou,,,
Africa,Morocco,Beni Mellal-Khenifra,Region,18,1243866,627008,616858,20402,7124,Khouribga,,,
Africa,Morocco,Casablanca-Settat,Region,25,5385191,2714568,2670623,88328,30832,Casablanca,,,
Africa,Morocco,Drâa-Tafilalet,Region,11,443582,223602,219980,7277,2541,Errachidia,,,
Africa,Morocco,Fes-Meknes,Region,24,2868151,1445777,1422374,47047,16423,Fes,,,
Africa,Morocco,Guelmim-Oued Noun,Region,4,240588,121275,119313,3946,1378,Guelmim,,,
Africa,Morocco,Laayoune-Sakia El Hamra,Region,1,42056,21200,20856,690,241,Smara,,,
Africa,Morocco,Marrakesh-Safi,Region,18,1988772,1002499,986273,32617,11387,Marrakesh,,,
Africa,Morocco,Oriental,Region,18,1407023,709255,697768,23077,8058,Oujda,90130.0,15.6,Wikidata
Africa,Morocco,Rabat-Salé-Kénitra,Region,26,4666055,2352064,2313991,76533,26715,Rabat,,,
Africa,Morocco,Souss-Massa,Region,19,1875301,945302,929999,30758,10737,Agadir,,,
Africa,Morocco,Tanger-Tetouan-Al Hoceima,Region,16,2647946,1334777,1313169,43432,15164,Tangier,,,
Africa,Mozambique,Cabo Delgado Province,Province,7,482969,234501,248468,17883,3336,Pemba,77842.5,6.2,Natural Earth (calculated)
Africa,Mozambique,Gaza Province,Province,5,347472,168711,178761,12865,2400,Xai-Xai,76304.0,4.6,Natural Earth (calculated)
Africa,Mozambique,Inhambane Province,Province,4,289291,140462,148829,10712,1998,Maxixe,68082.8,4.2,Natural Earth (calculated)
Africa,Mozambique,Manica,Province,6,561096,272433,288663,20777,3876,Chimoio,63742.9,8.8,Natural Earth (calculated)
Africa,Mozambique,Maputo City,Province,1,1254837,609274,645563,46464,8668,Maputo,99.4,12624.1,Natural Earth (calculated)
Africa,Mozambique,Maputo Province,Province,4,1401553,680510,721043,51897,9683,Matola,24020.4,58.3,Natural Earth (calculated)
Africa,Mozambique,Nampula,Province,15,1516886,736508,780378,56167,10478,Nampula,78197.7,19.4,Natural Earth (calculated)
Africa,Mozambique,Niassa Province,Province,3,492043,238906,253137,18218,3400,Lichinga,129469.5,3.8,Natural Earth (calculated)
Africa,Mozambique,Sofala,Province,7,905228,439525,465703,33519,6253,Beira,67234.9,13.5,Natural Earth (calculated)
Africa,Mozambique,Tete,Province,4,449134,218073,231061,16631,3102,Tete,100679.3,4.5,Natural Earth (calculated)
Africa,Mozambique,Zambezia Province,Province,10,898327,436173,462154,33264,6206,Quelimane,102775.1,8.7,Natural Earth (calculated)
Africa,Namibia,Erongo Region,Region,2,126607,61827,64780,3278,782,Walvis Bay,64066.9,2.0,Natural Earth (calculated)
Africa,Namibia,Hardap Region,Region,1,34185,16694,17491,885,211,Rehoboth,110226.2,0.3,Natural Earth (calculated)
Africa,Namibia,Karas Region,Region,2,38186,18648,19538,989,235,Keetmanshoop,160187.2,0.2,Natural Earth (calculated)
Africa,Namibia,Kavango East,First-level division,2,95813,46789,49024,2480,591,Rundu,23988.0,4.0,Wikidata
Africa,Namibia,Khomas Region,Region,2,407462,198980,208482,10550,2516,Windhoek,36647.1,11.1,Natural Earth (calculated)
Africa,Namibia,Ohangwena Region,Region,1,22963,11214,11749,595,142,Helao Nafidi,10940.7,2.1,Natural Earth (calculated)
Africa,Namibia,Omaheke Region,Region,1,22639,11056,11583,586,140,Gobabis,83463.5,0.3,Natural Earth (calculated)
Africa,Namibia,Oshana Region,Region,3,94370,46085,48285,2443,582,Oshakati,8497.6,11.1,Natural Earth (calculated)
Africa,Namibia,Oshikoto Region,Region,1,22845,11156,11689,591,141,Tsumeb,38486.3,0.6,Natural Earth (calculated)
Africa,Namibia,Otjozondjupa Region,Region,3,84412,41222,43190,2186,522,Otjiwarongo,104336.7,0.8,Natural Earth (calculated)
Africa,Namibia,Zambezi Region,Region,1,33615,16416,17199,870,208,Katima Mulilo,20017.8,1.7,Natural Earth (calculated)
Africa,Niger,Agadez,Department,3,344558,174943,169615,14271,3004,Agadez,622215.6,0.6,Natural Earth (calculated)
Africa,Niger,Diffa,Department,3,103895,52750,51145,4303,906,Diffa,145073.4,0.7,Natural Earth (calculated)
Africa,Niger,Dosso Region,Department,4,210505,106879,103626,8720,1835,Dosso,31450.9,6.7,Natural Earth (calculated)
Africa,Niger,Maradi Region,Department,9,600470,304877,295593,24871,5235,Maradi,39441.5,15.2,Natural Earth (calculated)
Africa,Niger,Niamey,Capital District,1,1323691,672078,651613,54827,11541,Niamey,672.6,1968.0,Natural Earth (calculated)
Africa,Niger,Tahoua Region,Department,6,363524,184573,178951,15057,3169,Tahoua,104840.1,3.5,Natural Earth (calculated)
Africa,Niger,Tillabéri Region,Department,10,261275,132657,128618,10821,2279,Méhana,91434.2,2.9,Natural Earth (calculated)
Africa,Niger,Zinder Region,Department,6,482064,244758,237306,19966,4203,Zinder,146172.8,3.3,Natural Earth (calculated)
Africa,Nigeria,Abia State,State,5,1810273,915908,894365,58821,21074,Aba,4705.4,384.7,Natural Earth (calculated)
Africa,Nigeria,Adamawa,State,6,1046264,529356,516908,33996,12180,Yola,33614.6,31.1,Natural Earth (calculated)
Africa,Nigeria,Akwa Ibom State,State,5,865372,437835,427537,28118,10074,Uyo,6654.2,130.0,Natural Earth (calculated)
Africa,Nigeria,Anambra,State,11,2692744,1362395,1330349,87495,31346,Onitsha,4707.0,572.1,Natural Earth (calculated)
Africa,Nigeria,Bauchi,State,4,836614,423285,413329,27183,9738,Bauchi,49035.8,17.1,Natural Earth (calculated)
Africa,Nigeria,Bayelsa State,State,1,365000,184672,180328,11860,4249,Yenagoa,9884.4,36.9,Natural Earth (calculated)
Africa,Nigeria,Benue State,State,6,855896,433041,422855,27811,9963,Makurdi,31470.8,27.2,Natural Earth (calculated)
Africa,Nigeria,Borno State,State,11,1545015,781701,763314,50201,17986,Maiduguri,71048.1,21.7,Natural Earth (calculated)
Africa,Nigeria,Cross River State,State,5,876513,443472,433041,28480,10203,Calabar,21009.4,41.7,Natural Earth (calculated)
Africa,Nigeria,Delta,State,8,1498743,758290,740453,48698,17446,Warri,16288.8,92.0,Natural Earth (calculated)
Africa,Nigeria,Ebonyi State,State,5,450317,227838,222479,14631,5243,Abakaliki,6186.5,72.8,Natural Earth (calculated)
Africa,Nigeria,Edo State,State,5,2034915,1029566,1005349,66121,23688,Benin City,19769.5,102.9,Natural Earth (calculated)
Africa,Nigeria,Ekiti State,State,11,1618720,818990,799730,52596,18844,Ado-Ekiti,5216.4,310.3,Natural Earth (calculated)
Africa,Nigeria,Enugu State,State,6,1247702,631275,616427,40541,14524,Enugu,7700.0,162.0,Natural Earth (calculated)
Africa,Nigeria,FCT,State,2,2787367,1410269,1377098,90570,32447,Abuja,7321.0,380.7,Natural Earth (calculated)
Africa,Nigeria,Gombe State,State,8,796703,403091,393612,25887,9275,Gombe,18171.6,43.8,Natural Earth (calculated)
Africa,Nigeria,Imo State,State,4,745111,376989,368122,24211,8674,Owerri,5289.4,140.9,Natural Earth (calculated)
Africa,Nigeria,Jigawa State,State,7,430699,217911,212788,13996,5013,Chakwama,24022.6,17.9,Natural Earth (calculated)
Africa,Nigeria,Kaduna State,State,11,3686408,1865137,1821271,119783,42915,Kaduna,44510.3,82.8,Natural Earth (calculated)
Africa,Nigeria,Kano State,State,5,4988300,2523831,2464469,162085,58069,Kano,20086.6,248.3,Natural Earth (calculated)
Africa,Nigeria,Katsina State,State,4,902809,456777,446032,29335,10509,Katsina,23938.8,37.7,Natural Earth (calculated)
Africa,Nigeria,Kebbi,State,5,277149,140224,136925,9006,3227,Birnin Kebbi,36311.8,7.6,Natural Earth (calculated)
Africa,Nigeria,Kogi State,State,8,790545,399976,390569,25686,9203,Okene,29030.7,27.2,Natural Earth (calculated)
Africa,Nigeria,Kwara State,State,8,1411487,714142,697345,45863,16430,Ilorin,35692.9,39.5,Natural Earth (calculated)
Africa,Nigeria,Lagos,State,19,20211485,10226003,9985482,656732,235282,Lagos,3545.4,5700.8,Natural Earth (calculated)
Africa,Nigeria,Nasarawa State,State,6,302315,152957,149358,9824,3519,Lafia,26155.1,11.6,Natural Earth (calculated)
Africa,Nigeria,Niger State,State,12,1248559,631709,616850,40569,14533,Minna,70501.1,17.7,Natural Earth (calculated)
Africa,Nigeria,Ogun State,State,12,1886699,954575,932124,61304,21963,Abeokuta,16207.7,116.4,Natural Earth (calculated)
Africa,Nigeria,Ondo State,State,6,2008505,1016204,992301,65263,23381,Akure,14522.4,138.3,Natural Earth (calculated)
Africa,Nigeria,Osun State,State,19,3564878,1803650,1761228,115834,41498,Osogbo,9224.5,386.5,Natural Earth (calculated)
Africa,Nigeria,Oyo State,State,14,6066629,3069413,2997216,197123,70620,Ibadan,27507.7,220.5,Natural Earth (calculated)
Africa,Nigeria,Plateau State,State,3,1087056,549996,537060,35322,12655,Jos,27570.6,39.4,Natural Earth (calculated)
Africa,Nigeria,Rivers State,State,7,2513970,1271943,1242027,81686,29264,Port Harcourt,8437.1,298.0,Natural Earth (calculated)
Africa,Nigeria,Sokoto,State,4,1095879,554460,541419,35608,12758,Sokoto,31392.3,34.9,Natural Earth (calculated)
Africa,Nigeria,Taraba State,State,5,270795,137008,133787,8799,3152,Jalingo,60455.6,4.5,Natural Earth (calculated)
Africa,Nigeria,Yobe State,State,7,505034,255523,249511,16409,5879,Gashua,45947.8,11.0,Natural Earth (calculated)
Africa,Nigeria,Zamfara State,State,5,403106,203951,199155,13099,4694,Gusau,34367.3,11.7,Natural Earth (calculated)
Africa,Republic of the Congo,Bouenza,Region,6,255687,127822,127865,7779,1596,Nkayi,12411.0,20.6,Natural Earth (calculated)
Africa,Republic of the Congo,Brazzaville,Region,1,1982000,990822,991178,60300,12370,Brazzaville,6013.1,329.6,Natural Earth (calculated)
Africa,Republic of the Congo,Cuvette,Region,4,98687,49335,49352,3003,616,Owando,44946.7,2.2,Natural Earth (calculated)
Africa,Republic of the Congo,Likouala,Region,3,86145,43065,43080,2621,537,Impfondo,67077.2,1.3,Natural Earth (calculated)
Africa,Republic of the Congo,Lékoumou,Region,1,33122,16558,16564,1008,207,Sibiti,20904.1,1.6,Natural Earth (calculated)
Africa,Republic of the Congo,Niari,Region,2,140104,70039,70065,4262,874,Dolisie,28122.5,5.0,Natural Earth (calculated)
Africa,Republic of the Congo,Plateaux,Region,2,42090,21042,21048,1281,263,Gamboma,39822.4,1.1,Natural Earth (calculated)
Africa,Republic of the Congo,Pointe-Noire,Region,2,1055204,527507,527697,32104,6586,Pointe-Noire,66.2,15939.6,Natural Earth (calculated)
Africa,Republic of the Congo,Sangha,Region,2,55769,27880,27889,1696,348,Ouesso,57566.4,1.0,Natural Earth (calculated)
Africa,Reunion,Reunion,First-level division,14,804329,0,0,0,0,Saint-Denis,,,
Africa,Rwanda,Eastern Province,Province,7,275781,134628,141153,7739,1627,Nyagatare,9461.0,29.1,Natural Earth (calculated)
Africa,Rwanda,Kigali,Province,2,1174450,573331,601119,32957,6923,Kigali,727.3,1614.8,Natural Earth (calculated)
Africa,Rwanda,Northern Province,Province,5,284205,138742,145463,7975,1676,Musanze,3239.6,87.7,Natural Earth (calculated)
Africa,Rwanda,Southern Province,Province,9,376543,183817,192726,10566,2219,Gitarama,5818.4,64.7,Natural Earth (calculated)
Africa,Rwanda,Western Province,Province,22,799211,390148,409063,22428,4711,Gisenyi,6058.7,131.9,Natural Earth (calculated)
Africa,Saint Helena,Saint Helena,First-level division,1,637,0,0,0,0,Jamestown,124.9,5.1,Natural Earth (calculated)
Africa,Sao Tome and Principe,São Tomé Island,First-level division,1,53300,26482,26818,1497,295,São Tomé,880.9,60.5,Natural Earth (calculated)
Africa,Senegal,Dakar,Region,15,5168160,2624650,2543510,150828,28452,Dakar,571.8,9038.4,Natural Earth (calculated)
Africa,Senegal,Diourbel Region,Region,6,1594747,809892,784855,46542,8778,Touba,4885.3,326.4,Natural Earth (calculated)
Africa,Senegal,Fatick,Region,3,79137,40190,38947,2310,436,Fatick,7067.3,11.2,Natural Earth (calculated)
Africa,Senegal,Kaffrine,Region,3,109398,55557,53841,3192,601,Kaffrine,11024.8,9.9,Natural Earth (calculated)
Africa,Senegal,Kaolack,Region,5,384643,195341,189302,11226,2116,Kaolack,4859.4,79.2,Natural Earth (calculated)
Africa,Senegal,Kedougou,Region,1,30051,15261,14790,877,165,Kédougou,19180.4,1.6,Natural Earth (calculated)
Africa,Senegal,Kolda,Region,4,211758,107541,104217,6181,1165,Kolda,13945.0,15.2,Natural Earth (calculated)
Africa,Senegal,Louga,Region,5,230929,117276,113653,6739,1272,Louga,25180.5,9.2,Natural Earth (calculated)
Africa,Senegal,Matam,Region,4,85205,43272,41933,2486,469,Matam,30199.5,2.8,Natural Earth (calculated)
Africa,Senegal,Saint-Louis,Region,4,369338,187569,181769,10780,2034,Saint-Louis,19000.5,19.4,Natural Earth (calculated)
Africa,Senegal,Sédhiou,Region,2,49750,25266,24484,1452,273,Sédhiou,6969.7,7.1,Natural Earth (calculated)
Africa,Senegal,Tambacounda,Region,2,164794,83691,81103,4809,908,Tambacounda,39703.5,4.2,Natural Earth (calculated)
Africa,Senegal,Thies,Region,15,1333930,677437,656493,38930,7344,Thiès,6648.3,200.6,Natural Earth (calculated)
Africa,Senegal,Ziguinchor,Region,2,243516,123670,119846,7107,1341,Ziguinchor,6988.3,34.8,Natural Earth (calculated)
Africa,Seychelles,La Rivière Anglaise,First-level division,1,22881,12597,10284,252,160,Victoria,3.5,6537.4,Natural Earth (calculated)
Africa,Sierra Leone,Eastern Province,Province,3,399672,199345,200327,12034,3282,Kenema,15267.1,26.2,Natural Earth (calculated)
Africa,Sierra Leone,North West,Province,1,44900,22395,22505,1352,369,Port Loko,13520.0,3.3,Wikidata
Africa,Sierra Leone,Northern Province,Province,4,141016,70334,70682,4245,1157,Makeni,35759.9,3.9,Natural Earth (calculated)
Africa,Sierra Leone,Southern Province,Province,3,289807,144548,145259,8725,2379,Bo,19934.7,14.5,Natural Earth (calculated)
Africa,Sierra Leone,Western Area,Province,3,876848,437345,439503,26400,7200,Freetown,649.8,1349.4,Natural Earth (calculated)
Africa,Somalia,Awdal,Region,4,785144,393279,391865,33248,7649,Borama,16294.0,48.2,Wikidata
Africa,Somalia,Banaadir,Region,1,2587183,1295920,1291263,109557,25202,Mogadishu,203.5,12713.4,Natural Earth (calculated)
Africa,Somalia,Bari,Region,3,293587,147057,146530,12432,2860,El Dibir,70107.1,4.2,Natural Earth (calculated)
Africa,Somalia,Bay,Region,3,177631,88975,88656,7522,1731,Baidoa,43937.5,4.0,Natural Earth (calculated)
Africa,Somalia,Galguduud,Region,4,250562,125506,125056,10611,2441,Cabudwaaq,50163.2,5.0,Natural Earth (calculated)
Africa,Somalia,Gedo,Region,4,176060,88188,87872,7455,1714,Beled Hawo,46244.1,3.8,Natural Earth (calculated)
Africa,Somalia,Hiiraan,Region,2,72338,36234,36104,3063,705,Beledweyne,34480.0,2.1,Natural Earth (calculated)
Africa,Somalia,Lower Juba,Region,3,356122,178381,177741,15080,3470,Kismayo,48659.6,7.3,Natural Earth (calculated)
Africa,Somalia,Lower Shabeelle,Region,4,369303,184984,184319,15639,3598,Marka,25672.4,14.4,Natural Earth (calculated)
Africa,Somalia,Middle Juba,Region,2,61169,30639,30530,2590,596,Jilib,18853.7,3.2,Natural Earth (calculated)
Africa,Somalia,Middle Shabele,Region,1,47086,23585,23501,1994,459,Jawhar,18558.5,2.5,Natural Earth (calculated)
Africa,Somalia,Mudug,Region,2,87200,43678,43522,3693,849,Gaalkacyo,59236.0,1.5,Natural Earth (calculated)
Africa,Somalia,Nugaal,Region,2,76204,38171,38033,3227,742,Garoowe,29726.7,2.6,Natural Earth (calculated)
Africa,Somalia,Sanaag,Region,1,33853,16957,16896,1434,330,Ceerigaabo,54231.0,0.6,Wikidata
Africa,Somalia,Sool,Region,1,60100,30104,29996,2545,585,Laascaanood,39240.0,1.5,Wikidata
Africa,Somalia,Togdheer,Region,1,99270,49724,49546,4204,967,Burao,30426.0,3.3,Wikidata
Africa,Somalia,Woqooyi Galbeed,Region,4,820240,410858,409382,34733,7990,Hargeysa,17429.0,47.1,Wikidata
Africa,South Africa,Eastern Cape,Province,34,3358601,1634193,1724408,62067,31025,Gqeberha,169346.4,19.8,Natural Earth (calculated)
Africa,South Africa,Free State,Province,41,2975532,1447806,1527726,54990,27489,Bloemfontein,129714.5,22.9,Natural Earth (calculated)
Africa,South Africa,Gauteng,Province,37,21370206,10398101,10972105,394922,197398,Johannesburg,18213.9,1173.3,Natural Earth (calculated)
Africa,South Africa,KwaZulu-Natal,Province,39,6683754,3252114,3431640,123519,61741,Durban,94007.8,71.1,Natural Earth (calculated)
Africa,South Africa,Limpopo,Province,27,1414718,688357,726361,26144,13066,Polokwane,125667.6,11.3,Natural Earth (calculated)
Africa,South Africa,Mpumalanga,Province,49,2534990,1233452,1301538,46847,23418,Emalahleni,75532.1,33.6,Natural Earth (calculated)
Africa,South Africa,North West,Province,30,2145937,1044147,1101790,39659,19822,Rustenburg,105088.7,20.4,Natural Earth (calculated)
Africa,South Africa,Northern Cape,Province,6,315522,153523,161999,5831,2915,Kimberley,372580.1,0.8,Natural Earth (calculated)
Africa,South Africa,Western Cape,Province,41,7140543,3474378,3666165,131959,65957,Cape Town,129675.6,55.1,Natural Earth (calculated)
Africa,South Sudan,Central Equatoria,State,2,710720,349518,361202,20769,6980,Juba,46980.2,15.1,Natural Earth (calculated)
Africa,South Sudan,Eastern Equatoria,State,2,69048,33956,35092,2018,678,Pajok,67739.8,1.0,Natural Earth (calculated)
Africa,South Sudan,Jonglei,State,1,26782,13171,13611,783,263,Bor,120901.8,0.2,Natural Earth (calculated)
Africa,South Sudan,Lakes,State,1,32083,15778,16305,938,315,Rumbek,38280.3,0.8,Natural Earth (calculated)
Africa,South Sudan,Northern Bahr al Ghazal,State,2,338745,166588,172157,9899,3327,Winejok,37908.2,8.9,Natural Earth (calculated)
Africa,South Sudan,Unity,State,1,17827,8767,9060,521,175,Leer,35573.7,0.5,Natural Earth (calculated)
Africa,South Sudan,Upper Nile,State,1,160765,79061,81704,4698,1579,Malakal,76044.3,2.1,Natural Earth (calculated)
Africa,South Sudan,Warrap,State,3,139938,68818,71120,4089,1374,Kuacjok,34681.8,4.0,Natural Earth (calculated)
Africa,South Sudan,Western Bahr al Ghazal,State,2,143384,70513,72871,4190,1408,Wau,87464.3,1.6,Natural Earth (calculated)
Africa,South Sudan,Western Equatoria,State,1,40382,19859,20523,1180,397,Yambio,81287.4,0.5,Natural Earth (calculated)
Africa,Sudan,Al Jazirah,State,5,554138,274643,279495,18283,3511,Wad Medani,25065.5,22.1,Natural Earth (calculated)
Africa,Sudan,Al Qaḑārif,State,6,508585,252065,256520,16782,3223,Al Qadarif,58670.2,8.7,Natural Earth (calculated)
Africa,Sudan,Blue Nile,State,2,244763,121310,123453,8076,1551,Ad-Damazin,44385.6,5.5,Natural Earth (calculated)
Africa,Sudan,Central Darfur,State,1,35061,17377,17684,1157,222,Zalinjay,37391.2,0.9,Natural Earth (calculated)
Africa,Sudan,Eastern Darfur,State,2,313700,155476,158224,10351,1987,El Daein,57017.7,5.5,Natural Earth (calculated)
Africa,Sudan,Kassala,State,2,465066,230496,234570,15345,2946,Kassala,50672.0,9.2,Natural Earth (calculated)
Africa,Sudan,Khartoum,Region,3,4836517,2397075,2439442,159585,30639,Khartoum,21109.3,229.1,Natural Earth (calculated)
Africa,Sudan,North Kordofan,State,4,503631,249610,254021,16618,3190,El Obeid,243498.5,2.1,Natural Earth (calculated)
Africa,Sudan,Northern Darfur,State,4,379844,188258,191586,12533,2406,El Fasher,291611.9,1.3,Natural Earth (calculated)
Africa,Sudan,Northern State,State,3,91485,45342,46143,3018,580,Dongola,362808.9,0.3,Natural Earth (calculated)
Africa,Sudan,Red Sea,State,5,635705,315068,320637,20976,4027,Port Sudan,200286.1,3.2,Natural Earth (calculated)
Africa,Sudan,River Nile,State,5,325052,161103,163949,10726,2059,Atbara,126471.7,2.6,Natural Earth (calculated)
Africa,Sudan,Sennar,Region,8,529619,262491,267128,17477,3355,Singa,36191.8,14.6,Natural Earth (calculated)
Africa,Sudan,Southern Darfur,State,6,873037,432694,440343,28806,5531,Nyala,78659.8,11.1,Natural Earth (calculated)
Africa,Sudan,Southern Kordofan,State,4,219963,109018,110945,7259,1393,Kadugli,138894.4,1.6,Natural Earth (calculated)
Africa,Sudan,West Kordofan,State,6,247235,122534,124701,8158,1567,An Nuhūd,106000.0,2.3,Wikidata
Africa,Sudan,Western Darfur,State,3,352882,174896,177986,11644,2235,Al-Junaynah,46341.0,7.6,Natural Earth (calculated)
Africa,Sudan,White Nile,State,7,665643,329907,335736,21964,4216,Kosti,38561.5,17.3,Natural Earth (calculated)
Africa,Tanzania,Arusha,Region,8,819025,406082,412943,28503,4685,Arusha,38611.9,21.2,Natural Earth (calculated)
Africa,Tanzania,Dar es Salaam Region,Region,2,5402814,2678769,2724045,188023,30909,Dar es Salaam,1639.1,3296.2,Natural Earth (calculated)
Africa,Tanzania,Dodoma,Region,5,945202,468639,476563,32894,5408,Dodoma,42304.1,22.3,Natural Earth (calculated)
Africa,Tanzania,Geita,Region,10,779458,386464,392994,27126,4458,Geita,23858,32.7,Natural Earth (calculated)
Africa,Tanzania,Iringa,Region,5,383956,190370,193586,13363,2196,Iringa,38604.3,9.9,Natural Earth (calculated)
Africa,Tanzania,Kagera,Region,13,433784,215074,218710,15097,2482,Bukoba,29968.6,14.5,Natural Earth (calculated)
Africa,Tanzania,Katavi,Region,2,222080,110110,111970,7728,1271,Mpanda,47815,4.6,Natural Earth (calculated)
Africa,Tanzania,Kigoma,Region,7,604670,299803,304867,21043,3458,Kasulu,47472.2,12.7,Natural Earth (calculated)
Africa,Tanzania,Kilimanjaro,Region,7,369601,183252,186349,12862,2115,Moshi,13065.3,28.3,Natural Earth (calculated)
Africa,Tanzania,Lindi,Region,6,198958,98645,100313,6924,1137,Lindi,66417.3,3.0,Natural Earth (calculated)
Africa,Tanzania,Manyara,Region,10,276309,136998,139311,9615,1581,Babati,45149.9,6.1,Natural Earth (calculated)
Africa,Tanzania,Mara,Region,12,687437,340836,346601,23923,3932,Bunda,28552.4,24.1,Natural Earth (calculated)
Africa,Tanzania,Mbeya,Region,13,1000968,496291,504677,34835,5727,Mbeya,58549.0,17.1,Natural Earth (calculated)
Africa,Tanzania,Morogoro,Region,16,1118442,554534,563908,38923,6399,Morogoro,68769.9,16.3,Natural Earth (calculated)
Africa,Tanzania,Mtwara,Region,11,454581,225387,229194,15821,2600,Mtwara,17752.5,25.6,Natural Earth (calculated)
Africa,Tanzania,Mwanza,Region,8,1382093,685255,696838,48097,7907,Mwanza,26801.6,51.6,Natural Earth (calculated)
Africa,Tanzania,Njombe,Region,5,261847,129826,132021,9113,1498,Makumbako,22010,11.9,Natural Earth (calculated)
Africa,Tanzania,Pemba North,Region,1,35951,17825,18126,1251,206,Wete,453.5,79.3,Natural Earth (calculated)
Africa,Tanzania,Pemba South,Region,2,75766,37565,38201,2636,434,Chake Chake,469.9,161.2,Natural Earth (calculated)
Africa,Tanzania,Pwani,Region,14,769240,381397,387843,26771,4399,Kibaha,31634.3,24.3,Natural Earth (calculated)
Africa,Tanzania,Rukwa,Region,6,442976,219631,223345,15416,2534,Sumbawanga,28222.6,15.7,Natural Earth (calculated)
Africa,Tanzania,Ruvuma,Region,8,486934,241427,245507,16945,2786,Songea,63978.4,7.6,Natural Earth (calculated)
Africa,Tanzania,Shinyanga,Region,9,745142,369448,375694,25932,4262,Kahama,20122.4,37.0,Natural Earth (calculated)
Africa,Tanzania,Simiyu,Region,10,478895,237441,241454,16666,2740,Bariadi,24637.7,19.4,Natural Earth (calculated)
Africa,Tanzania,Singida,Region,13,499546,247678,251868,17385,2859,Singida,48939.4,10.2,Natural Earth (calculated)
Africa,Tanzania,Songwe,Region,3,344309,170712,173597,11982,1970,Tunduma,27656.0,12.4,Wikidata
Africa,Tanzania,Tabora,Region,8,616417,305626,310791,21452,3526,Tabora,76666.3,8.0,Natural Earth (calculated)
Africa,Tanzania,Tanga,Region,11,747732,370733,376999,26022,4278,Tanga,27975.8,26.7,Natural Earth (calculated)
Africa,Tanzania,Zanzibar Central/South,Region,1,25821,12802,13019,899,148,Sokoni,873.1,29.6,Natural Earth (calculated)
Africa,Tanzania,Zanzibar North,Region,1,30762,15252,15510,1071,176,Nungwi,454.5,67.7,Natural Earth (calculated)
Africa,Tanzania,Zanzibar Urban/West,Region,1,709809,351930,357879,24702,4061,Zanzibar,248.1,2861.0,Natural Earth (calculated)
Africa,Togo,Centrale,Region,3,167811,82135,85676,5380,1424,Sokodé,13227.8,12.7,Natural Earth (calculated)
Africa,Togo,Kara,Region,4,211856,103693,108163,6793,1797,Kara,11588.6,18.3,Natural Earth (calculated)
Africa,Togo,Maritime,Region,5,2334603,1142672,1191931,74849,19812,Lomé,6181.0,377.7,Natural Earth (calculated)
Africa,Togo,Plateaux,Region,5,252204,123441,128763,8085,2140,Atakpamé,17212.6,14.7,Natural Earth (calculated)
Africa,Togo,Savanes,Region,3,122745,60078,62667,3935,1041,Dapaong,8653.5,14.2,Natural Earth (calculated)
Africa,Tunisia,Ariana Governorate,Governorate,6,530487,262124,268363,7093,3252,Sukrah,482.0,1100.6,Wikidata
Africa,Tunisia,Ben Arous Governorate,Governorate,9,510919,252456,258463,6830,3130,El Mourouj,749.1,682.0,Natural Earth (calculated)
Africa,Tunisia,Bizerte Governorate,Governorate,9,360733,178245,182488,4822,2210,Bizerte,3600.8,100.2,Natural Earth (calculated)
Africa,Tunisia,Béja Governorate,Governorate,3,106690,52717,53973,1426,654,Béja,3692.8,28.9,Natural Earth (calculated)
Africa,Tunisia,Gabès Governorate,Governorate,7,257338,127157,130181,3440,1579,Gabès,7183.6,35.8,Natural Earth (calculated)
Africa,Tunisia,Gafsa,Governorate,5,216399,106926,109473,2894,1326,Gafsa,7269.3,29.8,Natural Earth (calculated)
Africa,Tunisia,Jendouba Governorate,Governorate,3,90752,44843,45909,1213,556,Jendouba,3275.7,27.7,Natural Earth (calculated)
Africa,Tunisia,Kairouan,Governorate,1,139070,68717,70353,1859,852,Kairouan,6648.6,20.9,Natural Earth (calculated)
Africa,Tunisia,Kasserine Governorate,Governorate,4,201359,99495,101864,2693,1235,Kasserine,8403.8,24.0,Natural Earth (calculated)
Africa,Tunisia,Kebili Governorate,Governorate,2,60531,29909,30622,810,371,Douz,22530.8,2.7,Natural Earth (calculated)
Africa,Tunisia,Kef Governorate,Governorate,3,103678,51229,52449,1387,635,El Kef,5254.7,19.7,Natural Earth (calculated)
Africa,Tunisia,Mahdia Governorate,Governorate,5,177606,87759,89847,2375,1088,Mahdia,2911.1,61.0,Natural Earth (calculated)
Africa,Tunisia,Manouba,Governorate,7,305472,150939,154533,4084,1873,Douar Hicher,1633.3,187.0,Natural Earth (calculated)
Africa,Tunisia,Medenine Governorate,Governorate,7,447176,220958,226218,5979,2741,Houmt Souk,8162.7,54.8,Natural Earth (calculated)
Africa,Tunisia,Monastir Governorate,Governorate,13,508674,251344,257330,6802,3119,Monastir,1005.4,505.9,Natural Earth (calculated)
Africa,Tunisia,Nabeul Governorate,Governorate,13,598550,295756,302794,8001,3670,Hammamet,2917.1,205.2,Natural Earth (calculated)
Africa,Tunisia,Sfax Governorate,Governorate,9,681067,336529,344538,9105,4173,Sfax,7070.9,96.3,Natural Earth (calculated)
Africa,Tunisia,Sidi Bouzid Governorate,Governorate,1,47595,23518,24077,636,292,Sidi Bouzid,7497.7,6.3,Natural Earth (calculated)
Africa,Tunisia,Siliana Governorate,Governorate,1,31251,15442,15809,418,192,Siliana,4539.9,6.9,Natural Earth (calculated)
Africa,Tunisia,Sousse Governorate,Governorate,8,527175,260488,266687,7049,3232,Sousse,2668.0,197.6,Natural Earth (calculated)
Africa,Tunisia,Tataouine,Governorate,1,66924,33068,33856,895,410,Tataouine,39711.2,1.7,Natural Earth (calculated)
Africa,Tunisia,Tozeur Governorate,Governorate,2,60115,29704,30411,804,368,Tozeur,6731.8,8.9,Natural Earth (calculated)
Africa,Tunisia,Tunis Governorate,Governorate,9,1239098,612264,626834,16567,7592,Tunis,279.3,4436.4,Natural Earth (calculated)
Africa,Tunisia,Zaghouan Governorate,Governorate,2,45898,22679,23219,614,281,El Fahs,2874.4,16.0,Natural Earth (calculated)
Africa,Uganda,Central Region,District,41,5518226,2737975,2780251,190027,26307,Kampala,61403.2,89.9,Wikidata
Africa,Uganda,Eastern Region,District,31,1166350,578705,587645,40166,5560,Mbale,39478.8,29.5,Wikidata
Africa,Uganda,Northern Region,District,18,956614,474644,481970,32940,4561,Gulu,85391.7,11.2,Wikidata
Africa,Uganda,Western Region,District,51,2023128,1003815,1019313,69672,9643,Mbarara,55276.6,36.6,Wikidata
Africa,Western Sahara,(Not specified),First-level division,4,374107,0,0,0,0,Laayoune,90695.9,4.1,Natural Earth (calculated)
Africa,Zambia,Central Province,Province,6,513810,254358,259452,16815,2654,Kabwe,95381.7,5.4,Natural Earth (calculated)
Africa,Zambia,Copperbelt,Province,10,2217637,1097818,1119819,72570,11453,Kitwe,31148.7,71.2,Natural Earth (calculated)
Africa,Zambia,Eastern Province,Province,6,513734,254320,259414,16811,2653,Chipata,50186.2,10.2,Natural Earth (calculated)
Africa,Zambia,Luapula Province,Province,6,362423,179414,183009,11860,1872,Mansa,49465.9,7.3,Natural Earth (calculated)
Africa,Zambia,Lusaka Province,Province,11,2824735,1398356,1426379,92438,14591,Lusaka,21747.5,129.9,Natural Earth (calculated)
Africa,Zambia,Muchinga,Province,4,225391,111578,113813,7376,1164,Nakonde,96104,2.3,Natural Earth (calculated)
Africa,Zambia,North-Western,Province,11,548228,271395,276833,17941,2833,Solwezi,125398.2,4.4,Natural Earth (calculated)
Africa,Zambia,Northern Province,Province,6,371945,184129,187816,12171,1921,Kasama,69098.3,5.4,Natural Earth (calculated)
Africa,Zambia,Southern Province,Province,11,610093,302021,308072,19966,3150,Livingstone,85011.2,7.2,Natural Earth (calculated)
Africa,Zambia,Western Province,Province,6,234418,116046,118372,7671,1211,Mongu,128754.1,1.8,Natural Earth (calculated)
Africa,Zimbabwe,Bulawayo,City,1,665952,317752,348200,19906,4993,Bulawayo,457.3,1456.3,Natural Earth (calculated)
Africa,Zimbabwe,Harare,City,3,2120424,1011739,1108685,63381,15899,Harare,929.2,2282.0,Natural Earth (calculated)
Africa,Zimbabwe,Manicaland,Province,3,297667,142028,155639,8898,2232,Mutare,34772.0,8.6,Natural Earth (calculated)
Africa,Zimbabwe,Mashonaland Central,Province,2,66046,31513,34533,1975,495,Bindura,27708.9,2.4,Natural Earth (calculated)
Africa,Zimbabwe,Mashonaland East Province,Province,3,190287,90794,99493,5688,1426,Ruwa,32623.9,5.8,Natural Earth (calculated)
Africa,Zimbabwe,Mashonaland West,Province,7,441740,210771,230969,13205,3313,Kadoma,57321.9,7.7,Natural Earth (calculated)
Africa,Zimbabwe,Masvingo Province,Province,3,190103,90705,99398,5683,1426,Masvingo,55900.1,3.4,Natural Earth (calculated)
Africa,Zimbabwe,Matabeleland North,Province,2,74965,35768,39197,2241,562,Hwange,76133.9,1.0,Natural Earth (calculated)
Africa,Zimbabwe,Matabeleland South Province,Province,2,85274,40688,44586,2549,639,Beitbridge,54499.5,1.6,Natural Earth (calculated)
Africa,Zimbabwe,Midlands Province,Province,5,375966,179388,196578,11239,2819,Gweru,48990.8,7.7,Natural Earth (calculated)
Antarctica,French Southern Territories,Kerguelen,First-level division,1,45,0,0,0,0,Port-aux-Français,6986.8,0.0,Natural Earth (calculated)
Antarctica,South Georgia and the South Sandwich Islands,(Not specified),First-level division,1,2,0,0,0,0,Grytviken,,,
Asia,Afghanistan,Badakhshan,Province,3,100036,50521,49515,3502,571,Fayzabad,43677.0,2.3,Natural Earth (calculated)
Asia,Afghanistan,Badghis,Province,1,30000,15151,14849,1050,171,Ghormach,20596.2,1.5,Natural Earth (calculated)
Asia,Afghanistan,Baghlan,Province,3,187181,94532,92649,6552,1067,Baghlān,17859.8,10.5,Natural Earth (calculated)
Asia,Afghanistan,Balkh,Province,3,703116,355094,348022,24614,4009,Mazār-e Sharīf,16022.5,43.9,Natural Earth (calculated)
Asia,Afghanistan,Bamyan,Province,2,126863,64070,62793,4441,724,Bāzār-e Yakāwlang,17728.0,7.2,Natural Earth (calculated)
Asia,Afghanistan,Daykundi,Province,1,30058,15180,14878,1052,171,Nīlī,17216.6,1.7,Natural Earth (calculated)
Asia,Afghanistan,Farah,Province,1,43561,22000,21561,1525,248,Farah,49394.0,0.9,Natural Earth (calculated)
Asia,Afghanistan,Faryab,Province,2,113800,57473,56327,3984,649,Maymana,20729.5,5.5,Natural Earth (calculated)
Asia,Afghanistan,Ghazni,Province,1,141000,71209,69791,4936,804,Ghazni,22053.4,6.4,Natural Earth (calculated)
Asia,Afghanistan,Ghowr,Province,1,15967,8064,7903,559,91,Shahrak,36118.9,0.4,Natural Earth (calculated)
Asia,Afghanistan,Helmand,Province,3,113122,57130,55992,3960,646,Lashkar Gāh,57299.6,2.0,Natural Earth (calculated)
Asia,Afghanistan,Herat,Province,5,656086,331343,324743,22967,3742,Herāt,55431.2,11.8,Natural Earth (calculated)
Asia,Afghanistan,Jowzjan,Province,2,70659,35685,34974,2474,403,Shibirghān,11268.3,6.3,Natural Earth (calculated)
Asia,Afghanistan,Kabul,Province,3,4525120,2285322,2239798,158411,25802,Kabul,4419.6,1023.9,Natural Earth (calculated)
Asia,Afghanistan,Kandahar,Province,1,523300,264282,259018,18319,2984,Kandahār,53484.3,9.8,Natural Earth (calculated)
Asia,Afghanistan,Khowst,Province,1,96123,48545,47578,3365,548,Khōst,4033.6,23.8,Natural Earth (calculated)
Asia,Afghanistan,Kunar,Province,2,64108,32376,31732,2244,366,Asadābād,4657.3,13.8,Natural Earth (calculated)
Asia,Afghanistan,Kunduz,Province,3,257977,130285,127692,9031,1471,Kunduz,8004.9,32.2,Natural Earth (calculated)
Asia,Afghanistan,Laghman,Province,1,17345,8760,8585,607,99,Mehtar Lām,3894.1,4.5,Natural Earth (calculated)
Asia,Afghanistan,Logar,Province,1,22305,11265,11040,781,127,Baraki Barak,4458.0,5.0,Natural Earth (calculated)
Asia,Afghanistan,Nangarhar,Province,2,286998,144943,142055,10047,1636,Jalālābād,7338.3,39.1,Natural Earth (calculated)
Asia,Afghanistan,Nimroz,Province,2,64984,32819,32165,2275,370,Zaranj,42089.8,1.5,Natural Earth (calculated)
Asia,Afghanistan,Paktia,Province,1,103601,52322,51279,3627,591,Gardez,5409.3,19.2,Natural Earth (calculated)
Asia,Afghanistan,Panjshir,Province,1,65000,32827,32173,2275,371,Bāzārak,3688.4,17.6,Natural Earth (calculated)
Asia,Afghanistan,Parwan,Province,3,181881,91856,90025,6367,1037,Bagrām,5611.7,32.4,Natural Earth (calculated)
Asia,Afghanistan,Samangan,Province,1,47823,24152,23671,1674,273,Aībak,13207.4,3.6,Natural Earth (calculated)
Asia,Afghanistan,Sar-e Pol Province,Province,2,67498,34089,33409,2363,385,Sar-e Pul,16128.5,4.2,Natural Earth (calculated)
Asia,Afghanistan,Takhar,Province,3,108515,54803,53712,3798,618,Taloqan,12214.4,8.9,Natural Earth (calculated)
Asia,Armenia,Aragatsotn,Province,1,17600,8168,9432,195,148,Ashtarak,2720.5,6.5,Natural Earth (calculated)
Asia,Armenia,Ararat,Province,3,63534,29485,34049,705,534,Masis,1974.1,32.2,Natural Earth (calculated)
Asia,Armenia,Armavir,Province,2,77689,36054,41635,863,652,Vagharshapat,1247.0,62.3,Natural Earth (calculated)
Asia,Armenia,Gegharkunik,Province,2,38552,17891,20661,428,324,Sevan,5271.9,7.3,Natural Earth (calculated)
Asia,Armenia,Kotayk,Province,3,122127,56677,65450,1355,1026,Abovyan,2123.3,57.5,Natural Earth (calculated)
Asia,Armenia,Lori,Province,1,78100,36245,41855,867,656,Vanadzor,3736.4,20.9,Natural Earth (calculated)
Asia,Armenia,Shirak,Province,2,132812,61636,71176,1474,1115,Gyumri,2886.9,46.0,Natural Earth (calculated)
Asia,Armenia,Syunik,Province,2,50492,23432,27060,560,424,Kapan,4404.1,11.5,Natural Earth (calculated)
Asia,Armenia,Tavush,Province,2,35414,16435,18979,393,298,Ijevan,2626.3,13.5,Natural Earth (calculated)
Asia,Armenia,Yerevan,City,11,2264300,1050817,1213483,25134,19019,Yerevan,216.9,10439.4,Natural Earth (calculated)
Asia,Azerbaijan,Abşeron,District,5,289400,141907,147493,2894,1678,Khirdalan,1961.2,147.6,Natural Earth (calculated)
Asia,Azerbaijan,Agsu District,District,1,22300,10935,11365,223,129,Aghsu,1078.2,20.7,Natural Earth (calculated)
Asia,Azerbaijan,Astara,District,1,15190,7448,7742,152,88,Astara,481.8,31.5,Natural Earth (calculated)
Asia,Azerbaijan,Ağcabǝdi,District,1,41200,20202,20998,412,239,Aghjabadi,1839.0,22.4,Natural Earth (calculated)
Asia,Azerbaijan,Ağdam,District,1,37700,18486,19214,377,219,Aghdam,1067.6,35.3,Natural Earth (calculated)
Asia,Azerbaijan,Ağdaş,District,1,23528,11537,11991,235,136,Ağdaş,1040.5,22.6,Natural Earth (calculated)
Asia,Azerbaijan,Baki,Municipality,14,2805988,1375916,1430072,28060,16278,Baku,2364.8,1186.6,Natural Earth (calculated)
Asia,Azerbaijan,Barda,District,1,41600,20399,21201,416,241,Barda,1157.5,35.9,Natural Earth (calculated)
Asia,Azerbaijan,Beyləqan,District,1,15599,7649,7950,156,90,Beylagan,1053.2,14.8,Natural Earth (calculated)
Asia,Azerbaijan,Bilasuvar District,District,1,18182,8916,9266,182,105,Pushkino,1394.1,13.0,Natural Earth (calculated)
Asia,Azerbaijan,Fuzuli District,District,1,25100,12308,12792,251,146,Fuzuli,1248.5,20.1,Natural Earth (calculated)
Asia,Azerbaijan,Goygol Rayon,District,1,19800,9709,10091,198,115,Goygol,997.1,19.9,Natural Earth (calculated)
Asia,Azerbaijan,Göyçay,District,1,42500,20840,21660,425,247,Göyçay,721.4,58.9,Natural Earth (calculated)
Asia,Azerbaijan,Gǝncǝ,Municipality,1,330663,162141,168522,3307,1918,Ganja,73.2,4517.3,Natural Earth (calculated)
Asia,Azerbaijan,Hacıqabul,District,1,23102,11328,11774,231,134,Hacıqabul,1904.4,12.1,Natural Earth (calculated)
Asia,Azerbaijan,Ismayilli District,District,1,27500,13485,14015,275,160,Ismayilli,2062.6,13.3,Natural Earth (calculated)
Asia,Azerbaijan,Jalilabad,District,1,36259,17780,18479,363,210,Jalilabad,1625.5,22.3,Natural Earth (calculated)
Asia,Azerbaijan,Kurdamir District,District,1,19088,9360,9728,191,111,Kyurdarmir,1600.4,11.9,Natural Earth (calculated)
Asia,Azerbaijan,Lerik District,District,1,87000,42660,44340,870,505,Lerik,1158.8,75.1,Natural Earth (calculated)
Asia,Azerbaijan,Lənkəran,District,1,89300,43788,45512,893,518,Lankaran,990.6,90.1,Natural Earth (calculated)
Asia,Azerbaijan,Mingacevir City,Municipality,1,106048,52001,54047,1060,615,Mingachevir,38.1,2783.4,Natural Earth (calculated)
Asia,Azerbaijan,Nakhchivan,District,2,114400,56096,58304,1144,664,Naxçıvan,94.7,1208.0,Natural Earth (calculated)
Asia,Azerbaijan,Neftçala,District,1,18661,9150,9511,187,108,Neftçala,1455.4,12.8,Natural Earth (calculated)
Asia,Azerbaijan,Qazax,District,1,20800,10199,10601,208,121,Gazakh,750.2,27.7,Natural Earth (calculated)
Asia,Azerbaijan,Quba,District,1,22405,10986,11419,224,130,Quba,2561.6,8.7,Natural Earth (calculated)
Asia,Azerbaijan,Qusar District,District,1,16022,7856,8166,160,93,Qusar,1206.3,13.3,Natural Earth (calculated)
Asia,Azerbaijan,Saatlı,District,2,37542,18409,19133,375,218,Saatlı,1150.7,32.6,Natural Earth (calculated)
Asia,Azerbaijan,Sabirabad District,District,1,30612,15011,15601,306,178,Sabirabad,1587.8,19.3,Natural Earth (calculated)
Asia,Azerbaijan,Salyan District,District,1,36555,17925,18630,366,212,Salyan,1828.1,20.0,Natural Earth (calculated)
Asia,Azerbaijan,Shabran,District,1,23248,11400,11848,232,135,Divichibazar,1247.7,18.6,Natural Earth (calculated)
Asia,Azerbaijan,Shaki City,Municipality,1,68400,33540,34860,684,397,Sheki,37.9,1804.7,Natural Earth (calculated)
Asia,Azerbaijan,Shirvan,Municipality,1,70220,34432,35788,702,407,Şirvan,53.7,1307.6,Natural Earth (calculated)
Asia,Azerbaijan,Shusha,District,1,19400,9513,9887,194,113,Shusha,356.1,54.5,Natural Earth (calculated)
Asia,Azerbaijan,Siyǝzǝn,District,1,25900,12700,13200,259,150,Siyazan,869.3,29.8,Natural Earth (calculated)
Asia,Azerbaijan,Sumqayit,Municipality,3,475400,233111,242289,4754,2757,Sumgayit,123.2,3858.8,Natural Earth (calculated)
Asia,Azerbaijan,Tartar District,District,1,20400,10003,10397,204,118,Tartar,1261.1,16.2,Natural Earth (calculated)
Asia,Azerbaijan,Tovuz District,District,1,15600,7649,7951,156,90,Govlar,1781.3,8.8,Natural Earth (calculated)
Asia,Azerbaijan,Ucar,District,1,15741,7719,8022,157,91,Ujar,763.0,20.6,Natural Earth (calculated)
Asia,Azerbaijan,Xaçmaz,District,1,67600,33148,34452,676,392,Xaçmaz,1329.8,50.8,Natural Earth (calculated)
Asia,Azerbaijan,Yevlax City,Municipality,1,127400,62471,64929,1274,739,Yevlakh,51.4,2478.6,Natural Earth (calculated)
Asia,Azerbaijan,Zaqatala District,District,1,32171,15775,16396,322,187,Zaqatala,1435.8,22.4,Natural Earth (calculated)
Asia,Azerbaijan,İmişli,District,1,34178,16759,17419,342,198,Imishli,1986.2,17.2,Natural Earth (calculated)
Asia,Azerbaijan,Şamaxı,District,1,40300,19761,20539,403,234,Shamakhi,1343.8,30.0,Natural Earth (calculated)
Asia,Azerbaijan,Şǝmkir,District,1,41300,20251,21049,413,240,Shamkhir,1681.7,24.6,Natural Earth (calculated)
Asia,Bahrain,Manama,Governorate,3,286263,177595,108668,3445,632,Manama,35.4,8086.5,Natural Earth (calculated)
Asia,Bahrain,Muharraq,Governorate,1,176583,109550,67033,2125,390,Al Muharraq,32.1,5501.0,Natural Earth (calculated)
Asia,Bahrain,Northern,Governorate,1,133550,82853,50697,1607,295,Madīnat Ḩamad,143.5,930.7,Natural Earth (calculated)
Asia,Bahrain,Southern Governorate,Governorate,3,219051,135897,83154,2636,484,Ar Rifā‘,395.2,554.3,Natural Earth (calculated)
Asia,Bangladesh,Barisal Division,Division,15,774405,380690,393715,15478,3955,Barishal,9104.1,85.1,Natural Earth (calculated)
Asia,Bangladesh,Chittagong,Division,29,7400082,3637806,3762276,147912,37776,Chattogram,29223.2,253.2,Natural Earth (calculated)
Asia,Bangladesh,Dhaka Division,Division,35,18480730,9084940,9395790,369396,94344,Dhaka,30548.7,605.0,Natural Earth (calculated)
Asia,Bangladesh,Khulna Division,Division,17,2749606,1351681,1397925,54962,14038,Khulna,21822.4,126.0,Natural Earth (calculated)
Asia,Bangladesh,Mymensingh Division,Division,7,719647,353771,365876,14384,3672,Mymensingh,,,
Asia,Bangladesh,Rajshahi Division,Division,15,3390531,1666751,1723780,67768,17310,Rajshahi,18843.7,179.9,Natural Earth (calculated)
Asia,Bangladesh,Rangpur Division,Division,12,1882096,925220,956876,37620,9607,Rangpur,15392.7,122.3,Natural Earth (calculated)
Asia,Bangladesh,Sylhet Division,Division,7,558128,274371,283757,11156,2849,Sylhet,11968.9,46.6,Natural Earth (calculated)
Asia,Bhutan,Chukha,District,1,27658,14772,12886,346,168,Phuntsholing,1853.2,14.9,Natural Earth (calculated)
Asia,Bhutan,Punakha,District,1,21500,11483,10017,269,130,Punākha,965.0,22.3,Natural Earth (calculated)
Asia,Bhutan,Thimphu District,District,1,98676,52701,45975,1236,598,Thimphu,1894.9,52.1,Natural Earth (calculated)
Asia,Bhutan,Tsirang District,District,1,22376,11951,10425,280,136,Tsirang,638.2,35.1,Natural Earth (calculated)
Asia,Brunei,Belait,District,2,47991,25464,22527,640,256,Kuala Belait,2769.9,17.3,Natural Earth (calculated)
Asia,Brunei,Brunei-Muara District,District,4,163274,86633,76641,2175,872,Bandar Seri Begawan,566.3,288.3,Natural Earth (calculated)
Asia,Brunei,Tutong,District,1,19151,10162,8989,255,102,Tutong,1081.6,17.7,Natural Earth (calculated)
Asia,Cambodia,Banteay Meanchey,Province,3,137503,67408,70095,2793,888,Paoy Paet,6133.6,22.4,Natural Earth (calculated)
Asia,Cambodia,Battambang,Province,2,135730,66539,69191,2757,876,Battambang,12233.2,11.1,Natural Earth (calculated)
Asia,Cambodia,Kampong Cham,Province,2,77860,38170,39690,1581,503,Kampong Cham,9325.1,8.3,Natural Earth (calculated)
Asia,Cambodia,Kampong Chhnang,Province,1,75244,36887,38357,1528,486,Kampong Chhnang,5289.7,14.2,Natural Earth (calculated)
Asia,Cambodia,Kampong Speu Province,Province,2,58399,28629,29770,1186,376,Kampong Speu,6811.5,8.6,Natural Earth (calculated)
Asia,Cambodia,Kampong Thom,Province,2,41678,20432,21246,846,269,Phumĭ Tnaôt,13353.1,3.1,Natural Earth (calculated)
Asia,Cambodia,Kampot,Province,1,22691,11124,11567,461,146,Kampot,4777.0,4.8,Natural Earth (calculated)
Asia,Cambodia,Kandal,Province,1,52066,25524,26542,1057,336,Ta Khmau,3672.8,14.2,Natural Earth (calculated)
Asia,Cambodia,Kep,Province,1,35990,17643,18347,731,232,Kep,133.7,269.2,Natural Earth (calculated)
Asia,Cambodia,Koh Kong,Province,2,62463,30621,31842,1269,403,Koh Kong,12664.9,4.9,Natural Earth (calculated)
Asia,Cambodia,Kratie,Province,3,100914,49471,51443,2050,651,Preaek Prasab,11924.5,8.5,Natural Earth (calculated)
Asia,Cambodia,Pailin,Municipality,1,17850,8751,9099,363,115,Pailin,1189.5,15.0,Natural Earth (calculated)
Asia,Cambodia,Phnom Penh,Municipality,4,1697813,832319,865494,34480,10958,Phnom Penh,396.8,4278.8,Natural Earth (calculated)
Asia,Cambodia,Preah Sihanouk,Municipality,1,73036,35804,37232,1483,471,Sihanoukville,1375.2,53.1,Natural Earth (calculated)
Asia,Cambodia,Preah Vihear,Province,1,24380,11952,12428,495,157,Tbeng Meanchey,13556.8,1.8,Natural Earth (calculated)
Asia,Cambodia,Prey Veng,Province,1,33079,16216,16863,672,213,Prey Veng,4836.1,6.8,Natural Earth (calculated)
Asia,Cambodia,Pursat,Province,1,52476,25725,26751,1066,339,Pursat,12624.6,4.2,Natural Earth (calculated)
Asia,Cambodia,Ratanakiri,Province,2,36205,17749,18456,735,234,Lumphat,12137.1,3.0,Natural Earth (calculated)
Asia,Cambodia,Siem Reap,Province,2,155635,76296,79339,3161,1004,Siem Reap,14063.0,11.1,Natural Earth (calculated)
Asia,Cambodia,Stung Treng,Province,1,25000,12256,12744,508,161,Stung Treng,11364.2,2.2,Natural Earth (calculated)
Asia,Cambodia,Svay Rieng,Province,2,67739,33208,34531,1376,438,Bavet,2744.9,24.7,Natural Earth (calculated)
Asia,Cambodia,Takeo,Province,5,982449,481625,500824,19952,6341,Takeo,3361.2,292.3,Natural Earth (calculated)
Asia,Cambodia,Tboung Khmum,Province,3,69959,34296,35663,1420,452,Suong,4928.0,14.2,Wikidata
Asia,Cambodia,Ŏtâr Méanchey,Province,2,75621,37071,38550,1536,488,Anlong Veaeng,3667.4,20.6,Natural Earth (calculated)
Asia,China,(Not specified),Province,2,654842,333360,321482,4434,5081,Chongming,5.4,121267.0,Natural Earth (calculated)
Asia,China,Anhui,Province,35,29273995,14902511,14371484,198185,227168,Hefei,140193.8,208.8,Natural Earth (calculated)
Asia,China,Beijing,Municipality,8,19811313,10085344,9725969,134123,153736,Beijing,16251.7,1219.0,Natural Earth (calculated)
Asia,China,Chongqing,Municipality,451,43632958,22212223,21420735,295400,338592,Chongqing,82362.8,529.8,Natural Earth (calculated)
Asia,China,Fujian,Province,25,17638200,8979079,8659121,119412,136874,Xiamen,120723.7,146.1,Natural Earth (calculated)
Asia,China,Gansu,Province,127,15265196,7771054,7494142,103343,118457,Lanzhou,405597.1,37.6,Natural Earth (calculated)
Asia,China,Guangdong,Province,106,110215586,56107446,54108140,746158,855278,Guangzhou,175489.9,628.0,Natural Earth (calculated)
Asia,China,Guangxi,Autonomous Region,45,19833477,10096631,9736846,134272,153911,Nanning,237306.7,83.6,Natural Earth (calculated)
Asia,China,Guizhou,Province,36,11760237,5986787,5773450,79620,91260,Guiyang,175156.8,67.1,Natural Earth (calculated)
Asia,China,Hainan,Province,30,7743427,3941950,3801477,52420,60088,Haikou,33840.6,228.8,Natural Earth (calculated)
Asia,China,Hebei,Province,40,23164186,11792192,11371994,156821,179754,Shijiazhuang,188969.2,122.6,Natural Earth (calculated)
Asia,China,Heilongjiang,Province,76,23181957,11801242,11380715,156944,179893,Harbin,452258.1,51.3,Natural Earth (calculated)
Asia,China,Henan,Province,41,26823216,13654891,13168325,181593,208150,Zhengzhou,166147.0,161.4,Natural Earth (calculated)
Asia,China,Hubei,Province,56,33712295,17161920,16550375,228231,261610,Wuhan,185598.5,181.6,Natural Earth (calculated)
Asia,China,Hunan,Province,43,18469409,9402219,9067190,125038,143322,Changsha,211352.3,87.4,Natural Earth (calculated)
Asia,China,Inner Mongolia,Autonomous Region,41,17316904,8815513,8501391,117234,134377,Hohhot,1144460.8,15.1,Natural Earth (calculated)
Asia,China,Jiangsu,Province,155,62951430,32046689,30904741,426186,488500,Nanjing,100090.9,628.9,Natural Earth (calculated)
Asia,China,Jiangxi,Province,29,13392859,6817904,6574955,90668,103929,Nanchang,167798.3,79.8,Natural Earth (calculated)
Asia,China,Jilin,Province,52,13811063,7030799,6780264,93501,107173,Changchun,191022.5,72.3,Natural Earth (calculated)
Asia,China,Liaoning,Province,51,36280989,18469563,17811426,245622,281539,Shenyang,146514.8,247.6,Natural Earth (calculated)
Asia,China,Ningxia,Autonomous Region,25,13371046,6806798,6564248,90523,103760,Wuzhong,52134.7,256.5,Natural Earth (calculated)
Asia,China,Qinghai,Province,17,3533362,1798730,1734632,23922,27420,Xining,714466.7,4.9,Natural Earth (calculated)
Asia,China,Shaanxi,Province,31,22301626,11353088,10948538,150983,173060,Xi’an,205731.2,108.4,Natural Earth (calculated)
Asia,China,Shandong,Province,177,76483769,38935595,37548174,517794,593506,Weifang,155914.8,490.5,Natural Earth (calculated)
Asia,China,Shanghai,Municipality,38,59874060,30480092,29393968,405346,464620,Shanghai,6746.1,8875.4,Natural Earth (calculated)
Asia,China,Shanxi,Province,19,20291969,10330033,9961936,137376,157466,Taiyuan,156093.7,130.0,Natural Earth (calculated)
Asia,China,Sichuan,Province,65,44349055,22576777,21772278,300241,344147,Chengdu,484814.8,91.5,Natural Earth (calculated)
Asia,China,Tianjin,Municipality,7,14923847,7597281,7326566,101035,115809,Tianjin,11475.4,1300.5,Natural Earth (calculated)
Asia,China,Tibet,Autonomous Region,18,2637032,1342434,1294598,17854,20465,Lhasa,1129772.8,2.3,Natural Earth (calculated)
Asia,China,Xinjiang,Autonomous Region,116,12903571,6568821,6334750,87356,100136,Ürümqi,1630215.2,7.9,Natural Earth (calculated)
Asia,China,Yunnan,Province,117,18341894,9337309,9004585,124172,142332,Kunming,385395.8,47.6,Natural Earth (calculated)
Asia,China,Zhejiang,Province,43,40356957,20544519,19812438,273219,313172,Hangzhou,101337.3,398.2,Natural Earth (calculated)
Asia,Cocos Islands,(Not specified),First-level division,1,120,0,0,0,0,West Island,,,
Asia,Georgia,Abkhazia,Autonomous Republic,2,92075,42934,49141,1040,1090,Sokhumi,8637.8,10.7,Natural Earth (calculated)
Asia,Georgia,Adjara,Autonomous Republic,2,204487,95350,109137,2308,2421,Batumi,2955.7,69.2,Natural Earth (calculated)
Asia,Georgia,Imereti,Region,3,176017,82075,93942,1987,2083,Kutaisi,6225.7,28.3,Natural Earth (calculated)
Asia,Georgia,Kakheti,Region,1,19875,9268,10607,224,235,Telavi,11196.0,1.8,Natural Earth (calculated)
Asia,Georgia,Kvemo Kartli,Region,2,154649,72111,82538,1746,1830,Rustavi,6418.4,24.1,Natural Earth (calculated)
Asia,Georgia,Samegrelo and Zemo Svaneti,Region,2,81242,37882,43360,917,961,Poti,7576.7,10.7,Natural Earth (calculated)
Asia,Georgia,Samtskhe-Javakheti,Region,1,17445,8134,9311,197,206,Akhaltsikhe,6531.8,2.7,Natural Earth (calculated)
Asia,Georgia,Shida Kartli,Region,3,98062,45725,52337,1106,1160,Gori,5742.9,17.1,Natural Earth (calculated)
Asia,Georgia,Tbilisi,Independent City,1,1049498,489370,560128,11848,12422,Tbilisi,234.9,4467.9,Natural Earth (calculated)
Asia,Hong Kong,(Not specified),District,4,14808021,6664794,8143227,72559,103657,Hong Kong,,,
Asia,Hong Kong,Central and Western,District,5,1045496,470557,574939,5123,7318,Victoria,11.3,92521.8,Natural Earth (calculated)
Asia,Hong Kong,Eastern District,District,10,205542,92511,113031,1008,1438,Tai Koo,17.1,12020.0,Natural Earth (calculated)
Asia,Hong Kong,Islands,District,4,269205,121164,148041,1319,1884,San Tung Chung Hang,151.7,1774.6,Natural Earth (calculated)
Asia,Hong Kong,Kowloon City,District,19,1039749,467971,571778,5095,7280,Kowloon City,13.0,79980.7,Natural Earth (calculated)
Asia,Hong Kong,Kwai Tsing District,District,4,566336,254897,311439,2775,3965,Kwai Chung,12.5,45306.9,Natural Earth (calculated)
Asia,Hong Kong,Kwun Tong District,District,6,198874,89509,109365,974,1392,Sau Mau Ping,12.8,15537.0,Natural Earth (calculated)
Asia,Hong Kong,North District,District,2,283714,127694,156020,1391,1986,Fanling,131.7,2154.2,Natural Earth (calculated)
Asia,Hong Kong,Sai Kung District,District,4,535229,240896,294333,2622,3747,Tseung Kwan O,111.5,4800.3,Natural Earth (calculated)
Asia,Hong Kong,Sha Tin,District,17,1083748,487774,595974,5309,7585,Sha Tin,63.8,16986.6,Natural Earth (calculated)
Asia,Hong Kong,Sham Shui Po District,District,12,737741,332043,405698,3615,5165,Sham Shui Po,5.5,134134.7,Natural Earth (calculated)
Asia,Hong Kong,Southern District,District,11,438764,197479,241285,2149,3072,Aberdeen,47.1,9315.6,Natural Earth (calculated)
Asia,Hong Kong,Tai Po,District,4,334498,150551,183947,1639,2342,Tai Po,133.3,2509.4,Natural Earth (calculated)
Asia,Hong Kong,Tsuen Wan,District,5,395379,177952,217427,1938,2767,Tsuen Wan,69.8,5664.5,Natural Earth (calculated)
Asia,Hong Kong,Tuen Mun,District,4,559209,251690,307519,2740,3914,Tuen Mun,64.2,8710.4,Natural Earth (calculated)
Asia,Hong Kong,Wan Chai,District,2,195855,88150,107705,960,1371,Wan Chai,6.0,32642.5,Natural Earth (calculated)
Asia,Hong Kong,Wong Tai Sin District,District,12,691394,311182,380212,3387,4842,Wong Tai Sin,8.4,82308.8,Natural Earth (calculated)
Asia,Hong Kong,Yau Tsim Mong District,District,5,187322,84309,103013,919,1313,Mong Kok,3.9,48031.3,Natural Earth (calculated)
Asia,Hong Kong,Yuen Long,District,11,1102185,496072,606113,5400,7714,Tin Shui Wai,172.4,6393.2,Natural Earth (calculated)
Asia,India,Andaman and Nicobar,Union Territory,4,217663,112227,105436,3478,1434,Port Blair,7106.5,30.6,Natural Earth (calculated)
Asia,India,Andhra Pradesh,State,179,16878392,8702499,8175893,269735,111180,Rasapūdipalem,160581.1,105.1,Natural Earth (calculated)
Asia,India,Arunachal Pradesh,State,7,196872,101508,95364,3147,1297,Itanagar,80591.5,2.4,Natural Earth (calculated)
Asia,India,Assam,State,58,3245724,1673501,1572223,51869,21377,Guwahati,79530.4,40.8,Natural Earth (calculated)
Asia,India,Bihar,State,154,11995067,6184653,5810414,191700,79012,Patna,94689.6,126.7,Natural Earth (calculated)
Asia,India,Chandigarh,Union Territory,1,970602,500442,470160,15511,6393,Chandigarh,118.7,8176.9,Natural Earth (calculated)
Asia,India,Chhattisgarh,State,69,5146655,2653616,2493039,82248,33902,Raipur,134510.6,38.3,Natural Earth (calculated)
Asia,India,Dadra and Nagar Haveli and Daman and Diu,State,8,349179,180037,169142,5580,2299,Silvassa,575.9,606.3,Natural Earth (calculated)
Asia,India,Delhi,Union Territory,77,19508235,10058442,9449793,311763,128499,Delhi,1482.4,13159.9,Natural Earth (calculated)
Asia,India,Goa,State,16,599479,309091,290388,9580,3948,Mormugao,3420.6,175.3,Natural Earth (calculated)
Asia,India,Gujarat,State,218,26514070,13670655,12843415,423723,174649,Ahmedabad,184427.8,143.8,Natural Earth (calculated)
Asia,India,Haryana,State,94,8387945,4324823,4063122,134048,55254,Faridabad,43945.4,190.9,Natural Earth (calculated)
Asia,India,Himachal Pradesh,Union Territory,13,495567,255513,240054,7920,3265,Shimla,55397.6,8.9,Natural Earth (calculated)
Asia,India,Jammu and Kashmir,Union Territory,35,2911787,1501320,1410467,46533,19179,Srinagar,42553.9,68.4,Natural Earth (calculated)
Asia,India,Jharkhand,State,81,8007154,4128485,3878669,127965,52744,Jamshedpur,77947.9,102.7,Natural Earth (calculated)
Asia,India,Karnataka,State,222,23090731,11905581,11185150,369015,152103,Bengaluru,191841.2,120.4,Natural Earth (calculated)
Asia,India,Kerala,State,368,15492379,7987872,7504507,247583,102046,Kanayannur,37724.1,410.7,Natural Earth (calculated)
Asia,India,Ladakh,Union Territory,3,78813,40636,38177,1260,520,Leh,64256.2,1.2,Natural Earth (calculated)
Asia,India,Madhya Pradesh,State,245,18043875,9303422,8740453,288363,118854,Indore,309518.6,58.3,Natural Earth (calculated)
Asia,India,Maharashtra,State,324,56153328,28952655,27200673,897396,369879,Mumbai,306563.3,183.2,Natural Earth (calculated)
Asia,India,Manipur,State,13,589696,304047,285649,9423,3886,Imphal,21668.9,27.2,Natural Earth (calculated)
Asia,India,Meghalaya,State,12,541871,279390,262481,8659,3567,Shillong,23121.0,23.4,Natural Earth (calculated)
Asia,India,Mizoram,State,7,475259,245044,230215,7595,3131,Aizawl,21242.5,22.4,Natural Earth (calculated)
Asia,India,Nagaland,State,10,475903,245377,230526,7605,3135,Dimāpur,16271.6,29.2,Natural Earth (calculated)
Asia,India,Odisha,State,97,7341882,3785472,3556410,117325,48361,Nowrangapur,155188.1,47.3,Natural Earth (calculated)
Asia,India,Puducherry,Union Territory,9,1211732,624769,586963,19364,7981,Puducherry,526.3,2302.4,Natural Earth (calculated)
Asia,India,Punjab,State,118,9696704,4999614,4697090,154963,63874,Ludhiana,50378.1,192.5,Natural Earth (calculated)
Asia,India,Rajasthan,State,209,16621470,8570029,8051441,265625,109487,Jaipur,343082.5,48.4,Natural Earth (calculated)
Asia,India,Sikkim,State,1,100286,51707,48579,1603,661,Gangtok,6942.3,14.4,Natural Earth (calculated)
Asia,India,Tamil Nadu,State,501,37248647,19205406,18043241,595269,245364,Chennai,130683.6,285.0,Natural Earth (calculated)
Asia,India,Telangana,State,111,15549401,8017270,7532131,248497,102425,Hyderabad,114817.2,135.4,Natural Earth (calculated)
Asia,India,Tripura,State,15,696144,358933,337211,11125,4587,Agartala,10745.4,64.8,Natural Earth (calculated)
Asia,India,Uttar Pradesh,State,333,34502869,17789680,16713189,551394,227266,Kanpur,240261.8,143.6,Natural Earth (calculated)
Asia,India,Uttarakhand,State,28,1885643,972239,913404,30135,12422,Dehradun,52639.3,35.8,Natural Earth (calculated)
Asia,India,West Bengal,State,139,20152302,10390524,9761778,322052,132740,Kolkata,86363.2,233.3,Natural Earth (calculated)
Asia,Indonesia,Aceh,Autonomous Province,11,1043032,523947,519085,16441,7952,Banda Aceh,55919.2,18.7,Natural Earth (calculated)
Asia,Indonesia,Bali,Province,17,1710391,859180,851211,26958,13041,Denpasar,5585.2,306.2,Natural Earth (calculated)
Asia,Indonesia,Bangka–Belitung Islands,Province,5,495953,249133,246820,7817,3781,Pangkalpinang,16539.3,30.0,Natural Earth (calculated)
Asia,Indonesia,Banten,Province,8,5017712,2520547,2497165,79088,38256,Tangerang,9515.0,527.3,Natural Earth (calculated)
Asia,Indonesia,Bengkulu,Province,2,443566,222816,220750,6992,3382,Bengkulu,20999.4,21.1,Natural Earth (calculated)
Asia,Indonesia,Central Java,Province,80,8977683,4509760,4467923,141509,68448,Semarang,34058.3,263.6,Natural Earth (calculated)
Asia,Indonesia,Central Kalimantan,Province,5,676118,339635,336483,10657,5155,Palangkaraya,152035.0,4.4,Natural Earth (calculated)
Asia,Indonesia,Central Papua,Province,3,278641,139970,138671,4393,2125,Timika,,,
Asia,Indonesia,Central Sulawesi,Province,5,753474,378492,374982,11877,5744,Palu,60730.3,12.4,Natural Earth (calculated)
Asia,Indonesia,East Java,Province,73,9931802,4989042,4942760,156544,75714,Surabaya,47248.6,210.2,Natural Earth (calculated)
Asia,Indonesia,East Kalimantan,Province,5,2115445,1062652,1052793,33343,16129,Samarinda,195722.7,10.8,Natural Earth (calculated)
Asia,Indonesia,East Nusa Tenggara,Province,12,1171718,588590,583128,18470,8933,Kupang,46450.8,25.2,Natural Earth (calculated)
Asia,Indonesia,Gorontalo,Province,1,205390,103174,102216,3237,1566,Gorontalo,11907.0,17.2,Natural Earth (calculated)
Asia,Indonesia,Highland Papua,Province,2,87404,43906,43498,1378,667,Wamena,,,
Asia,Indonesia,Jakarta,Special district,2,8568866,4304398,4264468,135062,65329,Jakarta,816.0,10501.1,Natural Earth (calculated)
Asia,Indonesia,Jambi,Province,6,885171,444647,440524,13952,6748,Jambi City,50932.6,17.4,Natural Earth (calculated)
Asia,Indonesia,Lampung,Province,4,1443291,725008,718283,22750,11004,Bandar Lampung,32924.9,43.8,Natural Earth (calculated)
Asia,Indonesia,Maluku,Province,7,636155,319560,316595,10027,4851,Ambon,44947.9,14.2,Natural Earth (calculated)
Asia,Indonesia,North Kalimantan,Province,4,415749,208844,206905,6552,3169,Tarakan,72275.1,5.8,Wikidata
Asia,Indonesia,North Maluku,Province,6,355501,178579,176922,5602,2710,Ternate,31363.9,11.3,Natural Earth (calculated)
Asia,Indonesia,North Sulawesi,Province,7,933166,468757,464409,14709,7114,Manado,14866.1,62.8,Natural Earth (calculated)
Asia,Indonesia,North Sumatra,Province,32,5398423,2711793,2686630,85090,41158,Medan,73123.8,73.8,Natural Earth (calculated)
Asia,Indonesia,Papua,Province,5,578510,290603,287907,9119,4410,Jayapura,312595.7,1.9,Natural Earth (calculated)
Asia,Indonesia,Riau,Province,4,2870400,1441889,1428511,45244,21884,Batam,88265.5,32.5,Natural Earth (calculated)
Asia,Indonesia,Riau Islands,Province,2,276616,138953,137663,4360,2109,Tanjung Pinang,6809.1,40.6,Natural Earth (calculated)
Asia,Indonesia,South Kalimantan,Province,6,1231251,618493,612758,19407,9387,Banjarmasin,38632.5,31.9,Natural Earth (calculated)
Asia,Indonesia,South Papua,Province,2,140733,70694,70039,2218,1073,Merauke,,,
Asia,Indonesia,South Sulawesi,Province,10,2260831,1135684,1125147,35634,17237,Makassar,46805.7,48.3,Natural Earth (calculated)
Asia,Indonesia,South Sumatra,Province,8,2505669,1258673,1246996,39494,19103,Palembang,84701.4,29.6,Natural Earth (calculated)
Asia,Indonesia,Southeast Sulawesi,Province,4,614274,308569,305705,9682,4684,Kendari,34782.3,17.7,Natural Earth (calculated)
Asia,Indonesia,Southwest Papua,Province,3,261990,131606,130384,4129,1998,Sorong,,,
Asia,Indonesia,West Java,Province,66,18246293,9165661,9080632,287599,139108,Bekasi,37096.9,491.9,Natural Earth (calculated)
Asia,Indonesia,West Kalimantan,Province,8,1236393,621077,615316,19488,9427,Pontianak,148150.4,8.3,Natural Earth (calculated)
Asia,Indonesia,West Nusa Tenggara,Province,7,906987,455606,451381,14296,6914,Mataram,19644.7,46.2,Natural Earth (calculated)
Asia,Indonesia,West Papua,Province,3,173287,87047,86240,2731,1322,Manokwari,95324.9,1.8,Natural Earth (calculated)
Asia,Indonesia,West Sulawesi,Province,2,139683,70167,69516,2202,1065,Majene,16636.6,8.4,Natural Earth (calculated)
Asia,Indonesia,West Sumatra,Province,7,1455576,731179,724397,22944,11098,Padang,41654.6,34.9,Natural Earth (calculated)
Asia,Indonesia,Yogyakarta,Special region,14,1198804,602195,596609,18895,9140,Yogyakarta,3041.0,394.2,Natural Earth (calculated)
Asia,Iran,Alborz Province,Province,11,2196337,1115718,1080619,27610,10442,Karaj,4658.2,471.5,Natural Earth (calculated)
Asia,Iran,Ardabil Province,Province,5,667849,339261,328588,8396,3176,Ardabīl,20182.4,33.1,Natural Earth (calculated)
Asia,Iran,Bushehr,Province,14,652261,331341,320920,8200,3100,Bushehr,23671.2,27.6,Natural Earth (calculated)
Asia,Iran,Chaharmahal and Bakhtiari,Province,6,310999,157984,153015,3908,1479,Shahr-e Kord,15222.6,20.4,Natural Earth (calculated)
Asia,Iran,East Azerbaijan,Province,19,2513822,1276997,1236825,31600,11947,Tabriz,46442.6,54.1,Natural Earth (calculated)
Asia,Iran,Fars,Province,32,2776529,1410449,1366080,34902,13198,Shiraz,125713.9,22.1,Natural Earth (calculated)
Asia,Iran,Gilan Province,Province,17,1268823,644550,624273,15951,6033,Rasht,14414.2,88.0,Natural Earth (calculated)
Asia,Iran,Golestan,Province,14,790020,401323,388697,9930,3756,Gorgān,20741.2,38.1,Natural Earth (calculated)
Asia,Iran,Hamadan Province,Province,7,928762,471803,456959,11676,4414,Hamadān,20493.8,45.3,Natural Earth (calculated)
Asia,Iran,Hormozgan,Province,11,674135,342454,331681,8476,3205,Bandar Abbas,67323.6,10.0,Natural Earth (calculated)
Asia,Iran,Ilam Province,Province,5,267148,135709,131439,3358,1271,Īlām,18802.4,14.2,Natural Earth (calculated)
Asia,Iran,Isfahan,Province,36,4031453,2047935,1983518,50678,19166,Isfahan,110575.3,36.5,Natural Earth (calculated)
Asia,Iran,Kerman,Province,17,1529357,776897,752460,19225,7269,Kerman,183180.5,8.3,Natural Earth (calculated)
Asia,Iran,Kermanshah Province,Province,11,1069028,543055,525973,13438,5083,Kermanshah,23448.3,45.6,Natural Earth (calculated)
Asia,Iran,Khuzestan,Province,31,3187689,1619312,1568377,40073,15155,Ahvaz,63839.2,49.9,Natural Earth (calculated)
Asia,Iran,Kohgiluyeh and Boyer-Ahmad,Province,6,303703,154278,149425,3818,1443,Yasuj,13370.9,22.7,Natural Earth (calculated)
Asia,Iran,Kurdistan Province,Province,8,990357,503092,487265,12451,4709,Sanandaj,29631.1,33.4,Natural Earth (calculated)
Asia,Iran,Lorestan Province,Province,10,1096351,556935,539416,13781,5213,Khorramabad,29119.2,37.7,Natural Earth (calculated)
Asia,Iran,Markazi,Province,11,1043270,529971,513299,13114,4960,Arāk,28176.1,37.0,Natural Earth (calculated)
Asia,Iran,Māzandarān,Province,19,1539954,782283,757671,19358,7319,Sari,24754.0,62.2,Natural Earth (calculated)
Asia,Iran,North Khorasan,Province,5,379005,192530,186475,4765,1802,Bojnūrd,25134.2,15.1,Natural Earth (calculated)
Asia,Iran,Qazvin Province,Province,10,776499,394454,382045,9761,3693,Qazvin,15640.1,49.6,Natural Earth (calculated)
Asia,Iran,Qom Province,Province,2,1000000,507990,492010,12571,4754,Qom,11604.8,86.2,Natural Earth (calculated)
Asia,Iran,Razavi Khorasan,Province,18,3829204,1945198,1884006,48138,18203,Mashhad,136916.0,28.0,Natural Earth (calculated)
Asia,Iran,Semnan,Province,6,476683,242150,234533,5992,2265,Shahrud,90398.7,5.3,Natural Earth (calculated)
Asia,Iran,Sistan and Baluchestan,Province,11,1114194,566000,548194,14007,5297,Zahedan,174611.4,6.4,Natural Earth (calculated)
Asia,Iran,South Khorasan Province,Province,5,301892,153358,148534,3795,1435,Bīrjand,83074.2,3.6,Natural Earth (calculated)
Asia,Iran,Tehran,Province,51,11684004,5935357,5748647,146877,55547,Tehran,14414.6,810.6,Natural Earth (calculated)
Asia,Iran,West Azerbaijan,Province,17,1952827,992016,960811,24550,9285,Orūmīyeh,37185.5,52.5,Natural Earth (calculated)
Asia,Iran,Yazd Province,Province,9,783407,397963,385444,9847,3726,Yazd,127564.9,6.1,Natural Earth (calculated)
Asia,Iran,Zanjan,Province,4,512809,260503,252306,6447,2437,Zanjan,22205.2,23.1,Natural Earth (calculated)
Asia,Iraq,Al-Qadisiyah,Province,5,465550,233795,231755,11909,1939,Al Diwaniyah,8545.0,54.5,Natural Earth (calculated)
Asia,Iraq,Anbar,Province,8,619674,311193,308481,15850,2581,Ramadi,138194.5,4.5,Natural Earth (calculated)
Asia,Iraq,Babil,Province,7,926851,465455,461396,23709,3861,Al Hillah,6673.4,138.9,Natural Earth (calculated)
Asia,Iraq,Baghdad,Province,4,9677849,4860119,4817730,247559,40318,Baghdad,658.2,14703.5,Natural Earth (calculated)
Asia,Iraq,Basra,Province,9,2523698,1267377,1256321,64557,10513,Basrah,17087.4,147.7,Natural Earth (calculated)
Asia,Iraq,Dhi Qar,Province,4,872126,437973,434153,22309,3633,Nasiriyah,13726.4,63.5,Natural Earth (calculated)
Asia,Iraq,Diyala,Province,7,634865,318823,316042,16241,2646,Khānaqīn,19801.6,32.1,Natural Earth (calculated)
Asia,Iraq,Duhok,Province,8,992200,498273,493927,25379,4132,Dihok,6555.0,151.4,Natural Earth (calculated)
Asia,Iraq,Erbil,Province,11,2320770,1165469,1155301,59367,9670,Erbil,14474.9,160.3,Natural Earth (calculated)
Asia,Iraq,Halabja,Governorate,1,57333,28792,28541,1467,239,Halabja,,,
Asia,Iraq,Karbala,Province,2,1358310,682130,676180,34745,5658,Karbala,4949.5,274.4,Natural Earth (calculated)
Asia,Iraq,Kirkuk,Province,2,1052788,528700,524088,26930,4386,Kirkuk,10517.0,100.1,Natural Earth (calculated)
Asia,Iraq,Maysan,Province,3,382711,192194,190517,9789,1594,Al ‘Amārah,16141.9,23.7,Natural Earth (calculated)
Asia,Iraq,Muthanna,Province,2,200138,100507,99631,5120,834,As Samawah,52542.6,3.8,Natural Earth (calculated)
Asia,Iraq,Najaf,Province,3,615765,309231,306534,15751,2565,Najaf,29238.5,21.1,Natural Earth (calculated)
Asia,Iraq,Nineveh,Province,7,3988785,2003129,1985656,102033,16617,Al Mawşil al Jadīdah,37866.9,105.3,Natural Earth (calculated)
Asia,Iraq,Salah ad Din,Province,8,749486,376384,373102,19173,3123,Bayjī,25513.8,29.4,Natural Earth (calculated)
Asia,Iraq,Sulaymaniyah,Province,9,1617572,812329,805243,41378,6739,Sulaymaniyah,17218.4,93.9,Natural Earth (calculated)
Asia,Iraq,Wasit,Province,5,625385,314062,311323,15998,2605,Al-Kut,17662.0,35.4,Natural Earth (calculated)
Asia,Israel,Central District,District,26,1917404,955078,962326,35665,10161,Rishon LeTsiyyon,1251.2,1532.5,Natural Earth (calculated)
Asia,Israel,Haifa,District,19,912629,454589,458040,16975,4838,Haifa,856.8,1065.2,Natural Earth (calculated)
Asia,Israel,Jerusalem,District,7,1637683,815747,821936,30460,8680,Jerusalem,635.3,2577.8,Natural Earth (calculated)
Asia,Israel,Judea and Samaria Area,District,1,20540,10231,10309,382,109,Ariel,,,
Asia,Israel,Northern District,District,24,767158,382131,385027,14269,4065,Nazareth,4659.2,164.7,Natural Earth (calculated)
Asia,Israel,Southern District,District,16,967248,481796,485452,17991,5126,Ashdod,14521.0,66.6,Natural Earth (calculated)
Asia,Israel,Tel Aviv,District,13,1583550,788782,794768,29455,8392,Tel Aviv,178.0,8896.3,Natural Earth (calculated)
Asia,Japan,Aichi,Prefecture,56,7707867,3758202,3949665,43939,102515,Nagoya,4939.5,1560.5,Natural Earth (calculated)
Asia,Japan,Akita,Prefecture,18,1016862,495804,521058,5798,13525,Akita,11722.1,86.7,Natural Earth (calculated)
Asia,Japan,Aomori,Prefecture,16,1133128,552493,580635,6459,15069,Aomori,9656.6,117.3,Natural Earth (calculated)
Asia,Japan,Chiba,Prefecture,49,6511463,3174860,3336603,37111,86603,Chiba,5111.4,1273.9,Natural Earth (calculated)
Asia,Japan,Ehime,Prefecture,18,1814649,884786,929863,10344,24136,Matsuyama,5631.6,322.2,Natural Earth (calculated)
Asia,Japan,Fukui,Prefecture,13,843848,411444,432404,4810,11221,Fukui-shi,4220.6,199.9,Natural Earth (calculated)
Asia,Japan,Fukuoka,Prefecture,53,5297583,2582995,2714588,30197,70462,Fukuoka,5051.3,1048.8,Natural Earth (calculated)
Asia,Japan,Fukushima,Prefecture,23,1749783,853161,896622,9975,23271,Iwaki,13986.1,125.1,Natural Earth (calculated)
Asia,Japan,Gifu,Prefecture,32,1959048,955193,1003855,11167,26058,Gifu,10685.7,183.3,Natural Earth (calculated)
Asia,Japan,Gunma,Prefecture,22,1949370,950474,998896,11111,25928,Takasaki,6336.2,307.7,Natural Earth (calculated)
Asia,Japan,Hiroshima,Prefecture,24,2991606,1458649,1532957,17052,39789,Hiroshima,8302.0,360.3,Natural Earth (calculated)
Asia,Japan,Hokkaido,Circuit,49,4833872,2356900,2476972,27553,64289,Sapporo,78783.1,61.4,Natural Earth (calculated)
Asia,Japan,Hyōgo,Prefecture,45,5710302,2784228,2926074,32547,75951,Kobe,8381.8,681.3,Natural Earth (calculated)
Asia,Japan,Ibaraki,Prefecture,55,4046794,1973133,2073661,23068,53826,Suginami,6336.0,638.7,Natural Earth (calculated)
Asia,Japan,Ishikawa,Prefecture,17,1147833,559661,588172,6542,15264,Kanazawa,4114.1,279.0,Natural Earth (calculated)
Asia,Japan,Iwate,Prefecture,21,1204129,587111,617018,6865,16014,Morioka,15473.6,77.8,Natural Earth (calculated)
Asia,Japan,Kagawa,Prefecture,13,924976,451000,473976,5271,12302,Takamatsu,1853.4,499.1,Natural Earth (calculated)
Asia,Japan,Kagoshima,Prefecture,29,1750548,853531,897017,9977,23281,Kagoshima,7702.5,227.3,Natural Earth (calculated)
Asia,Japan,Kanagawa,Prefecture,36,10590242,5163588,5426654,60363,140850,Yokohama,2384.2,4441.8,Natural Earth (calculated)
Asia,Japan,Kochi,Prefecture,12,632041,308168,323873,3602,8407,Kochi,7088.7,89.2,Natural Earth (calculated)
Asia,Japan,Kumamoto,Prefecture,25,2258514,1101205,1157309,12873,30038,Kumamoto,7253.9,311.4,Natural Earth (calculated)
Asia,Japan,Kyoto,Urban Prefecture,22,2776709,1353866,1422843,15827,36931,Kyoto,4611.0,602.2,Natural Earth (calculated)
Asia,Japan,Mie,Prefecture,22,1798865,877092,921773,10252,23925,Yokkaichi,5819.5,309.1,Natural Earth (calculated)
Asia,Japan,Miyagi,Prefecture,27,2352027,1146801,1205226,13407,31282,Sendai,7502.2,313.5,Natural Earth (calculated)
Asia,Japan,Miyazaki,Prefecture,16,1054385,514097,540288,6011,14022,Miyazaki,7856.5,134.2,Natural Earth (calculated)
Asia,Japan,Nagano,Prefecture,29,1890524,921780,968744,10777,25141,Nagano,13696.5,138.0,Natural Earth (calculated)
Asia,Japan,Nagasaki,Prefecture,17,1303842,635728,668114,7431,17340,Nagasaki,3990.8,326.7,Natural Earth (calculated)
Asia,Japan,Nara,Prefecture,23,1446388,705230,741158,8244,19239,Nara-shi,3851.0,375.6,Natural Earth (calculated)
Asia,Japan,Niigata,Prefecture,32,2504940,1221358,1283582,14279,33312,Niigata,12453.0,201.2,Natural Earth (calculated)
Asia,Japan,Oita,Prefecture,17,1215323,592566,622757,6929,16164,Ōita,6550.5,185.5,Natural Earth (calculated)
Asia,Japan,Okayama,Prefecture,16,1839891,897095,942796,10486,24471,Okayama,6934.9,265.3,Natural Earth (calculated)
Asia,Japan,Okinawa,Prefecture,24,1547074,754321,792753,8817,20577,Naha,3296.6,469.3,Natural Earth (calculated)
Asia,Japan,Osaka,Urban Prefecture,38,8906723,4342742,4563981,50766,118457,Osaka,1855.0,4801.5,Natural Earth (calculated)
Asia,Japan,Saga,Prefecture,15,780435,380525,399910,4448,10380,Saga,2447.2,318.9,Natural Earth (calculated)
Asia,Japan,Saitama,Prefecture,65,7773472,3790190,3983282,44310,103386,Saitama,3884.6,2001.1,Natural Earth (calculated)
Asia,Japan,Shiga,Prefecture,17,1452135,708032,744103,8278,19313,Ōtsu,4008.8,362.2,Natural Earth (calculated)
Asia,Japan,Shimane,Prefecture,9,647197,315560,331637,3691,8607,Matsue,6877.5,94.1,Natural Earth (calculated)
Asia,Japan,Shizuoka,Prefecture,35,3803397,1854461,1948936,21682,50585,Hamamatsu,7668.5,496.0,Natural Earth (calculated)
Asia,Japan,Tochigi,Prefecture,27,2124716,1035970,1088746,12115,28258,Utsunomiya,6482.0,327.8,Natural Earth (calculated)
Asia,Japan,Tokushima,Prefecture,13,688092,335499,352593,3924,9153,Tokushima,4248.2,162.0,Natural Earth (calculated)
Asia,Japan,Tokyo,Metropolis,118,23056850,11242058,11814792,131426,306657,Tokyo,2183.3,10560.6,Natural Earth (calculated)
Asia,Japan,Tottori,Prefecture,8,485794,236864,248930,2770,6462,Tottori-shi,3704.2,131.1,Natural Earth (calculated)
Asia,Japan,Toyama,Prefecture,18,1219172,594445,624727,6947,16216,Toyama,4368.7,279.1,Natural Earth (calculated)
Asia,Japan,Wakayama,Prefecture,15,1200787,585480,615307,6846,15970,Minato,4428.6,271.1,Natural Earth (calculated)
Asia,Japan,Yamagata,Prefecture,16,969003,472464,496539,5524,12890,Yamagata,9244.5,104.8,Natural Earth (calculated)
Asia,Japan,Yamaguchi,Prefecture,16,1498144,730465,767679,8538,19926,Shimonoseki,6021.5,248.8,Natural Earth (calculated)
Asia,Japan,Yamanashi,Prefecture,19,920311,448725,471586,5246,12242,Kofu,4510.1,204.1,Natural Earth (calculated)
Asia,Jordan,Ajloun,Province,2,143191,73761,69430,2929,447,‘Ajlūn,413.9,346.0,Natural Earth (calculated)
Asia,Jordan,Amman,Province,9,2114760,1089355,1025405,43251,6600,Amman,7863.6,268.9,Natural Earth (calculated)
Asia,Jordan,Aqaba,Province,1,95048,48961,46087,1944,297,Aqaba,6492.1,14.6,Natural Earth (calculated)
Asia,Jordan,Balqa,Province,4,295560,152248,143312,6045,922,Ṣuwayliḥ,1140.4,259.2,Natural Earth (calculated)
Asia,Jordan,Irbid,Province,5,780974,402295,378679,15973,2437,Irbid,1798.7,434.2,Natural Earth (calculated)
Asia,Jordan,Jerash,Province,1,27046,13932,13114,553,84,Jarash,410.0,66.0,Natural Earth (calculated)
Asia,Jordan,Karak,Province,3,59634,30719,28915,1219,186,‘Izrā,3475.3,17.2,Natural Earth (calculated)
Asia,Jordan,Madaba,Province,1,82335,42412,39923,1684,257,Mādabā,1263.2,65.2,Natural Earth (calculated)
Asia,Jordan,Mafraq,Province,2,142118,73208,68910,2906,443,Rukban,26723.1,5.3,Natural Earth (calculated)
Asia,Jordan,Ma’an,Province,2,72931,37568,35363,1492,227,Ma'an,32891.0,2.2,Natural Earth (calculated)
Asia,Jordan,Tafielah,Province,1,25429,13099,12330,520,79,Aţ Ţafīlah,2181.0,11.7,Natural Earth (calculated)
Asia,Jordan,Zarqa,Province,3,1111833,572728,539105,22740,3470,Zarqa,4210.9,264.0,Natural Earth (calculated)
Asia,Kazakhstan,Abai Region,Region (Oblys),4,367060,178861,188199,7165,2459,Semey,185500.0,2.0,Wikidata
Asia,Kazakhstan,Aktobe,Region,5,598827,291796,307031,11689,4011,Aktobe,301697.5,2.0,Natural Earth (calculated)
Asia,Kazakhstan,Almaty,City,1,1977011,963358,1013653,38593,13240,Almaty,295.1,6699.5,Natural Earth (calculated)
Asia,Kazakhstan,Almaty Region,Region,6,186248,90755,95493,3636,1247,Talghar,221872.7,0.8,Natural Earth (calculated)
Asia,Kazakhstan,Aqmola,Region,6,313956,152984,160972,6128,2103,Kokshetau,146489.4,2.1,Natural Earth (calculated)
Asia,Kazakhstan,Astana,City,1,1544142,752430,791712,30143,10341,Astana,619.8,2491.4,Natural Earth (calculated)
Asia,Kazakhstan,Atyrau Oblisi,Region,4,388248,189186,199062,7579,2600,Atyrau,112422.5,3.5,Natural Earth (calculated)
Asia,Kazakhstan,Baikonur,Region (Oblys),1,70000,34110,35890,1366,469,Baikonur,6501.5,10.8,Natural Earth (calculated)
Asia,Kazakhstan,East Kazakhstan,Region,5,454347,221394,232953,8870,3044,Ust-Kamenogorsk,279874.6,1.6,Natural Earth (calculated)
Asia,Kazakhstan,Karaganda,Region,6,869349,423617,445732,16970,5823,Karagandy,429376.9,2.0,Natural Earth (calculated)
Asia,Kazakhstan,Kostanay,Region,5,459104,223713,235391,8962,3074,Kostanay,200803.4,2.3,Natural Earth (calculated)
Asia,Kazakhstan,Kyzylorda,Region,7,511391,249191,262200,9983,3424,Kyzylorda,223071.0,2.3,Natural Earth (calculated)
Asia,Kazakhstan,Mangystau,Region,3,282409,137612,144797,5512,1891,Aktau,164748.2,1.7,Natural Earth (calculated)
Asia,Kazakhstan,North Kazakhstan,Region,1,200920,97904,103016,3922,1346,Petropavl,98587.9,2.0,Natural Earth (calculated)
Asia,Kazakhstan,Pavlodar Region,Region,3,495280,241340,253940,9668,3316,Pavlodar,124097.1,4.0,Natural Earth (calculated)
Asia,Kazakhstan,Shymkent,Region (Oblys),1,1200000,584736,615264,23425,8036,Shymkent,,,
Asia,Kazakhstan,Turkistan,Region,10,497601,242471,255130,9714,3331,Turkistan,115534.1,4.3,Natural Earth (calculated)
Asia,Kazakhstan,Ulytau Region,Region (Oblys),2,174139,84854,89285,3399,1166,Zhezqazghan,188936.6,0.9,Wikidata
Asia,Kazakhstan,West Kazakhstan,Region,2,364799,177759,187040,7121,2443,Oral,153898.2,2.4,Natural Earth (calculated)
Asia,Kazakhstan,Zhambyl,Region,6,500377,243824,256553,9768,3351,Taraz,140874.8,3.6,Natural Earth (calculated)
Asia,Kazakhstan,Zhetysu Region,Region (Oblys),5,275069,134035,141034,5370,1843,Taldykorgan,118500.0,2.3,Wikidata
Asia,Kuwait,Al Asimah,Province,3,114096,69683,44413,1143,173,Kuwait City,111.0,1027.9,Natural Earth (calculated)
Asia,Kuwait,Al Aḩmadī,Province,6,838043,511825,326218,8397,1274,Al Aḩmadī,4812.9,174.1,Natural Earth (calculated)
Asia,Kuwait,Al Farwaniyah,Province,2,105021,64140,40881,1052,160,Al Farwānīyah,217.7,482.4,Natural Earth (calculated)
Asia,Kuwait,Al Jahra Governorate,Province,1,24281,14829,9452,243,37,Al Jahrā’,12202.9,2.0,Natural Earth (calculated)
Asia,Kuwait,Hawalli,Province,5,441576,269688,171888,4424,671,Ḩawallī,59.4,7433.9,Natural Earth (calculated)
Asia,Kuwait,Mubārak al Kabīr,Province,1,139163,84992,54171,1394,212,Şabāḩ as Sālim,70.2,1982.4,Natural Earth (calculated)
Asia,Kyrgyzstan,Batken,Region,5,135168,66805,68363,2622,595,Razzakov,16883.8,8.0,Natural Earth (calculated)
Asia,Kyrgyzstan,Bishkek,Region,1,900000,444816,455184,17460,3960,Bishkek,111.7,8057.3,Natural Earth (calculated)
Asia,Kyrgyzstan,Chuy Region,Region,7,224197,110807,113390,4351,986,Tokmok,19669.2,11.4,Natural Earth (calculated)
Asia,Kyrgyzstan,Issyk-Kul,Region,3,142301,70332,71969,2760,626,Karakol,42443.6,3.4,Natural Earth (calculated)
Asia,Kyrgyzstan,Jalal-Abad Region,Region,9,318233,157284,160949,6174,1400,Manas,33904.6,9.4,Natural Earth (calculated)
Asia,Kyrgyzstan,Naryn Region,Region,1,41178,20352,20826,799,181,Naryn,45414.8,0.9,Natural Earth (calculated)
Asia,Kyrgyzstan,Osh Region,Region,5,432027,213524,218503,8382,1901,Osh,29021.1,14.9,Natural Earth (calculated)
Asia,Kyrgyzstan,Talas Region,Region,1,40308,19922,20386,782,177,Talas,11541.7,3.5,Natural Earth (calculated)
Asia,Laos,Bokeo,Province,2,80848,40618,40230,1692,500,Ban Khoan,6950.5,11.6,Natural Earth (calculated)
Asia,Laos,Bolikhamsai,Province,2,40321,20257,20064,844,250,Pakxan,15435.2,2.6,Natural Earth (calculated)
Asia,Laos,Champasak Province,Province,1,77900,39137,38763,1631,482,Pakse,15115.8,5.2,Natural Earth (calculated)
Asia,Laos,Houaphan,Province,1,56900,28587,28313,1191,352,Xam Nua,17265.8,3.3,Natural Earth (calculated)
Asia,Laos,Khammouane Province,Province,1,90800,45618,45182,1901,562,Thakhèk,15999.1,5.7,Natural Earth (calculated)
Asia,Laos,Loungnamtha,Province,1,23500,11806,11694,492,145,Muang Sing,9662.0,2.4,Natural Earth (calculated)
Asia,Laos,Luang Prabang Province,Province,1,55027,27646,27381,1152,340,Luang Prabang,19801.6,2.8,Natural Earth (calculated)
Asia,Laos,Oudômxai,Province,1,25000,12560,12440,523,155,Muang Xay,11630.0,2.1,Natural Earth (calculated)
Asia,Laos,Salavan Province,Province,1,21304,10703,10601,446,132,Ban Laongam,10001.5,2.1,Natural Earth (calculated)
Asia,Laos,Savannakhet Province,Province,3,166553,83677,82876,3487,1031,Savannakhet,21113.0,7.9,Natural Earth (calculated)
Asia,Laos,Vientiane,Province,1,25000,12560,12440,523,155,Vang Vieng,20138.0,1.2,Natural Earth (calculated)
Asia,Laos,Vientiane Prefecture,Municipality|Prefecture,1,840940,422488,418452,17603,5203,Vientiane,3504.9,239.9,Natural Earth (calculated)
Asia,Laos,Xiangkhoang,Province,1,37507,18844,18663,785,232,Muang Phônsavan,12400.3,3.0,Natural Earth (calculated)
Asia,Laos,Xékong,Province,1,20116,10106,10010,421,124,Sekong,8039.7,2.5,Natural Earth (calculated)
Asia,Lebanon,Baalbek-Hermel Governorate,Governorate,4,133166,64793,68373,2125,804,Aarsâl,3009.0,44.3,Wikidata
Asia,Lebanon,Beirut,Province,2,3167839,1541312,1626527,50552,19118,Beirut,28.2,112334.7,Natural Earth (calculated)
Asia,Lebanon,Bekaa,Province,1,78145,38021,40124,1247,472,Zahlé,3935.7,19.9,Natural Earth (calculated)
Asia,Lebanon,Mount Lebanon,Province,3,247099,120226,126873,3944,1491,Aley,2013.0,122.8,Natural Earth (calculated)
Asia,Lebanon,Nabatieh,Province,2,218433,106279,112154,3486,1318,Nabatîyé et Tahta,1069.9,204.2,Natural Earth (calculated)
Asia,Lebanon,North Lebanon,Province,2,249398,121345,128053,3980,1505,Tripoli,1989.3,125.4,Natural Earth (calculated)
Asia,Lebanon,South Governorate,Province,4,373668,181809,191859,5964,2255,Sidon,968.1,386.0,Natural Earth (calculated)
Asia,Macao,(Not specified),First-level division,2,701535,322895,378640,3718,2526,Macau,,,
Asia,Macao,Our Lady of Carmo,First-level division,2,136051,62620,73431,721,489,Taipa,7.9,17221.6,Wikidata
Asia,Macao,Saint Francis Xavier,First-level division,2,58509,26929,31580,310,211,Luhuan,,,
Asia,Malaysia,Johor,State,56,7159782,3745499,3414283,88510,37751,Johor Bahru,19192.9,373.0,Natural Earth (calculated)
Asia,Malaysia,Kedah,State,28,2492109,1303698,1188411,30805,13142,Kota Kuala Muda,9130.4,272.9,Natural Earth (calculated)
Asia,Malaysia,Kelantan,State,11,1207770,631820,575950,14932,6370,Kota Bharu,15084.3,80.1,Natural Earth (calculated)
Asia,Malaysia,Kuala Lumpur,Federal Territory,25,3547244,1855671,1691573,43849,18708,Kuala Lumpur,239.1,14835.8,Natural Earth (calculated)
Asia,Malaysia,Labuan,Federal Territory,1,95120,49760,45360,1176,502,Labuan,90.4,1052.2,Natural Earth (calculated)
Asia,Malaysia,Melaka,State,18,1031585,539652,491933,12753,5438,Malacca,1685.4,612.1,Natural Earth (calculated)
Asia,Malaysia,Negeri Sembilan,State,15,927915,485418,442497,11469,4894,Seremban,6693.6,138.6,Natural Earth (calculated)
Asia,Malaysia,Pahang,State,13,1058351,553655,504696,13083,5582,Kuantan,35889.4,29.5,Natural Earth (calculated)
Asia,Malaysia,Penang,State,28,1904438,996269,908169,23542,10040,Paya Terubong,1018.3,1870.2,Natural Earth (calculated)
Asia,Malaysia,Perak,State,32,2603225,1361826,1241399,32181,13729,Ipoh,20785.2,125.2,Natural Earth (calculated)
Asia,Malaysia,Perlis,State,2,83869,43875,39994,1037,442,Kangar,798.9,105.0,Natural Earth (calculated)
Asia,Malaysia,Putrajaya,Federal Territory,1,50000,26157,23843,618,264,Putrajaya,52.1,959.7,Natural Earth (calculated)
Asia,Malaysia,Sabah,State,19,2032158,1063082,969076,25120,10717,Kota Kinabalu,73841.9,27.5,Natural Earth (calculated)
Asia,Malaysia,Sarawak,State,33,1980982,1036310,944672,24489,10446,Kuching,122557.1,16.2,Natural Earth (calculated)
Asia,Malaysia,Selangor,State,66,10456724,5470229,4986495,129263,55140,Kampung Baru Subang,7729.7,1352.8,Natural Earth (calculated)
Asia,Malaysia,Terengganu,State,7,704032,368301,335731,8704,3713,Kuala Terengganu,13096.2,53.8,Natural Earth (calculated)
Asia,Maldives,Kaafu Atoll,Atoll,1,103693,63987,39706,1098,245,Male,2.9,35756.2,Natural Earth (calculated)
Asia,Mongolia,Arkhangai Province,Province,1,21620,10773,10847,365,119,Tsetserleg,55256.6,0.4,Natural Earth (calculated)
Asia,Mongolia,Bayan-Ölgii Province,Province,1,28400,14151,14249,480,156,Ölgii,46002.3,0.6,Natural Earth (calculated)
Asia,Mongolia,Bayankhongor,Province,1,30931,15413,15518,523,170,Bayanhongor,116435.1,0.3,Natural Earth (calculated)
Asia,Mongolia,Bulgan,Province,1,17348,8644,8704,293,95,Bulgan,48351.1,0.4,Natural Earth (calculated)
Asia,Mongolia,Central Aimak,Province,2,33906,16896,17010,574,186,Dzuunmod,73291.2,0.5,Natural Earth (calculated)
Asia,Mongolia,Darhan Uul,Municipality,1,83883,41798,42085,1418,461,Darhan,3640.6,23.0,Natural Earth (calculated)
Asia,Mongolia,Dzabkhan,Province,1,16265,8105,8160,275,89,Uliastay,81974.8,0.2,Natural Earth (calculated)
Asia,Mongolia,East Aimak,Province,1,44835,22341,22494,758,247,Choibalsan,122650.4,0.4,Natural Earth (calculated)
Asia,Mongolia,East Gobi Aymag,Province,1,19891,9911,9980,336,109,Saynshand,114566.7,0.2,Natural Earth (calculated)
Asia,Mongolia,Govi-Altai Province,Province,1,17617,8778,8839,298,97,Altai,142828.4,0.1,Natural Earth (calculated)
Asia,Mongolia,Hentiy,Province,1,22741,11332,11409,384,125,Undurkhaan,81003.6,0.3,Natural Earth (calculated)
Asia,Mongolia,Hovd,Province,1,29800,14849,14951,504,164,Khovd,75724.1,0.4,Natural Earth (calculated)
Asia,Mongolia,Khövsgöl Province,Province,1,39404,19635,19769,666,217,Mörön,100388.8,0.4,Natural Earth (calculated)
Asia,Mongolia,Orhon,Municipality,1,97814,48740,49074,1653,538,Erdenet,710.6,137.6,Natural Earth (calculated)
Asia,Mongolia,Selenge Province,Province,2,41571,20715,20856,702,229,Sühbaatar,41839.4,1.0,Natural Earth (calculated)
Asia,Mongolia,Sühbaatar,Province,1,18190,9064,9126,307,100,Baruun-Urt,82119.9,0.2,Natural Earth (calculated)
Asia,Mongolia,Ulaanbaatar,Municipality,2,884397,440686,443711,14946,4864,Ulan Bator,3995.0,221.4,Natural Earth (calculated)
Asia,Mongolia,Uvs Province,Province,1,30092,14995,15097,509,166,Ulaangom,69167.4,0.4,Natural Earth (calculated)
Asia,Mongolia,Ömnögovĭ,Province,1,24863,12389,12474,420,137,Dalandzadgad,166369.7,0.1,Natural Earth (calculated)
Asia,Mongolia,Övörhangay,Province,2,57344,28574,28770,969,316,Arvayheer,62750.8,0.9,Natural Earth (calculated)
Asia,Myanmar,Ayeyarwady,Division,16,971040,483191,487849,15987,8910,Pathein,33333.4,29.1,Natural Earth (calculated)
Asia,Myanmar,Bago Region,Division,14,910845,453236,457609,14997,8357,Bago,36317.8,25.1,Natural Earth (calculated)
Asia,Myanmar,Chin State,State,1,24926,12403,12523,410,229,Hakha,37282.5,0.7,Natural Earth (calculated)
Asia,Myanmar,Kachin State,State,9,463509,230641,232868,7630,4254,Myitkyina,87970.9,5.3,Natural Earth (calculated)
Asia,Myanmar,Kayah State,State,1,17293,8605,8688,285,159,Loikaw,11411.1,1.5,Natural Earth (calculated)
Asia,Myanmar,Kayin State,State,4,170779,84980,85799,2812,1568,Hpa-An,29390.6,5.8,Natural Earth (calculated)
Asia,Myanmar,Magway,Division,9,731660,364074,367586,12046,6714,Pakokku,45913.6,15.9,Natural Earth (calculated)
Asia,Myanmar,Mandalay Region,Division,13,2262728,1125935,1136793,37252,20762,Mandalay,36817.3,61.5,Natural Earth (calculated)
Asia,Myanmar,Mon,State,11,975786,485552,490234,16065,8952,Mawlamyine,10668.4,91.5,Natural Earth (calculated)
Asia,Myanmar,Nay Pyi Taw,State,3,1052617,523783,528834,17330,9659,Nay Pyi Taw,7054.4,149.2,Wikidata
Asia,Myanmar,Rakhine,State,11,889247,442490,446757,14640,8160,Kyaukpyu,34603.4,25.7,Natural Earth (calculated)
Asia,Myanmar,Sagaing Region,Division,11,943187,469331,473856,15528,8656,Kalemyo,96689.8,9.8,Natural Earth (calculated)
Asia,Myanmar,Shan State,State,24,1589111,790743,798368,26164,14582,Yawnghwe,154583.2,10.3,Natural Earth (calculated)
Asia,Myanmar,Tanintharyi Region,Division,3,368030,183131,184899,6059,3377,Myeik,38459.3,9.6,Natural Earth (calculated)
Asia,Myanmar,Yangon,Division,48,7486477,3725270,3761207,123255,68695,Yangon,9717.9,770.4,Natural Earth (calculated)
Asia,Nepal,Bagmati Province,Province,12,2720905,1298089,1422816,51593,18970,Kathmandu,,,
Asia,Nepal,Gandaki Pradesh,Province,3,645214,307818,337396,12235,4498,Pokhara,,,
Asia,Nepal,Karnali Pradesh,Province,2,175794,83868,91926,3333,1226,Birendranagar,,,
Asia,Nepal,Koshi,Province,9,689329,328866,360463,13071,4807,Biratnagar,,,
Asia,Nepal,Lumbini Province,Province,6,540537,257878,282659,10251,3768,Butwāl,,,
Asia,Nepal,Madhesh,Province,8,732308,349370,382938,13887,5106,Birgañj,,,
Asia,Nepal,Sudurpashchim Pradesh,Province,6,409226,195233,213993,7760,2854,Dhangaḍhi̇̄,,,
Asia,North Korea,Chagang,Province,8,564288,279362,284926,7254,5562,Kanggye,15822.1,35.7,Natural Earth (calculated)
Asia,North Korea,Kaesong,Province,1,338155,167410,170745,4348,3334,Kaesŏng,,,
Asia,North Korea,Kangwŏn-do,Province,5,427560,211673,215887,5497,4215,Wŏnsan,11260.2,38.0,Natural Earth (calculated)
Asia,North Korea,Nampo,Province,1,455000,225257,229743,5850,4485,Namp’o,,,
Asia,North Korea,North Hamgyong,Province,18,1264532,626031,638501,16260,12465,Chongjin,17341.5,72.9,Natural Earth (calculated)
Asia,North Korea,North Hwanghae,Province,6,562267,278361,283906,7229,5543,Sariwŏn-si,9311.4,60.4,Natural Earth (calculated)
Asia,North Korea,P'yŏngan-bukto,Province,6,435683,215695,219988,5602,4295,Sinŭiju,12237.6,35.6,Natural Earth (calculated)
Asia,North Korea,Pyongyang,Special City,6,3668470,1816150,1852320,47169,36164,Pyongyang,2706.0,1355.7,Natural Earth (calculated)
Asia,North Korea,Rason,Province,3,120886,59848,61038,1554,1191,Rajin,740.9,163.2,Natural Earth (calculated)
Asia,North Korea,South Hamgyong,Province,10,1501307,743253,758054,19303,14801,Hamhŭng,18531.5,81.0,Natural Earth (calculated)
Asia,North Korea,South Hwanghae,Province,18,1619740,801886,817854,20826,15966,Haeju,8185.2,197.9,Natural Earth (calculated)
Asia,North Korea,South Pyongan,Province,11,1576644,780550,796094,20272,15543,Sunch’ŏn,12354.9,127.6,Natural Earth (calculated)
Asia,North Korea,Yanggang-do,Province,4,342351,169487,172864,4401,3374,Hyesan,13888.3,24.7,Natural Earth (calculated)
Asia,Oman,Ad Dakhiliyah,Region,7,329344,205526,123818,5525,626,Samā’il,31478.6,10.5,Natural Earth (calculated)
Asia,Oman,Ad Dhahirah,Region,2,180072,112374,67698,3021,343,‘Ibrī,28935.8,6.2,Natural Earth (calculated)
Asia,Oman,Al Batinah North,Region,6,480021,299557,180464,8054,914,Şaḩam,7823.4,61.4,Natural Earth (calculated)
Asia,Oman,Al Batinah South,Region,2,201647,125838,75809,3383,383,Rustaq,4307.8,46.8,Natural Earth (calculated)
Asia,Oman,Al Buraimi,Province,1,73670,45974,27696,1236,140,Al Buraymī,5652.4,13.0,Natural Earth (calculated)
Asia,Oman,Dhofar,Province,1,163140,101808,61332,2737,311,Şalālah,128289.9,1.3,Natural Earth (calculated)
Asia,Oman,Musandam Governorate,Province,1,17904,11173,6731,300,34,Khasab,1677.5,10.7,Natural Earth (calculated)
Asia,Oman,Muscat,Province,4,1714268,1069789,644479,28761,3264,Muscat,4620.6,371.0,Natural Earth (calculated)
Asia,Oman,Northeastern Governorate,Region,2,43744,27299,16445,734,83,Ibrā’,15983.0,2.7,Natural Earth (calculated)
Asia,Oman,Southeastern Governorate,Region,2,86211,53800,32411,1447,164,Sur,17436.7,4.9,Natural Earth (calculated)
Asia,Pakistan,Azad Kashmir,Centrally Administered Area,13,1331174,674481,656693,36492,8578,Muzaffarābād,11962.4,111.3,Natural Earth (calculated)
Asia,Pakistan,Balochistan,Province,30,3303506,1673821,1629685,90553,21290,Quetta,347995.8,9.5,Natural Earth (calculated)
Asia,Pakistan,Gilgit-Baltistan,Centrally Administered Area,4,519760,263352,256408,14248,3350,Skardu,65244.5,8.0,Natural Earth (calculated)
Asia,Pakistan,Islamabad,Capital Territory,2,619166,313719,305447,16973,3990,Islamabad,866.3,714.7,Natural Earth (calculated)
Asia,Pakistan,Khyber Pakhtunkhwa,Province,45,10556085,5348558,5207527,289364,68035,Peshawar,74954.5,140.8,Natural Earth (calculated)
Asia,Pakistan,Punjab,Province,192,50202928,25436822,24766106,1376160,323568,Lahore,203843.5,246.3,Natural Earth (calculated)
Asia,Pakistan,Sindh,Province,85,22212334,11254543,10957791,608885,143157,Karachi,140649.1,157.9,Natural Earth (calculated)
Asia,Palestinian Territory,Gaza Strip,First-level division,13,1188568,589745,598823,31457,6976,Gaza,339.4,3502.0,Natural Earth (calculated)
Asia,Palestinian Territory,West Bank,First-level division,32,1528957,758639,770318,40465,8973,East Jerusalem,5734.9,266.6,Natural Earth (calculated)
Asia,Philippines,Autonomous Region in Muslim Mindanao,Province,19,2688337,1340890,1347447,42726,17069,Budta,8821.0,304.8,Natural Earth (calculated)
Asia,Philippines,Bicol Region,Province,30,1731392,863582,867810,27519,10996,Sorsogon,2411.4,718.0,Natural Earth (calculated)
Asia,Philippines,Cagayan Valley,Province,19,1045361,521407,523954,16614,6639,Tuguegarao,2308.1,452.9,Natural Earth (calculated)
Asia,Philippines,Calabarzon,Province,90,10149661,5062450,5087211,161318,64455,Antipolo,16873.3,601.5,Wikidata
Asia,Philippines,Caraga,Province,18,1400395,698489,701906,22259,8893,Butuan,2616.8,535.2,Natural Earth (calculated)
Asia,Philippines,Central Luzon,Province,103,8581006,4280033,4300973,136381,54483,Angeles City,7667.4,1119.2,Natural Earth (calculated)
Asia,Philippines,Central Visayas,Province,36,3777249,1884016,1893233,60035,23986,Cebu City,1218.4,3100.2,Natural Earth (calculated)
Asia,Philippines,Cordillera,Province,9,827724,412853,414871,13155,5257,Baguio,2050.4,403.7,Natural Earth (calculated)
Asia,Philippines,Davao Region,Province,19,3161675,1576980,1584695,50250,20076,Davao,3887.4,813.3,Natural Earth (calculated)
Asia,Philippines,Eastern Visayas,Province,17,1244211,620586,623625,19774,7900,Tacloban,195.6,6361.0,Natural Earth (calculated)
Asia,Philippines,Ilocos,Province,24,1553111,774662,778449,24682,9862,Dagupan,3953.0,392.9,Natural Earth (calculated)
Asia,Philippines,Mimaropa,Province,16,964707,481174,483533,15331,6125,Puerto Princesa,10129.0,95.2,Natural Earth (calculated)
Asia,Philippines,National Capital Region,Province,39,15427284,7694824,7732460,245203,97964,Quezon City,,,
Asia,Philippines,Northern Mindanao,Province,23,2744608,1368955,1375653,43621,17429,Cagayan de Oro,2539.7,1080.7,Natural Earth (calculated)
Asia,Philippines,Soccsksargen,Province,23,3660551,1825809,1834742,58180,23244,Malingao,8886.8,411.9,Natural Earth (calculated)
Asia,Philippines,Western Visayas,Province,36,3580123,1785693,1794430,56902,22735,Iloilo,2498.9,1432.7,Natural Earth (calculated)
Asia,Philippines,Zamboanga Peninsula,Province,10,1690128,843003,847125,26863,10733,Zamboanga,3258.1,518.7,Natural Earth (calculated)
Asia,Qatar,Al Daayen,Municipality,2,252939,179820,73119,2409,266,Lusail,277.8,910.5,Natural Earth (calculated)
Asia,Qatar,Al Khor,Municipality,1,18923,13453,5470,180,20,Al Khawr,1484.0,12.8,Natural Earth (calculated)
Asia,Qatar,Al Wakrah,Municipality,1,26436,18794,7642,252,28,Al Wakrah,1638.6,16.1,Natural Earth (calculated)
Asia,Qatar,Al-Shahaniya,Municipality,1,39457,28051,11406,376,41,Umm Ghuwaylīnah,,,
Asia,Qatar,Baladiyat ad Dawhah,Municipality,17,865645,615406,250239,8243,910,Doha,119.6,7237.8,Natural Earth (calculated)
Asia,Qatar,Baladiyat ar Rayyan,Municipality,3,333297,236947,96350,3175,350,Ar Rayyān,6389.0,52.2,Natural Earth (calculated)
Asia,Qatar,Umm Salal,Municipality,1,29391,20895,8496,280,31,Umm Şalāl Muḩammad,228.7,128.5,Natural Earth (calculated)
Asia,Saudi Arabia,'Asir Region,Region,8,979277,591727,387550,16155,2288,Khamis Mushait,77379.4,12.7,Natural Earth (calculated)
Asia,Saudi Arabia,Al Bahah Region,Region,4,178744,108005,70739,2948,418,Al Bahah,10308.0,17.3,Natural Earth (calculated)
Asia,Saudi Arabia,Al Jawf Region,Region,4,296903,179403,117500,4897,694,Sakakah,117530.6,2.5,Natural Earth (calculated)
Asia,Saudi Arabia,Al-Qassim Region,Region,9,1193557,721207,472350,19689,2790,Buraydah,54378.0,21.9,Natural Earth (calculated)
Asia,Saudi Arabia,Eastern Province,Region,24,3555331,2148308,1407023,58645,8310,Dammam,553227.5,6.4,Natural Earth (calculated)
Asia,Saudi Arabia,Ha'il Region,Region,3,653868,395100,258768,10785,1528,Ha'il,121299.0,5.4,Natural Earth (calculated)
Asia,Saudi Arabia,Jazan Region,Region,6,486022,293679,192343,8016,1137,Şabyā,14965.1,32.5,Natural Earth (calculated)
Asia,Saudi Arabia,Mecca Region,Region,11,7302562,4412575,2889987,120456,17065,Jeddah,138263.7,52.8,Natural Earth (calculated)
Asia,Saudi Arabia,Medina Region,Region,6,2526800,1526819,999981,41681,5905,Madinah,144289.5,17.5,Natural Earth (calculated)
Asia,Saudi Arabia,Najran Region,Region,2,528904,319590,209314,8725,1236,Najrān,89529.5,5.9,Natural Earth (calculated)
Asia,Saudi Arabia,Northern Borders Region,Region,3,255373,154309,101064,4212,596,Arar,124375.5,2.1,Natural Earth (calculated)
Asia,Saudi Arabia,Riyadh Region,Region,13,5169567,3123712,2045855,85271,12080,Riyadh,376970.1,13.7,Natural Earth (calculated)
Asia,Saudi Arabia,Tabuk Region,Region,5,787089,475598,311491,12983,1839,Tabuk,99209.3,7.9,Natural Earth (calculated)
Asia,Singapore,(Not specified),District,65,11621053,6002389,5618664,85999,69728,Singapore,,,
Asia,South Korea,Busan,Metropolitan City,2,3461535,1726821,1734714,16269,24231,Busan,282.1,12270.6,Natural Earth (calculated)
Asia,South Korea,Chungcheongnam-do,Province,14,1365089,680988,684101,6416,9555,Cheonan,7516.3,181.6,Natural Earth (calculated)
Asia,South Korea,Daegu,Metropolitan City,2,2430241,1212350,1217891,11422,17012,Daegu,465.5,5220.7,Natural Earth (calculated)
Asia,South Korea,Daejeon,Metropolitan City,1,1441203,718959,722244,6774,10088,Daejeon,366.1,3936.6,Natural Earth (calculated)
Asia,South Korea,Gangwon-do,Province,14,1370612,683744,686868,6440,9595,Wŏnju,19171.6,71.5,Natural Earth (calculated)
Asia,South Korea,Gwangju,Metropolitan City,2,1835606,915710,919896,8628,12850,Gwangju,133.0,13801.5,Natural Earth (calculated)
Asia,South Korea,Gyeonggi-do,Province,28,9542454,4760347,4782107,44848,66798,Suwon,10209.2,934.7,Natural Earth (calculated)
Asia,South Korea,Gyeongsangbuk-do,Metropolitan City,18,2300317,1147537,1152780,10812,16103,Pohang,18623.1,123.5,Natural Earth (calculated)
Asia,South Korea,Gyeongsangnam-do,Province,14,3040961,1517016,1523945,14294,21288,Changwon,10131.7,300.1,Natural Earth (calculated)
Asia,South Korea,Incheon,Metropolitan City,2,3041017,1517041,1523976,14293,21287,Incheon,367.2,8281.6,Natural Earth (calculated)
Asia,South Korea,Jeju-do,Province,8,893700,445830,447870,4199,6256,Jeju City,1867.9,478.5,Natural Earth (calculated)
Asia,South Korea,Jeollabuk-do,Province,13,1762392,879188,883204,8284,12337,Jeonju,8248.0,213.7,Natural Earth (calculated)
Asia,South Korea,Jeollanam-do,Metropolitan City,18,1640347,818304,822043,7709,11483,Suncheon,11469.8,143.0,Natural Earth (calculated)
Asia,South Korea,North Chungcheong,Province,7,1304576,650801,653775,6132,9131,Cheongju-si,7660.6,170.3,Natural Earth (calculated)
Asia,South Korea,Sejong-si,Special self-governing city,1,394630,196865,197765,1855,2762,Sejong,418.6,942.7,Natural Earth (calculated)
Asia,South Korea,Seoul,Capital Metropolitan City,2,10477454,5226783,5250671,49244,73342,Seoul,577.8,18133.4,Natural Earth (calculated)
Asia,South Korea,Ulsan,Metropolitan City,1,1098421,547958,550463,5163,7689,Ulsan,1035.8,1060.5,Natural Earth (calculated)
Asia,Sri Lanka,Central Province,Province,6,281735,136284,145451,2845,2197,Kandy,5674.0,49.7,Wikidata
Asia,Sri Lanka,Eastern Province,Province,7,428762,207406,221356,4331,3345,Trincomalee,9996.0,42.9,Wikidata
Asia,Sri Lanka,North Central Province,Province,1,60943,29480,31463,616,475,Anuradhapura,10472.0,5.8,Wikidata
Asia,Sri Lanka,North Western Province,Province,3,98944,47863,51081,1000,772,Puttalam,7888.0,12.5,Wikidata
Asia,Sri Lanka,Northern Province,Province,6,462083,223524,238559,4668,3604,Jaffna,8884.0,52.0,Wikidata
Asia,Sri Lanka,Sabaragamuwa Province,Province,2,65794,31827,33967,664,513,Ratnapura,4902.0,13.4,Wikidata
Asia,Sri Lanka,Southern Province,Province,9,489514,236793,252721,4945,3819,Galle,5444.0,89.9,Wikidata
Asia,Sri Lanka,Uva Province,Province,2,68522,33146,35376,692,534,Badulla,8488.0,8.1,Wikidata
Asia,Sri Lanka,Western Province,Province,24,2340878,1132354,1208524,23643,18260,Colombo,3684.0,635.4,Wikidata
Asia,Syria,Al-Hasakah,Province,5,681289,341053,340236,15780,3360,Al Ḩasakah,22365.0,30.5,Natural Earth (calculated)
Asia,Syria,Aleppo,Province,14,2773557,1388442,1385115,64242,13680,Aleppo,18921.1,146.6,Natural Earth (calculated)
Asia,Syria,Damascus Governorate,Province,2,1669393,835698,833695,38666,8233,Damascus,116.1,14378.9,Natural Earth (calculated)
Asia,Syria,Daraa,Province,9,340457,170432,170025,7884,1678,Dar‘ā,3955.3,86.1,Natural Earth (calculated)
Asia,Syria,Deir ez-Zor,Province,5,438657,219592,219065,10159,2164,Deir ez-Zor,26722.6,16.4,Natural Earth (calculated)
Asia,Syria,Hama,Province,8,710552,355702,354850,16457,3504,Ḩamāh,10204.5,69.6,Natural Earth (calculated)
Asia,Syria,Homs,Province,8,1042445,521849,520596,24145,5143,Homs,50098.3,20.8,Natural Earth (calculated)
Asia,Syria,Idlib,Province,10,435557,218039,217518,10088,2149,Idlib,5636.6,77.3,Natural Earth (calculated)
Asia,Syria,Latakia,Province,3,804915,402940,401975,18644,3970,Latakia,2406.6,334.5,Natural Earth (calculated)
Asia,Syria,Quneitra,Province,1,36143,18093,18050,837,178,Al Qunayţirah,307.2,117.7,Natural Earth (calculated)
Asia,Syria,Raqqa,Province,2,619832,310288,309544,14356,3057,Ar Raqqah,18285.2,33.9,Natural Earth (calculated)
Asia,Syria,Rif-dimashq,Province,18,802118,401540,400578,18578,3957,Dūmā,18147.5,44.2,Natural Earth (calculated)
Asia,Syria,Suwayda,Province,1,59052,29561,29491,1368,291,As-Suwayda,6630.0,8.9,Natural Earth (calculated)
Asia,Syria,Tartus,Province,3,525208,262918,262290,12165,2590,Ţarţūs,1878.1,279.6,Natural Earth (calculated)
Asia,Taiwan,Fukien,County / City,2,68333,0,0,0,0,Jincheng,182.7,374.0,Wikidata
Asia,Taiwan,Taipei,County / City,8,5356079,0,0,0,0,New Taipei City,,,
Asia,Taiwan,Taiwan,County / City,55,17876164,0,0,0,0,Taipei,26331.0,678.9,Wikidata
Asia,Taiwan,Takao,County / City,2,3094123,0,0,0,0,Kaohsiung,2951.9,1048.2,Wikidata
Asia,Tajikistan,Dushanbe,Independent City,2,703096,345727,357369,17811,3228,Dushanbe,135.9,5173.6,Natural Earth (calculated)
Asia,Tajikistan,Gorno-Badakhshan,Region,2,56500,27782,28718,1432,259,Khorugh,63548.3,0.9,Natural Earth (calculated)
Asia,Tajikistan,Khatlon Province,Region,12,533432,262300,271132,13514,2450,Kŭlob,24147.7,22.1,Natural Earth (calculated)
Asia,Tajikistan,Republican Subordination,Region,3,106671,52452,54219,2702,490,Vahdat,28560.6,3.7,Natural Earth (calculated)
Asia,Tajikistan,Sughd,Region,12,1179234,579852,599382,29874,5414,Isfara,25845.7,45.6,Natural Earth (calculated)
Asia,Thailand,Amnat Charoen,Province,1,34769,16912,17857,282,314,Amnat Charoen,3932.7,8.8,Natural Earth (calculated)
Asia,Thailand,Ang Thong,Province,1,19129,9305,9824,155,173,Wiset Chaichan,971.7,19.7,Natural Earth (calculated)
Asia,Thailand,Bangkok,Province,89,12241538,5954404,6287134,99353,110575,Bangkok,1563.8,7828.1,Natural Earth (calculated)
Asia,Thailand,Bueng Kan,Province,1,16493,8022,8471,134,149,Seka,3987.3,4.1,Natural Earth (calculated)
Asia,Thailand,Buriram,Province,3,65808,32009,33799,534,594,Buri Ram,10144.6,6.5,Natural Earth (calculated)
Asia,Thailand,Chachoengsao,Province,3,91418,44467,46951,742,825,Chachoengsao,5549.8,16.5,Natural Earth (calculated)
Asia,Thailand,Chai Nat,Province,1,15469,7524,7945,126,140,Chai Nat,2480.8,6.2,Natural Earth (calculated)
Asia,Thailand,Chaiyaphum,Province,4,121524,59110,62414,987,1098,Chaiyaphum,13171.8,9.2,Natural Earth (calculated)
Asia,Thailand,Chanthaburi,Province,3,138330,67285,71045,1122,1250,Chanthaburi,5832.0,23.7,Natural Earth (calculated)
Asia,Thailand,Chiang Mai,Province,4,195894,95285,100609,1590,1770,Chiang Mai,22759.6,8.6,Natural Earth (calculated)
Asia,Thailand,Chiang Rai,Province,3,143948,70018,73930,1168,1300,Chiang Rai,11273.9,12.8,Natural Earth (calculated)
Asia,Thailand,Chon Buri,Province,11,834141,405737,428404,6771,7535,Chon Buri,4333.1,192.5,Natural Earth (calculated)
Asia,Thailand,Chumphon,Province,2,71977,35011,36966,584,650,Chumphon,5755.7,12.5,Natural Earth (calculated)
Asia,Thailand,Kalasin,Province,5,131212,63823,67389,1065,1185,Kalasin,6843.6,19.2,Natural Earth (calculated)
Asia,Thailand,Kamphaeng Phet,Province,2,80676,39242,41434,655,729,Kamphaeng Phet,8747.9,9.2,Natural Earth (calculated)
Asia,Thailand,Kanchanaburi,Province,5,239396,116445,122951,1942,2163,Nong Prue,19956.6,12.0,Natural Earth (calculated)
Asia,Thailand,Khon Kaen,Province,3,196377,95520,100857,1594,1774,Khon Kaen,10696.3,18.4,Natural Earth (calculated)
Asia,Thailand,Krabi,Province,1,31219,15185,16034,253,282,Krabi,4389.4,7.1,Natural Earth (calculated)
Asia,Thailand,Lampang,Province,2,174598,84927,89671,1417,1577,Lampang,12521.5,13.9,Natural Earth (calculated)
Asia,Thailand,Lamphun,Province,2,58803,28602,30201,478,531,Lamphun,4065.3,14.5,Natural Earth (calculated)
Asia,Thailand,Loei,Province,4,82236,40000,42236,667,743,Loei,10424.4,7.9,Natural Earth (calculated)
Asia,Thailand,Lopburi,Province,2,82957,40352,42605,673,750,Lop Buri,6480.5,12.8,Natural Earth (calculated)
Asia,Thailand,Maha Sarakham,Province,1,51584,25091,26493,419,466,Maha Sarakham,5736.8,9.0,Natural Earth (calculated)
Asia,Thailand,Mukdahan,Province,1,40480,19690,20790,329,366,Mukdahan,4091.2,9.9,Natural Earth (calculated)
Asia,Thailand,Nakhon Nayok,Province,1,21309,10365,10944,173,192,Nakhon Nayok,2196.6,9.7,Natural Earth (calculated)
Asia,Thailand,Nakhon Pathom,Province,3,172956,84128,88828,1403,1562,Nakhon Pathom,2103.9,82.2,Natural Earth (calculated)
Asia,Thailand,Nakhon Phanom,Province,1,34595,16827,17768,281,312,Nakhon Phanom,5722.0,6.0,Natural Earth (calculated)
Asia,Thailand,Nakhon Ratchasima,Province,9,312167,151840,160327,2534,2821,Nakhon Ratchasima,20760.1,15.0,Natural Earth (calculated)
Asia,Thailand,Nakhon Sawan,Province,2,99811,48549,51262,810,901,Nakhon Sawan,9759.3,10.2,Natural Earth (calculated)
Asia,Thailand,Nakhon Si Thammarat,Province,4,182010,88532,93478,1477,1644,Nakhon Si Thammarat,10296.5,17.7,Natural Earth (calculated)
Asia,Thailand,Nan,Province,1,24670,12000,12670,200,223,Nan,11721.9,2.1,Natural Earth (calculated)
Asia,Thailand,Narathiwat,Province,4,124650,60631,64019,1012,1126,Narathiwat,4428.8,28.1,Natural Earth (calculated)
Asia,Thailand,Nong Bua Lamphu,Province,2,65425,31823,33602,531,591,Nong Bua Lamphu,4244.8,15.4,Natural Earth (calculated)
Asia,Thailand,Nong Khai,Province,3,114109,55503,58606,925,1031,Nong Khai,3440.3,33.2,Natural Earth (calculated)
Asia,Thailand,Nonthaburi,Province,5,588744,286371,302373,4779,5318,Mueang Nonthaburi,592.4,993.8,Natural Earth (calculated)
Asia,Thailand,Pathum Thani,Province,4,231709,112705,119004,1881,2093,Khlong Luang,1478.1,156.8,Natural Earth (calculated)
Asia,Thailand,Pattani,Province,2,74801,36384,38417,607,676,Pattani,2001.6,37.4,Natural Earth (calculated)
Asia,Thailand,Phang Nga,Province,1,48004,23350,24654,390,434,Takua Pa,4055.4,11.8,Natural Earth (calculated)
Asia,Thailand,Phatthalung,Province,1,43522,21170,22352,353,393,Phatthalung,3193.9,13.6,Natural Earth (calculated)
Asia,Thailand,Phayao,Province,2,44882,21831,23051,364,405,Dok Kham Tai,5994.5,7.5,Natural Earth (calculated)
Asia,Thailand,Phetchabun,Province,5,152560,74207,78353,1238,1379,Phetchabun,12433.8,12.3,Natural Earth (calculated)
Asia,Thailand,Phetchaburi,Province,4,157084,76407,80677,1275,1419,Cha-am,6513.4,24.1,Natural Earth (calculated)
Asia,Thailand,Phichit,Province,4,88799,43193,45606,721,802,Phichit,4244.8,20.9,Natural Earth (calculated)
Asia,Thailand,Phitsanulok,Province,4,128807,62653,66154,1046,1163,Phitsanulok,10507.3,12.3,Natural Earth (calculated)
Asia,Thailand,Phra Nakhon Si Ayutthaya,Province,7,157277,76502,80775,1277,1421,Phra Nakhon Si Ayutthaya,2486.5,63.3,Natural Earth (calculated)
Asia,Thailand,Phrae,Province,2,55557,27023,28534,451,502,Phrae,6595.5,8.4,Natural Earth (calculated)
Asia,Thailand,Phuket,Province,9,373603,181724,191879,3034,3374,Phuket,557.0,670.7,Natural Earth (calculated)
Asia,Thailand,Prachin Buri,Province,10,507992,247094,260898,4122,4587,Kabin Buri,4619.4,110.0,Natural Earth (calculated)
Asia,Thailand,Prachuap Khiri Khan,Province,6,261058,126981,134077,2119,2358,Hua Hin,6928.8,37.7,Natural Earth (calculated)
Asia,Thailand,Ranong province,Province,1,24561,11947,12614,199,222,Ranong,3444.5,7.1,Natural Earth (calculated)
Asia,Thailand,Ratchaburi,Province,7,374100,181965,192135,3036,3379,Ban I Chang,5420.3,69.0,Natural Earth (calculated)
Asia,Thailand,Rayong,Province,4,207974,101161,106813,1687,1878,Rayong,3660.7,56.8,Natural Earth (calculated)
Asia,Thailand,Roi Et,Province,3,75309,36631,38678,611,680,Roi Et,7718.2,9.8,Natural Earth (calculated)
Asia,Thailand,Sa Kaeo,Province,3,65032,31632,33400,527,587,Sa Kaeo,7083.5,9.2,Natural Earth (calculated)
Asia,Thailand,Sakon Nakhon,Province,3,108822,52932,55890,884,983,Sakon Nakhon,9556.6,11.4,Natural Earth (calculated)
Asia,Thailand,Samut Prakan,Province,4,644578,313529,331049,5231,5822,Samut Prakan,899.7,716.4,Natural Earth (calculated)
Asia,Thailand,Samut Sakhon,Province,3,178221,86689,91532,1446,1611,Krathum Baen,842.8,211.5,Natural Earth (calculated)
Asia,Thailand,Samut Songkhram,Province,1,35065,17056,18009,285,317,Samut Songkhram,414.9,84.5,Natural Earth (calculated)
Asia,Thailand,Saraburi,Province,5,212129,103182,108947,1722,1916,Saraburi,3019.0,70.3,Natural Earth (calculated)
Asia,Thailand,Satun,Province,1,34544,16803,17741,280,312,Satun,2539.7,13.6,Natural Earth (calculated)
Asia,Thailand,Si Sa Ket,Province,2,81372,39580,41792,660,735,Si Sa Ket,8851.1,9.2,Natural Earth (calculated)
Asia,Thailand,Sing Buri,Province,2,35359,17199,18160,287,319,Sing Buri,850.9,41.6,Natural Earth (calculated)
Asia,Thailand,Songkhla,Province,5,406369,197663,208706,3298,3672,Hat Yai,7461.8,54.5,Natural Earth (calculated)
Asia,Thailand,Sukhothai,Province,4,122921,59789,63132,998,1110,Ban Na,7066.7,17.4,Natural Earth (calculated)
Asia,Thailand,Suphan Buri,Province,1,53399,25974,27425,433,482,Suphan Buri,5415.6,9.9,Natural Earth (calculated)
Asia,Thailand,Surat Thani,Province,4,229750,111753,117997,1865,2076,Surat Thani,13447.2,17.1,Natural Earth (calculated)
Asia,Thailand,Surin,Province,1,46673,22702,23971,379,422,Surin,8562.4,5.5,Natural Earth (calculated)
Asia,Thailand,Tak,Province,4,104412,50787,53625,848,943,Mae Sot,16377.3,6.4,Natural Earth (calculated)
Asia,Thailand,Trang,Province,2,83299,40518,42781,676,753,Trang,4700.6,17.7,Natural Earth (calculated)
Asia,Thailand,Trat,Province,4,115828,56340,59488,940,1046,Khao Saming,2609.3,44.4,Natural Earth (calculated)
Asia,Thailand,Ubon Ratchathani,Province,4,221187,107587,113600,1794,1998,Ubon Ratchathani,14524.1,15.2,Natural Earth (calculated)
Asia,Thailand,Udon Thani,Province,6,244963,119153,125810,1987,2213,Udon Thani,10868.3,22.5,Natural Earth (calculated)
Asia,Thailand,Uthai Thani,Province,2,38834,18890,19944,315,351,Uthai Thani,6537.0,5.9,Natural Earth (calculated)
Asia,Thailand,Uttaradit,Province,1,58313,28364,29949,473,527,Uttaradit,7610.7,7.7,Natural Earth (calculated)
Asia,Thailand,Yala,Province,2,123162,59908,63254,999,1112,Yala,4701.6,26.2,Natural Earth (calculated)
Asia,Thailand,Yasothon,Province,1,21643,10527,11116,176,196,Yasothon,4089.0,5.3,Natural Earth (calculated)
Asia,Turkey,Adana,Province,7,2111456,1053468,1057988,23225,12035,Adana,15351.9,137.5,Natural Earth (calculated)
Asia,Turkey,Adıyaman Province,Province,5,484881,241922,242959,5335,2764,Adıyaman,7170.9,67.6,Natural Earth (calculated)
Asia,Turkey,Afyonkarahisar Province,Province,6,440287,219673,220614,4844,2509,Afyonkarahisar,14758.4,29.8,Natural Earth (calculated)
Asia,Turkey,Aksaray,Province,2,358719,178976,179743,3946,2045,Aksaray,7757.1,46.2,Natural Earth (calculated)
Asia,Turkey,Amasya,Province,4,232404,115954,116450,2556,1325,Amasya,6226.7,37.3,Natural Earth (calculated)
Asia,Turkey,Ankara,Province,15,5188838,2588868,2599970,57077,29576,Ankara,25686.0,202.0,Natural Earth (calculated)
Asia,Turkey,Antalya,Province,16,2569634,1282070,1287564,28266,14649,Antalya,21198.7,121.2,Natural Earth (calculated)
Asia,Turkey,Ardahan,Province,1,22927,11439,11488,252,131,Ardahan,5134.7,4.5,Natural Earth (calculated)
Asia,Turkey,Artvin,Province,3,59577,29725,29852,655,339,Artvin,7833.3,7.6,Natural Earth (calculated)
Asia,Turkey,Aydın,Province,7,479698,239336,240362,5277,2734,Aydın,7944.5,60.4,Natural Earth (calculated)
Asia,Turkey,Ağrı,Province,4,300277,149817,150460,3303,1712,Ağrı,10013.7,30.0,Natural Earth (calculated)
Asia,Turkey,Balıkesir,Province,10,615675,307179,308496,6773,3507,Balıkesir,14542.5,42.3,Natural Earth (calculated)
Asia,Turkey,Bartın,Province,1,81692,40759,40933,899,466,Bartın,2105.4,38.8,Natural Earth (calculated)
Asia,Turkey,Batman,Province,2,481659,240314,241345,5299,2745,Batman,4116.7,117.0,Natural Earth (calculated)
Asia,Turkey,Bayburt Province,Province,1,48036,23967,24069,528,274,Bayburt,3541.4,13.6,Natural Earth (calculated)
Asia,Turkey,Bilecik,Province,3,145530,72609,72921,1601,830,Bilecik,5288.5,27.5,Natural Earth (calculated)
Asia,Turkey,Bingöl,Province,3,166731,83187,83544,1833,950,Bingöl,8425.9,19.8,Natural Earth (calculated)
Asia,Turkey,Bitlis,Province,6,284849,142120,142729,3133,1623,Tatvan,8985.9,31.7,Natural Earth (calculated)
Asia,Turkey,Bolu,Province,2,213264,106403,106861,2346,1216,Bolu,8575.3,24.9,Natural Earth (calculated)
Asia,Turkey,Burdur,Province,2,124670,62202,62468,1372,711,Burdur,7234.9,17.2,Natural Earth (calculated)
Asia,Turkey,Bursa Province,Province,14,4226502,2108730,2117772,46494,24091,Bursa,10906.7,387.5,Natural Earth (calculated)
Asia,Turkey,Canakkale,Province,5,271744,135581,136163,2989,1549,Çanakkale,9587.9,28.3,Natural Earth (calculated)
Asia,Turkey,Denizli,Province,4,629685,314169,315516,6927,3589,Denizli,11112.9,56.7,Natural Earth (calculated)
Asia,Turkey,Diyarbakır Province,Province,7,2090697,1043112,1047585,22999,11917,Diyarbakır,15096.7,138.5,Natural Earth (calculated)
Asia,Turkey,Düzce,Province,3,249627,124547,125080,2746,1422,Düzce,2571.5,97.1,Natural Earth (calculated)
Asia,Turkey,Edirne,Province,3,261116,130278,130838,2872,1488,Edirne,5370.3,48.6,Natural Earth (calculated)
Asia,Turkey,Elazığ,Province,4,511996,255450,256546,5632,2918,Elazığ,9304.1,55.0,Natural Earth (calculated)
Asia,Turkey,Erzincan,Province,2,190305,94949,95356,2094,1085,Erzincan,11313.8,16.8,Natural Earth (calculated)
Asia,Turkey,Erzurum,Province,8,919929,458979,460950,10119,5244,Erzurum,23804.6,38.6,Natural Earth (calculated)
Asia,Turkey,Eskişehir,Province,1,921630,459829,461801,10138,5253,Eskişehir,13727.5,67.1,Natural Earth (calculated)
Asia,Turkey,Gaziantep,Province,2,2304723,1149896,1154827,25352,13137,Gaziantep,7321.2,314.8,Natural Earth (calculated)
Asia,Turkey,Giresun,Province,6,279240,139322,139918,3072,1592,Giresun,6763.8,41.3,Natural Earth (calculated)
Asia,Turkey,Gümüşhane Province,Province,2,63084,31474,31610,694,360,Gümüşhane,6319.0,10.0,Natural Earth (calculated)
Asia,Turkey,Hakkâri,Province,3,168406,84023,84383,1853,960,Hakkâri,7469.4,22.5,Natural Earth (calculated)
Asia,Turkey,Hatay,Province,13,1184327,590899,593428,13027,6751,Antakya,5580.3,212.2,Natural Earth (calculated)
Asia,Turkey,Isparta,Province,5,277060,138233,138827,3048,1579,Isparta,8773.0,31.6,Natural Earth (calculated)
Asia,Turkey,Istanbul,Province,35,24914037,12430364,12483673,274056,142012,Istanbul,4807.9,5181.9,Natural Earth (calculated)
Asia,Turkey,Iğdır,Province,2,119205,59475,59730,1312,680,Iğdır,3992.5,29.9,Natural Earth (calculated)
Asia,Turkey,Kahramanmaraş,Province,6,578645,288703,289942,6365,3299,Kahramanmaraş,14439.5,40.1,Natural Earth (calculated)
Asia,Turkey,Karabük Province,Province,2,160645,80150,80495,1767,916,Karabük,3965.4,40.5,Natural Earth (calculated)
Asia,Turkey,Karaman,Province,2,192376,95982,96394,2116,1097,Karaman,8987.8,21.4,Natural Earth (calculated)
Asia,Turkey,Kars Province,Province,3,140272,69986,70286,1543,799,Kars,10510.8,13.3,Natural Earth (calculated)
Asia,Turkey,Kastamonu,Province,3,167126,83385,83741,1838,953,Kastamonu,13130.6,12.7,Natural Earth (calculated)
Asia,Turkey,Kayseri,Province,5,1571402,784021,787381,17286,8957,Kayseri,17541.6,89.6,Natural Earth (calculated)
Asia,Turkey,Kilis,Province,1,111648,55705,55943,1228,636,Kilis,1352.2,82.6,Natural Earth (calculated)
Asia,Turkey,Kocaeli,Province,7,797050,397672,399378,8767,4542,Gebze,3989.2,199.8,Natural Earth (calculated)
Asia,Turkey,Konya,Province,11,1955146,975480,979666,21506,11143,Konya,40261.5,48.6,Natural Earth (calculated)
Asia,Turkey,Kütahya,Province,5,317969,158644,159325,3498,1813,Kütahya,12062.5,26.4,Natural Earth (calculated)
Asia,Turkey,Kırklareli,Province,3,175846,87734,88112,1934,1002,Lüleburgaz,6888.9,25.5,Natural Earth (calculated)
Asia,Turkey,Kırıkkale,Province,2,236639,118066,118573,2603,1349,Kırıkkale,4665.2,50.7,Natural Earth (calculated)
Asia,Turkey,Kırşehir,Province,3,195827,97704,98123,2155,1116,Kırşehir,6371.8,30.7,Natural Earth (calculated)
Asia,Turkey,Malatya,Province,3,793942,396121,397821,8733,4525,Malatya,11831.3,67.1,Natural Earth (calculated)
Asia,Turkey,Manisa,Province,9,772361,385353,387008,8496,4403,Manisa,12932.5,59.7,Natural Earth (calculated)
Asia,Turkey,Mardin,Province,6,498148,248540,249608,5481,2840,Kızıltepe,10095.3,49.3,Natural Earth (calculated)
Asia,Turkey,Mersin,Province,8,1217974,607686,610288,13396,6943,Mersin,15292.0,79.6,Natural Earth (calculated)
Asia,Turkey,Muğla,Province,10,359549,179388,180161,3954,2048,Muğla,12856.8,28.0,Natural Earth (calculated)
Asia,Turkey,Muş,Province,4,158765,79213,79552,1747,905,Muş,7751.4,20.5,Natural Earth (calculated)
Asia,Turkey,Nevşehir Province,Province,2,92169,45986,46183,1014,526,Nevşehir,5296.6,17.4,Natural Earth (calculated)
Asia,Turkey,Niğde Province,Province,2,123474,61605,61869,1358,704,Niğde,6656.6,18.5,Natural Earth (calculated)
Asia,Turkey,Ordu,Province,6,456637,227830,228807,5022,2602,Ordu,5867.2,77.8,Natural Earth (calculated)
Asia,Turkey,Osmaniye,Province,2,273085,136250,136835,3004,1556,Osmaniye,2910.7,93.8,Natural Earth (calculated)
Asia,Turkey,Rize Province,Province,3,212349,105948,106401,2336,1210,Rize,3778.0,56.2,Natural Earth (calculated)
Asia,Turkey,Sakarya,Province,9,501605,250267,251338,5518,2859,Adapazarı,4256.7,117.8,Natural Earth (calculated)
Asia,Turkey,Samsun,Province,7,629731,314193,315538,6927,3590,Samsun,9468.6,66.5,Natural Earth (calculated)
Asia,Turkey,Siirt,Province,2,146148,72918,73230,1607,833,Siirt,6465.4,22.6,Natural Earth (calculated)
Asia,Turkey,Sinop,Province,2,62551,31209,31342,688,357,Sinop,6224.8,10.0,Natural Earth (calculated)
Asia,Turkey,Sivas,Province,4,330558,164925,165633,3636,1884,Sivas,28116.8,11.8,Natural Earth (calculated)
Asia,Turkey,Tekirdağ,Province,5,456319,227671,228648,5020,2601,Çorlu,6993.9,65.2,Natural Earth (calculated)
Asia,Turkey,Tokat Province,Province,5,398316,198731,199585,4382,2269,Tokat,9413.1,42.3,Natural Earth (calculated)
Asia,Turkey,Trabzon,Province,9,481728,240348,241380,5298,2746,Trabzon,5006.4,96.2,Natural Earth (calculated)
Asia,Turkey,Tunceli,Province,2,119527,59636,59891,1315,681,Akçapınar,7902.6,15.1,Natural Earth (calculated)
Asia,Turkey,Uşak,Province,2,386513,192843,193670,4252,2203,Uşak,4447.8,86.9,Natural Earth (calculated)
Asia,Turkey,Van,Province,2,616931,307805,309126,6786,3517,Van,19473.0,31.7,Natural Earth (calculated)
Asia,Turkey,Yalova,Province,1,71289,35568,35721,784,406,Yalova,687.8,103.6,Natural Earth (calculated)
Asia,Turkey,Yozgat,Province,4,209085,104318,104767,2300,1191,Yozgat,13764.8,15.2,Natural Earth (calculated)
Asia,Turkey,Zonguldak Province,Province,5,257819,128634,129185,2836,1469,Zonguldak,3264.4,79.0,Natural Earth (calculated)
Asia,Turkey,Çankırı,Province,2,108366,54067,54299,1192,617,Çankırı,7680.6,14.1,Natural Earth (calculated)
Asia,Turkey,Çorum,Province,5,390412,194789,195623,4295,2226,Çorum,12518.5,31.2,Natural Earth (calculated)
Asia,Turkey,İzmir Province,Province,26,5468581,2728438,2740143,60157,31171,İzmir,12898.0,424.0,Natural Earth (calculated)
Asia,Turkey,Şanlıurfa,Province,9,1026609,512207,514402,11293,5851,Şanlıurfa,19934.4,51.5,Natural Earth (calculated)
Asia,Turkey,Şırnak,Province,4,339308,169291,170017,3732,1934,Cizre,6410.7,52.9,Natural Earth (calculated)
Asia,Turkmenistan,Ahal,Province,7,271175,133178,137997,5669,1581,Tejen,100509.7,2.7,Natural Earth (calculated)
Asia,Turkmenistan,Ashgabat,Province,2,1048211,514787,533424,21913,6117,Ashgabat,765.0,1370.2,Wikidata
Asia,Turkmenistan,Balkan,Province,7,313951,154183,159768,6564,1832,Türkmenbaşy,118612.8,2.6,Natural Earth (calculated)
Asia,Turkmenistan,Dasoguz,Province,7,379492,186374,193118,7933,2215,Daşoguz,73180.5,5.2,Natural Earth (calculated)
Asia,Turkmenistan,Lebap,Province,6,368172,180812,187360,7695,2149,Türkmenabat,93283.4,3.9,Natural Earth (calculated)
Asia,Turkmenistan,Mary,Province,6,325036,159628,165408,6794,1897,Mary,85264.0,3.8,Natural Earth (calculated)
Asia,United Arab Emirates,Abu Dhabi,Emirate,9,3298152,2103297,1194855,32383,3206,Abu Dhabi,59354.3,55.6,Natural Earth (calculated)
Asia,United Arab Emirates,Ajman,Emirate,4,621035,396046,224989,6098,603,Ajman,150.3,4132.0,Natural Earth (calculated)
Asia,United Arab Emirates,Dubai,Emirate,36,6204998,3957050,2247948,60927,6032,Dubai,3870.1,1603.3,Natural Earth (calculated)
Asia,United Arab Emirates,Fujairah,Emirate,5,308638,196826,111812,3031,301,Fujairah,1705.4,181.0,Natural Earth (calculated)
Asia,United Arab Emirates,Ras Al Khaimah,Emirate,1,351943,224441,127502,3456,342,Ras Al Khaimah,2567.4,137.1,Natural Earth (calculated)
Asia,United Arab Emirates,Sharjah,Emirate,7,2087358,1331151,756207,20495,2030,Sharjah,2583.7,807.9,Natural Earth (calculated)
Asia,United Arab Emirates,Umm Al Quwain,Emirate,1,59098,37688,21410,580,57,Umm Al Quwain City,750.6,78.7,Natural Earth (calculated)
Asia,Uzbekistan,Andijan Region,Region,14,1191666,601217,590449,30455,7191,Andijon,4309.3,276.5,Natural Earth (calculated)
Asia,Uzbekistan,Bukhara,Region,7,479501,241917,237584,12255,2894,Bukhara,40173.7,11.9,Natural Earth (calculated)
Asia,Uzbekistan,Fergana,Region,11,1176902,593771,583131,30077,7101,Fergana,7286.3,161.5,Natural Earth (calculated)
Asia,Uzbekistan,Jizzakh Region,Region,7,332017,167510,164507,8486,2002,Jizzax,20873.2,15.9,Natural Earth (calculated)
Asia,Uzbekistan,Karakalpakstan,Automonous Region,7,687710,346963,340747,17576,4149,Nukus,165299.5,4.2,Natural Earth (calculated)
Asia,Uzbekistan,Namangan,Region,11,1128944,569575,559369,28853,6811,Namangan,7638.8,147.8,Natural Earth (calculated)
Asia,Uzbekistan,Navoiy Region,Region,3,193458,97604,95854,4943,1168,Navoiy,110059.8,1.8,Natural Earth (calculated)
Asia,Uzbekistan,Qashqadaryo,Region,8,623556,314595,308961,15937,3763,Qarshi,29156.4,21.4,Natural Earth (calculated)
Asia,Uzbekistan,Samarqand Region,Region,8,881606,444788,436818,22530,5319,Samarkand,16511.8,53.4,Natural Earth (calculated)
Asia,Uzbekistan,Sirdaryo Region,Region,3,163398,82438,80960,4176,986,Guliston,4835.9,33.8,Natural Earth (calculated)
Asia,Uzbekistan,Surxondaryo Region,Region,4,313034,157932,155102,8000,1889,Tirmiz,19416.2,16.1,Natural Earth (calculated)
Asia,Uzbekistan,Tashkent,Region,5,2727828,1376244,1351584,69714,16459,Tashkent,242.7,11239.5,Natural Earth (calculated)
Asia,Uzbekistan,Tashkent Region,Region,17,1026887,518087,508800,26244,6196,Angren,14929.0,68.8,Natural Earth (calculated)
Asia,Uzbekistan,Xorazm Region,Region,7,390093,196809,193284,9970,2353,Urganch,7097.6,55.0,Natural Earth (calculated)
Asia,Vietnam,(Not specified),Province,1,132000,64647,67353,1772,877,Quận Đức Thịnh,,,
Asia,Vietnam,An Giang,Region,18,2060651,1009203,1051448,27661,13694,Rạch Giá,6450.5,319.5,Natural Earth (calculated)
Asia,Vietnam,Bac Ninh,Province,7,1416713,693837,722876,19017,9416,Bắc Giang,4224.9,335.3,Natural Earth (calculated)
Asia,Vietnam,Ca Mau,Province,13,886571,434199,452372,11901,5891,Cà Mau,,,
Asia,Vietnam,Can Tho City,Province,17,3127272,1531582,1595690,41977,20785,Cần Thơ,,,
Asia,Vietnam,Cao Bằng Province,Province,3,111707,54709,56998,1500,743,Cao Bằng,6206.9,18.0,Natural Earth (calculated)
Asia,Vietnam,Da Nang City,Province,14,2535972,1241990,1293982,34040,16853,Da Nang,,,
Asia,Vietnam,Dak Lak,Province,9,924332,452692,471640,12408,6143,Buôn Ma Thuột,4712,196.2,Natural Earth (calculated)
Asia,Vietnam,Dong Nai,Province,8,2085796,1021517,1064279,27998,13862,Biên Hòa,2556.9,815.8,Natural Earth (calculated)
Asia,Vietnam,Dong Thap,Province,8,1142510,559545,582965,15337,7592,Mỹ Tho,1537.5,743.1,Natural Earth (calculated)
Asia,Vietnam,Gia Lai,Province,5,1058487,518395,540092,14208,7035,Qui Nhon,,,
Asia,Vietnam,Hai Phong,Province,6,3286458,1609543,1676915,44115,21842,Haiphong,,,
Asia,Vietnam,Hanoi,Province,59,13872804,6794209,7078595,186213,92202,Hanoi,6908.2,2008.2,Natural Earth (calculated)
Asia,Vietnam,Ho Chi Minh City (HCMC),Province,31,20671360,10123799,10547561,277475,137381,Ho Chi Minh City,1726.8,11970.9,Natural Earth (calculated)
Asia,Vietnam,Hà Tĩnh Province,Region,4,472452,231383,241069,6342,3140,Hà Tĩnh,6290.4,75.1,Natural Earth (calculated)
Asia,Vietnam,Hưng Yên Province,Province,5,351745,172268,179477,4722,2338,Hưng Yên,4228.8,83.2,Natural Earth (calculated)
Asia,Vietnam,Khanh Hoa,Province,6,1209671,592437,617234,16237,8039,Nha Trang,,,
Asia,Vietnam,Lai Châu Province,Province,1,42973,21046,21927,577,286,Lai Châu,5886.1,7.3,Natural Earth (calculated)
Asia,Vietnam,Lam Dong,Province,11,1315954,644489,671465,17662,8747,Ðà Lạt,6111.1,215.3,Natural Earth (calculated)
Asia,Vietnam,Lao Cai,Province,4,332308,162748,169560,4461,2208,Lào Cai,,,
Asia,Vietnam,Lạng Sơn Province,City|Municipality|Thanh Pho,3,244630,119808,124822,3284,1626,Lạng Sơn,9533.4,25.7,Natural Earth (calculated)
Asia,Vietnam,Nghệ An Province,Province,8,1156373,566334,590039,15522,7685,Vinh,17048.6,67.8,Natural Earth (calculated)
Asia,Vietnam,Ninh Binh,Province,3,621743,304498,317245,8346,4132,Nam Định,2202.1,282.3,Natural Earth (calculated)
Asia,Vietnam,Phu Tho,Province,6,926726,453864,472862,12439,6159,Việt Trì,,,
Asia,Vietnam,Quang Ngai,Province,6,710131,347786,362345,9533,4718,Quảng Ngãi,,,
Asia,Vietnam,Quang Tri,Province,7,537544,263264,274280,7215,3571,Ðông Hà,3312.4,162.3,Natural Earth (calculated)
Asia,Vietnam,Quảng Ninh,Province,10,1175781,575840,599941,15784,7813,Hạ Long,5316.5,221.2,Natural Earth (calculated)
Asia,Vietnam,Sơn La Province,Region,4,297829,145862,151967,3999,1979,Thị Trấn Thuận Châu,14618.7,20.4,Natural Earth (calculated)
Asia,Vietnam,Tay Ninh,Province,8,946518,463557,482961,12705,6291,Tân An,935.7,1011.6,Natural Earth (calculated)
Asia,Vietnam,Thai Nguyen,Province,5,1003948,491683,512265,13477,6672,Thái Nguyên,,,
Asia,Vietnam,Thanh Hóa Province,Province,8,1484847,727204,757643,19932,9868,Thanh Hóa,11002.6,135.0,Natural Earth (calculated)
Asia,Vietnam,Thừa Thiên Huế Province,Province,4,1662796,814355,848441,22320,11050,Huế,10950.5,151.8,Natural Earth (calculated)
Asia,Vietnam,Tuyen Quang,Province,4,294966,144459,150507,3960,1960,Bắc Quang,,,
Asia,Vietnam,Vinh Long,Province,5,587452,287705,299747,7885,3903,Trà Vinh,1359.0,432.3,Natural Earth (calculated)
Asia,Vietnam,Điện Biên Province,Province,2,105122,51483,53639,1412,699,Dien Bien Phu,11765.8,8.9,Natural Earth (calculated)
Asia,Yemen,Abyan Governorate,Governorate,1,19879,10072,9807,683,94,Zinjibār,17046.9,1.2,Natural Earth (calculated)
Asia,Yemen,Aden,Governorate,1,1079670,547026,532644,37096,5111,Aden,548.1,1969.8,Natural Earth (calculated)
Asia,Yemen,Al Bayda,Governorate,1,37821,19162,18659,1299,179,Al Bayda,9133.4,4.1,Natural Earth (calculated)
Asia,Yemen,Al Hudaydah,Governorate,4,869711,440648,429063,29883,4117,Al Ḩudaydah,14587.8,59.6,Natural Earth (calculated)
Asia,Yemen,Al Jawf,Governorate,1,18241,9242,8999,627,86,Al Ḩazm,38761.6,0.5,Natural Earth (calculated)
Asia,Yemen,Amanat Alasimah,Governorate,1,1937451,981629,955822,66569,9172,Sanaa,391.5,4948.8,Natural Earth (calculated)
Asia,Yemen,Dhamār,Governorate,1,160114,81123,78991,5501,758,Dhamār,7697.8,20.8,Natural Earth (calculated)
Asia,Yemen,Ibb Governorate,Governorate,3,842561,426892,415669,28950,3988,Ibb,5328.3,158.1,Natural Earth (calculated)
Asia,Yemen,Laḩij,Governorate,1,23375,11843,11532,803,111,Laḩij,12328.9,1.9,Natural Earth (calculated)
Asia,Yemen,Ma’rib,Governorate,1,16794,8509,8285,577,80,Ma'rib,17089.2,1.0,Natural Earth (calculated)
Asia,Yemen,Muhafazat Hadramaout,Governorate,2,616210,312209,304001,21172,2917,Mukalla,167837.9,3.7,Natural Earth (calculated)
Asia,Yemen,Omran,Governorate,1,90792,46001,44791,3120,430,‘Amrān,7851.3,11.6,Natural Earth (calculated)
Asia,Yemen,Sanaa Governorate,Governorate,2,101263,51306,49957,3480,480,Sayyān,11651.8,8.7,Natural Earth (calculated)
Asia,Yemen,Shabwah,Governorate,1,37315,18906,18409,1282,177,Ataq,38220.7,1.0,Natural Earth (calculated)
Asia,Yemen,Ta‘izz,Governorate,2,957394,485073,472321,32895,4533,Taiz,10395.6,92.1,Natural Earth (calculated)
Asia,Yemen,Şa‘dah,Governorate,1,51870,26280,25590,1782,246,Sa'dah,13444.4,3.9,Natural Earth (calculated)
Asia,Yemen,Ḩajjah,Governorate,1,43549,22065,21484,1496,206,Ḩajjah,8902.8,4.9,Natural Earth (calculated)
Europe,Aland Islands,Mariehamn,First-level division,1,10682,0,0,0,0,Mariehamn,,,
Europe,Albania,Berat County,County,2,93309,46115,47194,945,789,Berat,1820.0,51.3,Natural Earth (calculated)
Europe,Albania,Dibër County,County,1,26826,13258,13568,272,227,Bulqizë,2412.0,11.1,Natural Earth (calculated)
Europe,Albania,Durrës County,County,4,285087,140893,144194,2889,2411,Durrës,805.6,353.9,Natural Earth (calculated)
Europe,Albania,Elbasan County,County,3,140795,69582,71213,1426,1190,Elbasan,3244.0,43.4,Natural Earth (calculated)
Europe,Albania,Fier County,County,5,219106,108284,110822,2220,1853,Lushnjë,1821.9,120.3,Natural Earth (calculated)
Europe,Albania,Gjirokastër County,County,1,23437,11583,11854,237,198,Gjirokastër,2889.3,8.1,Natural Earth (calculated)
Europe,Albania,Korçë County,County,2,104329,51560,52769,1057,883,Korçë,3589.7,29.1,Natural Earth (calculated)
Europe,Albania,Kukës County,County,1,36125,17853,18272,366,306,Kukës,2310.3,15.6,Natural Earth (calculated)
Europe,Albania,Lezhë County,County,1,18695,9239,9456,189,158,Lezhë,1627.0,11.5,Natural Earth (calculated)
Europe,Albania,Shkodër County,County,1,95553,47223,48330,968,808,Shkodër,3593.8,26.6,Natural Earth (calculated)
Europe,Albania,Tirana,County,2,448507,221656,226851,4544,3793,Tirana,1630.7,275.0,Natural Earth (calculated)
Europe,Albania,Vlorë County,County,2,137874,68139,69735,1397,1166,Vlorë,2591.7,53.2,Natural Earth (calculated)
Europe,Andorra,Andorra la Vella,First-level division,1,20430,10439,9991,140,125,Andorra la Vella,14.5,1409.0,Natural Earth (calculated)
Europe,Andorra,Escaldes-Engordany,First-level division,1,15853,8100,7753,109,97,les Escaldes,66.2,239.5,Natural Earth (calculated)
Europe,Austria,Burgenland,State,1,54353,26769,27584,457,522,Eisenzicken,3982.9,13.6,Natural Earth (calculated)
Europe,Austria,Carinthia,State,5,224553,110595,113958,1887,2155,Klagenfurt am Wörthersee,9646.2,23.3,Natural Earth (calculated)
Europe,Austria,Lower Austria,State,8,176084,86723,89361,1479,1688,Wiener Neustadt,19098.9,9.2,Natural Earth (calculated)
Europe,Austria,Salzburg,State,2,174035,85714,88321,1462,1671,Salzburg,7205.5,24.2,Natural Earth (calculated)
Europe,Austria,Styria,State,11,523985,258069,265916,4402,5031,Graz,16439.7,31.9,Natural Earth (calculated)
Europe,Austria,Tyrol,State,5,233495,114998,118497,1961,2241,Innsbruck,12721.9,18.4,Natural Earth (calculated)
Europe,Austria,Upper Austria,State,5,303630,149541,154089,2551,2915,Linz,11885.7,25.5,Natural Earth (calculated)
Europe,Austria,Vienna,State,23,3417161,1682986,1734175,28706,32804,Vienna,409.9,8336.6,Natural Earth (calculated)
Europe,Austria,Vorarlberg,State,6,166744,82124,84620,1401,1601,Dornbirn,2602.4,64.1,Natural Earth (calculated)
Europe,Belarus,Brest,Region,9,801093,373220,427873,5633,10523,Brest,32942.2,24.3,Natural Earth (calculated)
Europe,Belarus,Grodnenskaya,Region,9,666294,310422,355872,4683,8754,Hrodna,25174.8,26.5,Natural Earth (calculated)
Europe,Belarus,Homyel’ Voblasc’,Region,9,910394,424143,486251,6401,11959,Homyel',40674.7,22.4,Natural Earth (calculated)
Europe,Belarus,Minsk,Municipality,15,641566,298897,342669,4513,8427,Barysaw,39458.3,16.3,Natural Earth (calculated)
Europe,Belarus,Minsk City,Region,1,1742124,811638,930486,12249,22885,Minsk,606.6,2871.9,Natural Earth (calculated)
Europe,Belarus,Mogilev,Region,6,655038,305176,349862,4606,8605,Mahilyow,28730.9,22.8,Natural Earth (calculated)
Europe,Belarus,Vitebsk,Region,7,688901,320952,367949,4844,9049,Vitebsk,39911.6,17.3,Natural Earth (calculated)
Europe,Belgium,Brussels Capital,Capital Region,18,2043045,1007896,1035149,18796,19409,Brussels,164.5,12419.7,Natural Earth (calculated)
Europe,Belgium,Flanders,Province,145,4946581,2440296,2506285,45504,46995,Antwerp,13522.0,365.8,Wikidata
Europe,Belgium,Wallonia,Province,60,2048680,1010676,1038004,18849,19461,Charleroi,16844.0,121.6,Wikidata
Europe,Bosnia and Herzegovina,Brčko,Entity,1,38968,18557,20411,301,527,Brčko,153.5,253.9,Natural Earth (calculated)
Europe,Bosnia and Herzegovina,Federation of B&H,Entity,17,1511272,719698,791574,11666,20436,Sarajevo,26110.5,57.9,Wikidata
Europe,Bosnia and Herzegovina,Srpska,Entity,5,355558,169324,186234,2745,4808,Banja Luka,24857.0,14.3,Wikidata
Europe,Bulgaria,Blagoevgrad,Province,4,147564,71401,76163,1225,2302,Blagoevgrad,6704.8,22.0,Natural Earth (calculated)
Europe,Bulgaria,Burgas,Province,3,251341,121613,129728,2086,3920,Burgas,7648.7,32.9,Natural Earth (calculated)
Europe,Bulgaria,Dobrich,Province,1,69434,33596,35838,576,1083,Dobrich,4658.8,14.9,Natural Earth (calculated)
Europe,Bulgaria,Gabrovo,Province,2,72715,35184,37531,604,1134,Gabrovo,2072.1,35.1,Natural Earth (calculated)
Europe,Bulgaria,Haskovo,Province,4,138469,67000,71469,1150,2160,Haskovo,4028.0,34.4,Natural Earth (calculated)
Europe,Bulgaria,Kardzhali,Province,1,44071,21324,22747,366,688,Kardzhali,4073.9,10.8,Natural Earth (calculated)
Europe,Bulgaria,Kyustendil,Province,2,81620,39493,42127,678,1273,Kyustendil,3174.8,25.7,Natural Earth (calculated)
Europe,Bulgaria,Lovech,Province,2,49072,23744,25328,408,765,Lovech,4134.4,11.9,Natural Earth (calculated)
Europe,Bulgaria,Montana,Province,3,81065,39224,41841,673,1264,Montana,3840.3,21.1,Natural Earth (calculated)
Europe,Bulgaria,Pazardzhik,Province,4,113571,54954,58617,942,1770,Pazardzhik,4311.2,26.3,Natural Earth (calculated)
Europe,Bulgaria,Pernik,Province,1,82467,39902,42565,684,1286,Pernik,2402.2,34.3,Natural Earth (calculated)
Europe,Bulgaria,Pleven,Province,1,90209,43649,46560,749,1407,Pleven,4434.7,20.3,Natural Earth (calculated)
Europe,Bulgaria,Plovdiv,Province,5,447389,216474,230915,3714,6979,Plovdiv,5566.3,80.4,Natural Earth (calculated)
Europe,Bulgaria,Razgrad,Province,1,28931,13999,14932,240,451,Razgrad,2581.9,11.2,Natural Earth (calculated)
Europe,Bulgaria,Ruse,Province,1,121168,58628,62540,1006,1890,Ruse,2837.1,42.7,Natural Earth (calculated)
Europe,Bulgaria,Shumen,Province,1,72342,35003,37339,600,1129,Shumen,3359.7,21.5,Natural Earth (calculated)
Europe,Bulgaria,Silistra,Province,1,29498,14273,15225,245,460,Silistra,3059.7,9.6,Natural Earth (calculated)
Europe,Bulgaria,Sliven,Province,2,107365,51949,55416,891,1675,Sliven,3572.7,30.1,Natural Earth (calculated)
Europe,Bulgaria,Smolyan,Province,1,30689,14849,15840,255,479,Smolyan,3654.9,8.4,Natural Earth (calculated)
Europe,Bulgaria,Sofia,Province,2,47674,23068,24606,396,744,Samokov,7107.0,6.7,Natural Earth (calculated)
Europe,Bulgaria,Sofia-Capital,Province,1,1152556,557676,594880,9566,17980,Sofia,1244.3,926.3,Natural Earth (calculated)
Europe,Bulgaria,Stara Zagora,Province,3,184609,89326,95283,1532,2881,Stara Zagora,4861.1,38.0,Natural Earth (calculated)
Europe,Bulgaria,Targovishte,Province,2,51364,24853,26511,427,802,Targovishte,2722.7,18.9,Natural Earth (calculated)
Europe,Bulgaria,Varna,Province,2,345737,167288,178449,2870,5393,Varna,3924.8,88.1,Natural Earth (calculated)
Europe,Bulgaria,Veliko Tarnovo,Province,3,122115,59087,63028,1013,1905,Veliko Tŭrnovo,4739.0,25.8,Natural Earth (calculated)
Europe,Bulgaria,Vidin,Province,1,34797,16837,17960,289,543,Vidin,3245.3,10.7,Natural Earth (calculated)
Europe,Bulgaria,Vratsa,Province,1,49569,23984,25585,411,773,Vratsa,4410.1,11.2,Natural Earth (calculated)
Europe,Bulgaria,Yambol,Province,1,63656,30801,32855,528,993,Yambol,4390.2,14.5,Natural Earth (calculated)
Europe,Croatia,Bjelovar-Bilogora,County,1,24392,11771,12621,202,322,Bjelovar,2672.6,9.1,Natural Earth (calculated)
Europe,Croatia,Brod-Posavina,County,1,45005,21718,23287,374,594,Slavonski Brod,4235.7,10.6,Natural Earth (calculated)
Europe,Croatia,County of Osijek-Baranja,County,3,92473,44624,47849,768,1221,Osijek,3581.7,25.8,Natural Earth (calculated)
Europe,Croatia,Dubrovnik-Neretva,County,1,26922,12992,13930,223,355,Dubrovnik,1444.9,18.6,Natural Earth (calculated)
Europe,Croatia,Istria,County,1,52220,25200,27020,433,689,Pula,2776.1,18.8,Natural Earth (calculated)
Europe,Croatia,Karlovac,County,1,41869,20205,21664,348,553,Karlovac,3294.2,12.7,Natural Earth (calculated)
Europe,Croatia,Koprivnica-Križevci,County,1,22262,10743,11519,185,294,Koprivnica,1674.2,13.3,Natural Earth (calculated)
Europe,Croatia,Međimurje,County,1,15078,7276,7802,125,199,Čakovec,810.3,18.6,Natural Earth (calculated)
Europe,Croatia,Požega-Slavonia,County,1,16867,8140,8727,140,223,Požega,1823.0,9.3,Wikidata
Europe,Croatia,Primorje-Gorski Kotar,County,1,107964,52100,55864,896,1425,Rijeka,3392.5,31.8,Natural Earth (calculated)
Europe,Croatia,Sisak-Moslavina,County,1,27859,13444,14415,231,368,Sisak,5064.1,5.5,Natural Earth (calculated)
Europe,Croatia,Split-Dalmatia,County,2,170826,82435,88391,1418,2255,Split,4200.9,40.7,Natural Earth (calculated)
Europe,Croatia,Varaždin,County,1,36187,17463,18724,300,478,Varaždin,1190.1,30.4,Natural Earth (calculated)
Europe,Croatia,Vukovar-Srijem,County,2,50366,24306,26060,418,665,Vinkovci,2348.3,21.4,Natural Earth (calculated)
Europe,Croatia,Zadar,County,1,67309,32481,34828,559,888,Zadar,6068.3,11.1,Natural Earth (calculated)
Europe,Croatia,Zagreb,City,3,755905,364777,391128,6274,9977,Zagreb,704.3,1073.3,Natural Earth (calculated)
Europe,Croatia,Zagreb County,County,3,65715,31712,34003,545,867,Velika Gorica,2679.4,24.5,Natural Earth (calculated)
Europe,Croatia,Šibenik-Knin,County,1,31115,15015,16100,258,411,Šibenik,1761.8,17.7,Natural Earth (calculated)
Europe,Cyprus,Ammochostos,First-level division,3,83258,41938,41320,876,584,Famagusta,194.8,427.4,Natural Earth (calculated)
Europe,Cyprus,Keryneia,First-level division,1,26701,13450,13251,281,187,Kyrenia,643.9,41.5,Wikidata
Europe,Cyprus,Larnaka,District,2,94934,47819,47115,998,666,Larnaca,936.0,101.4,Natural Earth (calculated)
Europe,Cyprus,Limassol,District,3,194556,98000,96556,2046,1365,Limassol,1272.3,152.9,Natural Earth (calculated)
Europe,Cyprus,Nicosia,District,5,353969,178297,175672,3723,2483,Nicosia,1967.9,179.9,Natural Earth (calculated)
Europe,Cyprus,Pafos,District,1,35961,18114,17847,378,252,Paphos,1365.1,26.3,Natural Earth (calculated)
Europe,Czechia,Carlsbad Region,Region,4,115915,57168,58747,892,1195,Karlovy Vary,3284.6,35.3,Natural Earth (calculated)
Europe,Czechia,Central Bohemia,Region,16,400472,197503,202969,3083,4126,Kladno,10906.4,36.7,Natural Earth (calculated)
Europe,Czechia,Hradec Králové Region,Region,5,172564,85105,87459,1330,1777,Hradec Králové,4760.3,36.3,Natural Earth (calculated)
Europe,Czechia,Liberec Region,Region,3,185524,91496,94028,1429,1911,Liberec,3198.3,58.0,Natural Earth (calculated)
Europe,Czechia,Moravian-Silesian Region,Region,13,720829,355499,365330,5551,7424,Ostrava,5618.5,128.3,Natural Earth (calculated)
Europe,Czechia,Olomouc Region,Region,5,229902,113383,116519,1771,2367,Olomouc,4955.1,46.4,Natural Earth (calculated)
Europe,Czechia,Pardubice Region,Region,3,128223,63237,64986,988,1321,Pardubice,4384.8,29.2,Natural Earth (calculated)
Europe,Czechia,Plzeň Region,Region,2,210784,103954,106830,1623,2171,Pilsen,7856.3,26.8,Natural Earth (calculated)
Europe,Czechia,Prague,Region,31,2043990,1008055,1035935,15741,21051,Prague,516.8,3955.1,Natural Earth (calculated)
Europe,Czechia,South Bohemian Region,Region,5,201411,99333,102078,1551,2074,České Budějovice,9979.6,20.2,Natural Earth (calculated)
Europe,Czechia,South Moravian,Region,12,727676,358875,368801,5603,7495,Brno,7091.3,102.6,Natural Earth (calculated)
Europe,Czechia,Vysocina,Region,5,144643,71336,73307,1114,1490,Jihlava,6958.0,20.8,Natural Earth (calculated)
Europe,Czechia,Zlín,Region,8,224041,110493,113548,1725,2309,Zlín,3932.2,57.0,Natural Earth (calculated)
Europe,Czechia,Ústí nad Labem Region,Region,11,418591,206440,212151,3224,4312,Ústí nad Labem,5316.6,78.7,Natural Earth (calculated)
Europe,Denmark,Capital Region,Region,28,2021510,1004892,1016618,19207,19207,Copenhagen,2529.8,799.1,Natural Earth (calculated)
Europe,Denmark,Central Jutland,Region,11,697434,346694,350740,6626,6626,Århus,13190.9,52.9,Natural Earth (calculated)
Europe,Denmark,North Denmark,Region,4,216084,107415,108669,2053,2053,Aalborg,7920.7,27.3,Natural Earth (calculated)
Europe,Denmark,South Denmark,Region,12,558997,277877,281120,5310,5310,Odense,11879.0,47.1,Natural Earth (calculated)
Europe,Denmark,Zealand,Region,12,391647,194687,196960,3721,3721,Klinteby Frihed,7176.1,54.6,Natural Earth (calculated)
Europe,Estonia,Harjumaa,County,10,868097,413222,454875,6165,9983,Tallinn,4504.3,192.7,Natural Earth (calculated)
Europe,Estonia,Ida-Virumaa,County,2,89804,42747,47057,637,1033,Narva,3907.3,23.0,Natural Earth (calculated)
Europe,Estonia,Pärnumaa,County,1,40228,19149,21079,286,463,Pärnu,4865.2,8.3,Natural Earth (calculated)
Europe,Estonia,Tartu,County,1,91407,43511,47896,649,1051,Tartu,3710.6,24.6,Natural Earth (calculated)
Europe,Estonia,Viljandimaa,County,1,17407,8286,9121,124,200,Viljandi,3643.8,4.8,Natural Earth (calculated)
Europe,Faroe Islands,Streymoy,First-level division,1,13200,6815,6385,143,108,Tórshavn,373.5,35.3,Wikidata
Europe,Finland,Central Finland,Province,4,204443,101097,103346,1594,2126,Jyväskylä,19394.1,10.5,Natural Earth (calculated)
Europe,Finland,Central Ostrobothnia,Province,1,48361,23915,24446,377,503,Kokkola,5328.6,9.1,Natural Earth (calculated)
Europe,Finland,Kainuu,Province,1,36458,18028,18430,284,379,Kajaani,24473.9,1.5,Natural Earth (calculated)
Europe,Finland,Kanta-Häme,Region,4,129446,64012,65434,1010,1346,Hämeenlinna,5891.4,22.0,Natural Earth (calculated)
Europe,Finland,Kymenlaakso,Province,5,187202,92571,94631,1460,1948,Kouvola,5479.5,34.2,Natural Earth (calculated)
Europe,Finland,Lapland,Province,3,105934,52385,53549,826,1102,Rovaniemi,98273.1,1.1,Natural Earth (calculated)
Europe,Finland,North Karelia,Province,2,93490,46231,47259,730,972,Joensuu,21391.3,4.4,Natural Earth (calculated)
Europe,Finland,North Ostrobothnia,Province,4,272305,134655,137650,2124,2832,Oulu,36840.5,7.4,Natural Earth (calculated)
Europe,Finland,North Savo,Province,4,186778,92362,94416,1458,1942,Kuopio,19943.9,9.4,Natural Earth (calculated)
Europe,Finland,Ostrobothnia,Province,3,106663,52745,53918,832,1110,Vaasa,7316.3,14.6,Natural Earth (calculated)
Europe,Finland,Paijat-Hame,Province,5,198244,98031,100213,1546,2063,Lahti,6033.3,32.9,Natural Earth (calculated)
Europe,Finland,Pirkanmaa,Region,11,514691,254514,260177,4015,5353,Tampere,15050.8,34.2,Natural Earth (calculated)
Europe,Finland,Satakunta,Region,2,122066,60362,61704,952,1270,Pori,8404.9,14.5,Natural Earth (calculated)
Europe,Finland,South Karelia,Province,2,97490,48209,49281,761,1014,Lappeenranta,7309.9,13.3,Natural Earth (calculated)
Europe,Finland,South Ostrobothnia,Province,3,101388,50136,51252,791,1055,Seinäjoki,13996.7,7.2,Natural Earth (calculated)
Europe,Finland,South Savo,Province,3,100187,49542,50645,781,1041,Mikkeli,19173.9,5.2,Natural Earth (calculated)
Europe,Finland,Southwest Finland,Region,8,391678,193685,197993,3055,4073,Turku,9719.9,40.3,Natural Earth (calculated)
Europe,Finland,Uusimaa,Province,38,2368360,1171155,1197205,18472,24631,Helsinki,9037.3,262.1,Natural Earth (calculated)
Europe,France,Auvergne-Rhône-Alpes,Metropolitan department,69,3229382,1565602,1663780,31330,30357,Lyon,3473.3,929.8,Natural Earth (calculated)
Europe,France,Bourgogne-Franche-Comté,Metropolitan department,20,804396,389973,414423,7801,7559,Dijon,6045.7,133.1,Natural Earth (calculated)
Europe,France,Brittany,Metropolitan department,18,864151,418941,445210,8382,8122,Rennes,5241.5,164.9,Natural Earth (calculated)
Europe,France,Centre-Val de Loire,Metropolitan department,23,827495,401171,426324,8026,7778,Tours,9285.2,89.1,Natural Earth (calculated)
Europe,France,Corsica,Metropolitan department,2,95365,46233,49132,925,896,Ajaccio,235.5,404.9,Natural Earth (calculated)
Europe,France,Grand Est,Metropolitan department,40,1760674,853575,907099,17075,16552,Strasbourg,6747.7,260.9,Natural Earth (calculated)
Europe,France,Hauts-de-France,Metropolitan department,60,2221476,1076969,1144507,21546,20883,Lille,6293.4,353.0,Natural Earth (calculated)
Europe,France,New Aquitaine,Metropolitan department,43,1809101,877050,932051,17546,17005,Bordeaux,129.4,13980.7,Natural Earth (calculated)
Europe,France,Normandy,Metropolitan department,27,988834,479388,509446,9591,9295,Le Havre,5861.4,168.7,Natural Earth (calculated)
Europe,France,Occitanie,Metropolitan department,33,1916668,929201,987467,18593,18016,Toulouse,6210.3,308.6,Natural Earth (calculated)
Europe,France,Pays de la Loire,Metropolitan department,25,1273125,617212,655913,12348,11965,Nantes,6337.2,200.9,Natural Earth (calculated)
Europe,France,Provence-Alpes-Côte d'Azur,Metropolitan department,80,4254173,2062423,2191750,41268,39989,Marseille,233.8,18195.8,Natural Earth (calculated)
Europe,France,Île-de-France,Metropolitan department,252,13048987,6326151,6722836,126574,122662,Paris,6360.0,2051.7,Natural Earth (calculated)
Europe,Germany,Baden-Wurttemberg,State,136,6101726,3013153,3088573,49425,73831,Stuttgart,36123.3,168.9,Natural Earth (calculated)
Europe,Germany,Bavaria,State,116,5909234,2918097,2991137,47862,71504,Munich,70023.8,84.4,Natural Earth (calculated)
Europe,Germany,Brandenburg,State,38,1230220,607505,622715,9965,14885,Potsdam,30037.6,41.0,Natural Earth (calculated)
Europe,Germany,Bremen,State,4,732868,361905,370963,5937,8868,Bremen,385.7,1900.1,Natural Earth (calculated)
Europe,Germany,Hamburg,State,46,5256697,2595863,2660834,42583,63605,Hamburg,773.7,6794.2,Natural Earth (calculated)
Europe,Germany,Hesse,State,94,3898428,1925117,1973311,31576,47170,Frankfurt am Main,21012.4,185.5,Natural Earth (calculated)
Europe,Germany,Lower Saxony,State,119,4854214,2397113,2457101,39323,58732,Hannover,47595.8,102.0,Natural Earth (calculated)
Europe,Germany,Mecklenburg-Vorpommern,State,12,648992,320486,328506,5257,7854,Rostock,23207.6,28.0,Natural Earth (calculated)
Europe,Germany,North Rhine-Westphalia,State,302,18094088,8935224,9158864,146563,218945,Köln,34537.9,523.9,Natural Earth (calculated)
Europe,Germany,Rheinland-Pfalz,State,36,1619259,799623,819636,13114,19594,Mainz,20096.4,80.6,Natural Earth (calculated)
Europe,Germany,Saarland,State,25,761701,376145,385556,6171,9217,Saarbrücken,2654.2,287.0,Natural Earth (calculated)
Europe,Germany,Saxony,State,54,2665427,1316237,1349190,21591,32250,Dresden,18166.8,146.7,Natural Earth (calculated)
Europe,Germany,Saxony-Anhalt,State,30,1500793,741123,759670,12157,18160,Magdeburg,20665.2,72.6,Natural Earth (calculated)
Europe,Germany,Schleswig-Holstein,State,32,1338610,661033,677577,10844,16197,Kiel,15436.2,86.7,Natural Earth (calculated)
Europe,Germany,State of Berlin,State,69,6999003,3456253,3542750,56689,84688,Berlin,889.3,7870.2,Natural Earth (calculated)
Europe,Germany,Thuringia,State,27,1129422,557732,571690,9149,13664,Erfurt,16067.9,70.3,Natural Earth (calculated)
Europe,Gibraltar,(Not specified),First-level division,1,26544,13210,13334,324,175,Gibraltar,,,
Europe,Greece,Attica,Region,56,3390616,1642924,1747692,22382,41024,Athens,3797.8,892.8,Natural Earth (calculated)
Europe,Greece,Central Greece,Region,4,165033,79967,85066,1089,1996,Chalkída,15479.0,10.7,Natural Earth (calculated)
Europe,Greece,Central Macedonia,Region,23,1105847,535837,570010,7299,13382,Thessaloníki,19236.2,57.5,Natural Earth (calculated)
Europe,Greece,Crete,Region,3,223532,108312,115220,1475,2705,Irákleion,8314.7,26.9,Natural Earth (calculated)
Europe,Greece,East Macedonia and Thrace,Region,6,261902,126905,134997,1729,3168,Kavála,14078.3,18.6,Natural Earth (calculated)
Europe,Greece,Epirus,Region,3,104752,50757,53995,692,1267,Ioánnina,8718.9,12.0,Natural Earth (calculated)
Europe,Greece,Ionian Islands,Region,1,40047,19405,20642,264,485,Corfu,2239.1,17.9,Natural Earth (calculated)
Europe,Greece,North Aegean,Region,2,52275,25329,26946,345,633,Mytilene,3809.5,13.7,Natural Earth (calculated)
Europe,Greece,Peloponnese,Region,5,149285,72336,76949,985,1806,Kalamata,15523.8,9.6,Natural Earth (calculated)
Europe,Greece,South Aegean,Region,2,75372,36522,38850,497,912,Rhodes,5038.0,15.0,Natural Earth (calculated)
Europe,Greece,Thessaly,Region,5,359300,174099,185201,2371,4348,Lárisa,14132.9,25.4,Natural Earth (calculated)
Europe,Greece,West Greece,Region,5,274517,133017,141500,1813,3321,Pátra,10936.4,25.1,Natural Earth (calculated)
Europe,Greece,West Macedonia,Region,3,84212,40805,43407,556,1019,Kozáni,9713.8,8.7,Natural Earth (calculated)
Europe,Guernsey,St Peter Port,First-level division,1,16488,0,0,0,0,Saint Peter Port,6.5,2536.6,Wikidata
Europe,Hungary,(Not specified),County,1,25300,12158,13142,207,339,Újszeged,,,
Europe,Hungary,Baranya,County,3,190982,91777,99205,1566,2560,Pécs,4570.8,41.8,Natural Earth (calculated)
Europe,Hungary,Bekes County,County,6,177936,85507,92429,1460,2383,Békéscsaba,5637.9,31.6,Natural Earth (calculated)
Europe,Hungary,Borsod-Abaúj-Zemplén,County,7,288086,138439,149647,2362,3861,Miskolc,6743.5,42.7,Natural Earth (calculated)
Europe,Hungary,Budapest,Capital City,45,5736899,2756869,2980030,47044,76872,Budapest,538.4,10655.5,Natural Earth (calculated)
Europe,Hungary,Bács-Kiskun,County,6,241968,116277,125691,1985,3241,Kecskemét,8144.4,29.7,Natural Earth (calculated)
Europe,Hungary,Csongrád,County,5,276388,132819,143569,2266,3704,Szeged,4161.9,66.4,Natural Earth (calculated)
Europe,Hungary,Fejér,County,2,151684,72892,78792,1244,2032,Székesfehérvár,3950.1,38.4,Natural Earth (calculated)
Europe,Hungary,Győr-Moson-Sopron,County,3,221906,106637,115269,1819,2974,Győr,3801.0,58.4,Natural Earth (calculated)
Europe,Hungary,Hajdú-Bihar,County,6,310174,149054,161120,2544,4156,Debrecen,6269.3,49.5,Natural Earth (calculated)
Europe,Hungary,Heves County,County,3,107042,51439,55603,878,1434,Eger,3347.8,32.0,Natural Earth (calculated)
Europe,Hungary,Jász-Nagykun-Szolnok,County,5,163032,78345,84687,1337,2185,Szolnok,5245.6,31.1,Natural Earth (calculated)
Europe,Hungary,Komárom-Esztergom,County,5,156927,75412,81515,1286,2103,Tatabánya,2281.4,68.8,Natural Earth (calculated)
Europe,Hungary,Nógrád,County,1,34627,16640,17987,284,464,Salgótarján,2367.7,14.6,Natural Earth (calculated)
Europe,Hungary,Pest County,County,23,583429,280367,303062,4785,7816,Érd,6292.1,92.7,Natural Earth (calculated)
Europe,Hungary,Somogy County,County,2,87308,41956,45352,716,1170,Kaposvár,5838.1,15.0,Natural Earth (calculated)
Europe,Hungary,Szabolcs-Szatmár-Bereg,County,3,154597,74291,80306,1267,2072,Nyíregyháza,5370.9,28.8,Natural Earth (calculated)
Europe,Hungary,Tolna County,County,3,75560,36310,39250,619,1013,Szekszárd,3520.9,21.5,Natural Earth (calculated)
Europe,Hungary,Vas County,County,2,93368,44868,48500,766,1252,Szombathely,3303.3,28.3,Natural Earth (calculated)
Europe,Hungary,Veszprém,County,5,160221,76994,83227,1315,2147,Veszprém,4791.4,33.4,Natural Earth (calculated)
Europe,Hungary,Zala County,County,3,128899,61943,66956,1057,1726,Zalaegerszeg,3081.7,41.8,Natural Earth (calculated)
Europe,Iceland,Capital Region,Region,3,190483,97601,92882,2133,1295,Reykjavík,972.7,195.8,Natural Earth (calculated)
Europe,Iceland,Northeast,Region,1,19219,9848,9371,215,131,Akureyri,22340.8,0.9,Natural Earth (calculated)
Europe,Iceland,Southern Peninsula,Independent Town,2,35654,18268,17386,399,242,Reykjanesbær,881.6,40.4,Natural Earth (calculated)
Europe,Ireland,Connacht,Province,2,106518,52728,53790,1065,692,Galway,17788.0,6.0,Wikidata
Europe,Ireland,Leinster,Province,31,2069207,1024300,1044907,20693,13449,Dublin,19800.0,104.5,Wikidata
Europe,Ireland,Munster,Province,9,522484,258640,263844,5225,3397,Cork,24607.5,21.2,Wikidata
Europe,Ireland,Ulster,Province,1,22549,11162,11387,225,147,Letterkenny,21432.2,1.1,Wikidata
Europe,Isle of Man,Douglas,First-level division,1,26218,12974,13244,217,279,Douglas,,,
Europe,Italy,Abruzzo,Province,14,538142,263195,274947,3390,5920,Pescara,10831.8,49.7,Wikidata
Europe,Italy,Aosta Valley,Province,1,35261,17245,18016,222,388,Aosta,3296.1,10.7,Natural Earth (calculated)
Europe,Italy,Apulia,Province,63,2628439,1285518,1342921,16560,28913,Bari,19540.9,134.5,Wikidata
Europe,Italy,Basilicate,Province,2,116836,57142,59694,737,1285,Matera,10049.6,11.6,Natural Earth (calculated)
Europe,Italy,Calabria,Province,16,692161,338524,353637,4359,7614,Reggio Calabria,15221.9,45.5,Wikidata
Europe,Italy,Campania,Province,101,4511824,2206644,2305180,28426,49631,Naples,13671.0,330.0,Wikidata
Europe,Italy,Emilia-Romagna,Province,35,2293040,1121480,1171560,14446,25224,Bologna,22461.4,102.1,Natural Earth (calculated)
Europe,Italy,Friuli Venezia Giulia,Province,7,448108,219160,228948,2823,4931,Trieste,7323.1,61.2,Natural Earth (calculated)
Europe,Italy,Lazio,Province,54,4114515,2012328,2102187,25922,45258,Rome,17236.0,238.7,Wikidata
Europe,Italy,Liguria,Province,11,956287,467702,488585,6025,10519,Genoa,5422.0,176.4,Wikidata
Europe,Italy,Lombardy,Province,96,4766320,2331113,2435207,30024,52427,Milan,23920.0,199.3,Natural Earth (calculated)
Europe,Italy,Molise,Province,3,97219,47547,49672,613,1069,Campobasso,4438.0,21.9,Wikidata
Europe,Italy,Piedmont,Province,72,3840458,1878290,1962168,24193,42248,Turin,25453.7,150.9,Natural Earth (calculated)
Europe,Italy,Sardinia,Province,16,683690,334380,349310,4307,7520,Cagliari,23949.0,28.5,Wikidata
Europe,Italy,Sicily,Province,62,3180667,1555601,1625066,20039,34987,Palermo,25711.0,123.7,Wikidata
Europe,Italy,The Marches,Province,16,594979,290994,303985,3748,6547,Ancona,9434.1,63.1,Natural Earth (calculated)
Europe,Italy,Trentino-Alto Adige,Province,7,351609,171965,179644,2215,3870,Trento,13482.8,26.1,Natural Earth (calculated)
Europe,Italy,Tuscany,Province,39,2141826,1047526,1094300,13494,23561,Florence,22918.2,93.5,Natural Earth (calculated)
Europe,Italy,Umbria,Province,7,363183,177626,185557,2288,3995,Perugia,8456.0,42.9,Wikidata
Europe,Italy,Veneto,Province,39,1679102,821217,857885,10577,18469,Verona,18345.3,91.5,Wikidata
Europe,Jersey,St Helier,First-level division,1,28000,0,0,0,0,Saint Helier,,,
Europe,Kosovo,Ferizaj,First-level division,2,94504,46485,48019,1120,564,Ferizaj,1030.0,91.8,Wikidata
Europe,Kosovo,Gjakova,First-level division,3,166707,81999,84708,1976,996,Gjakovë,1129.0,147.7,Wikidata
Europe,Kosovo,Gjilan,First-level division,2,98871,48632,50239,1172,590,Gjilan,1206.0,82.0,Wikidata
Europe,Kosovo,Mitrovica,First-level division,4,173696,85438,88258,2058,1037,Mitrovicë,2077.0,83.6,Wikidata
Europe,Kosovo,Pec,First-level division,2,88962,43758,45204,1054,531,Pejë,607.5,146.4,Natural Earth (calculated)
Europe,Kosovo,Pristina,First-level division,4,659733,324510,335223,7819,3940,Pristina,2470.0,267.1,Wikidata
Europe,Kosovo,Prizren,First-level division,4,298556,146854,151702,3538,1783,Prizren,1397.0,213.7,Wikidata
Europe,Latvia,Cēsis Municipality,Municipality,1,15020,6970,8050,104,215,Cēsis,172.6,87.0,Natural Earth (calculated)
Europe,Latvia,Daugavpils,Municipality,1,78126,36255,41871,539,1117,Daugavpils,1807.4,43.2,Natural Earth (calculated)
Europe,Latvia,Jelgava,Republican City,1,54834,25446,29388,378,784,Jelgava,73.7,744.0,Natural Earth (calculated)
Europe,Latvia,Jēkabpils Municipality,Municipality,1,21014,9752,11262,145,301,Jēkabpils,921.3,22.8,Natural Earth (calculated)
Europe,Latvia,Jūrmala,Republican City,1,52001,24132,27869,359,744,Jūrmala,118.0,440.7,Natural Earth (calculated)
Europe,Latvia,Liepaja,Republican City,1,67421,31287,36134,465,964,Liepāja,59.4,1135.0,Natural Earth (calculated)
Europe,Latvia,Mārupe,Municipality,1,19096,8862,10234,132,273,Mārupe,105.7,180.7,Natural Earth (calculated)
Europe,Latvia,Ogre,Municipality,1,22767,10565,12202,157,326,Ogre,1016.7,22.4,Natural Earth (calculated)
Europe,Latvia,Riga,Republican City,2,760171,352765,407406,5245,10871,Riga,318.1,2389.7,Natural Earth (calculated)
Europe,Latvia,Rēzekne,Republican City,1,26429,12265,14164,182,378,Rēzekne,37.1,712.4,Natural Earth (calculated)
Europe,Latvia,Salaspils Municipality,Municipality,1,17826,8272,9554,123,255,Salaspils,131.4,135.7,Natural Earth (calculated)
Europe,Latvia,Tukums Municipality,Municipality,1,16182,7509,8673,112,231,Tukums,1172.4,13.8,Natural Earth (calculated)
Europe,Latvia,Valmiera,Republican City,1,22812,10586,12226,157,326,Valmiera,23.3,979.1,Natural Earth (calculated)
Europe,Latvia,Ventspils,Republican City,1,32723,15185,17538,226,468,Ventspils,69.8,468.8,Natural Earth (calculated)
Europe,Liechtenstein,Vaduz,First-level division,1,5197,2583,2614,44,39,Vaduz,14.2,366.0,Natural Earth (calculated)
Europe,Lithuania,Alytus,County,1,49195,23232,25963,325,640,Alytus,5645.2,8.7,Natural Earth (calculated)
Europe,Lithuania,Kaunas,County,7,513803,242644,271159,3391,6680,Kaunas,8181.8,62.8,Natural Earth (calculated)
Europe,Lithuania,Klaipėda County,County,4,224181,105869,118312,1479,2915,Klaipėda,5377.8,41.7,Natural Earth (calculated)
Europe,Lithuania,Marijampolė County,County,1,34975,16517,18458,231,455,Marijampolė,4733.0,7.4,Natural Earth (calculated)
Europe,Lithuania,Panevėžys,County,1,85885,40559,45326,567,1117,Panevėžys,7740.7,11.1,Natural Earth (calculated)
Europe,Lithuania,Siauliai,County,2,115806,54689,61117,764,1505,Šiauliai,8554.5,13.5,Natural Earth (calculated)
Europe,Lithuania,Tauragė County,County,1,21203,10013,11190,140,276,Taurage,3831.2,5.5,Natural Earth (calculated)
Europe,Lithuania,Telsiai,County,3,72668,34317,38351,480,945,Mazeikiai,4021.0,18.1,Natural Earth (calculated)
Europe,Lithuania,Utena,County,2,43421,20506,22915,287,564,Utena,7050.6,6.2,Natural Earth (calculated)
Europe,Lithuania,Vilnius,County,14,941996,444858,497138,6218,12246,Vilnius,9803.4,96.1,Natural Earth (calculated)
Europe,Luxembourg,Esch-sur-Alzette,First-level division,2,54638,27511,27127,519,361,Esch-sur-Alzette,243.6,224.3,Wikidata
Europe,Luxembourg,Luxembourg,First-level division,1,76684,38611,38073,728,506,Luxembourg,239.3,320.5,Wikidata
Europe,Malta,Birkirkara,First-level division,1,24356,12648,11708,188,178,Birkirkara,2.4,10148.3,Natural Earth (calculated)
Europe,Malta,Il-Mosta,First-level division,1,23482,12194,11288,181,171,Mosta,6.3,3727.3,Natural Earth (calculated)
Europe,Malta,Qormi,First-level division,1,16801,8724,8077,129,123,Qormi,4.9,3428.8,Natural Earth (calculated)
Europe,Malta,Saint Paul’s Bay,First-level division,1,32042,16639,15403,247,234,San Pawl il-Baħar,20.5,1563.0,Natural Earth (calculated)
Europe,Malta,Tas-Sliema,First-level division,1,22591,11731,10860,174,165,Sliema,3.4,6644.4,Natural Earth (calculated)
Europe,Malta,Valletta,First-level division,1,6794,3528,3266,52,50,Valletta,1.5,4529.3,Natural Earth (calculated)
Europe,Malta,Ħaż-Żabbar,First-level division,1,15648,8126,7522,120,114,Żabbar,4.9,3193.5,Natural Earth (calculated)
Europe,Moldova,Bender Municipality,City,1,110175,50668,59507,1167,1523,Bender,921.3,119.6,Natural Earth (calculated)
Europe,Moldova,Bălţi,City,1,125000,57486,67514,1324,1728,Bălţi,101.6,1230.3,Natural Earth (calculated)
Europe,Moldova,Cahul,District,1,34492,15863,18629,365,477,Cahul,1437.4,24.0,Natural Earth (calculated)
Europe,Moldova,Chișinău Municipality,City,3,678236,311914,366322,7183,9375,Chisinau,176.2,3849.2,Natural Earth (calculated)
Europe,Moldova,Căuşeni,District,1,21690,9975,11715,230,300,Căuşeni,1237.8,17.5,Natural Earth (calculated)
Europe,Moldova,Drochia,District,1,16080,7395,8685,170,222,Drochia,761.3,21.1,Natural Earth (calculated)
Europe,Moldova,Floreşti,District,1,16759,7707,9052,177,232,Floreşti,786.9,21.3,Natural Earth (calculated)
Europe,Moldova,Gagauzia,Autonomous Territory,2,45611,20977,24634,483,631,Comrat,1717.2,26.6,Natural Earth (calculated)
Europe,Moldova,Hînceşti,District,1,16900,7772,9128,179,234,Hînceşti,1261.1,13.4,Natural Earth (calculated)
Europe,Moldova,Orhei,District,1,24918,11460,13458,264,344,Orhei,1078.3,23.1,Natural Earth (calculated)
Europe,Moldova,Raionul Edineţ,District,1,22872,10519,12353,242,316,Edineţ,940.8,24.3,Natural Earth (calculated)
Europe,Moldova,Soroca District,District,1,27423,12612,14811,290,379,Soroca,819.5,33.5,Natural Earth (calculated)
Europe,Moldova,Strășeni,District,1,19225,8841,10384,204,266,Strășeni,768.3,25.0,Natural Earth (calculated)
Europe,Moldova,Sîngerei,District,1,15479,7119,8360,164,214,Bilicenii Vechi,986.5,15.7,Natural Earth (calculated)
Europe,Moldova,Transnistria,District,4,251065,115462,135603,2659,3470,Tiraspol,,,
Europe,Moldova,Ungheni,District,1,34422,15830,18592,365,476,Ungheni,1094.4,31.5,Natural Earth (calculated)
Europe,Monaco,Municipality of Monaco,First-level division,2,48977,23953,25024,468,986,Monaco,18.8,2605.2,Natural Earth (calculated)
Europe,Montenegro,Bar,Municipality,1,15868,7640,8228,178,162,Bar,574.7,27.6,Natural Earth (calculated)
Europe,Montenegro,Bijelo Polje,Municipality,1,15400,7415,7985,172,157,Bijelo Polje,778.9,19.8,Natural Earth (calculated)
Europe,Montenegro,Budva,Municipality,1,18000,8666,9334,202,184,Budva,122.9,146.5,Natural Earth (calculated)
Europe,Montenegro,Cetinje,Municipality,1,15137,7288,7849,170,154,Cetinje,967.3,15.6,Natural Earth (calculated)
Europe,Montenegro,Herceg Novi,Municipality,1,19536,9406,10130,219,199,Herceg Novi,238.2,82.0,Natural Earth (calculated)
Europe,Montenegro,Opština Nikšić,Municipality,1,58212,28027,30185,652,594,Nikšić,2061.6,28.2,Natural Earth (calculated)
Europe,Montenegro,Pljevlja,Municipality,1,19489,9383,10106,218,199,Pljevlja,1325.1,14.7,Natural Earth (calculated)
Europe,Montenegro,Podgorica,Municipality,1,236852,114037,122815,2653,2416,Podgorica,1437.3,164.8,Natural Earth (calculated)
Europe,North Macedonia,Bitola,Statistical Region,1,69287,33716,35571,610,769,Bitola,758.9,91.3,Natural Earth (calculated)
Europe,North Macedonia,Bogovinje,Statistical Region,2,30542,14862,15680,268,339,Kamenjane,139.3,219.3,Natural Earth (calculated)
Europe,North Macedonia,Brvenica,Statistical Region,1,16267,7916,8351,143,181,Brvenica,160.7,101.2,Natural Earth (calculated)
Europe,North Macedonia,Centar Zhupa,Statistical Region,1,45412,22098,23314,400,504,Centar Župa,148.6,305.6,Natural Earth (calculated)
Europe,North Macedonia,Debar,Statistical Region,1,18074,8795,9279,159,201,Debar,155.8,116.0,Natural Earth (calculated)
Europe,North Macedonia,Delchevo,Statistical Region,1,17415,8474,8941,153,193,Delcevo,465.6,37.4,Natural Earth (calculated)
Europe,North Macedonia,Gevgelija,Statistical Region,1,20664,10056,10608,182,229,Gevgelija,471.7,43.8,Natural Earth (calculated)
Europe,North Macedonia,Gostivar,Statistical Region,1,50974,24805,26169,449,566,Gostivar,528.7,96.4,Natural Earth (calculated)
Europe,North Macedonia,Grad Skopje,Municipality,7,721211,350955,370256,6346,8005,Skopje,,,
Europe,North Macedonia,Ilinden,Statistical Region,1,16406,7983,8423,144,182,Ilinden,95.1,172.5,Natural Earth (calculated)
Europe,North Macedonia,Kavadarci,Statistical Region,1,38799,18880,19919,341,431,Kavadarci,969.0,40.0,Natural Earth (calculated)
Europe,North Macedonia,Kichevo,Statistical Region,1,31123,15145,15978,274,345,Kičevo,49.3,631.3,Natural Earth (calculated)
Europe,North Macedonia,Kochani,Statistical Region,1,34258,16671,17587,301,380,Kochani,335.7,102.0,Natural Earth (calculated)
Europe,North Macedonia,Kriva Palanka,Statistical Region,1,20820,10131,10689,183,231,Kriva Palanka,510.6,40.8,Natural Earth (calculated)
Europe,North Macedonia,Kumanovo,Statistical Region,1,75051,36521,38530,660,833,Kumanovo,510.8,146.9,Natural Earth (calculated)
Europe,North Macedonia,Lipkovo,Statistical Region,1,28102,13675,14427,247,312,Lipkovo,259.7,108.2,Natural Earth (calculated)
Europe,North Macedonia,Negotino,Statistical Region,1,19515,9496,10019,172,217,Negotino,409.3,47.7,Natural Earth (calculated)
Europe,North Macedonia,Ohrid,Statistical Region,1,42033,20454,21579,370,467,Ohrid,591.2,71.1,Natural Earth (calculated)
Europe,North Macedonia,Prilep,Statistical Region,1,73814,35919,37895,650,819,Prilep,1167.9,63.2,Natural Earth (calculated)
Europe,North Macedonia,Radovish,Statistical Region,1,24984,12158,12826,220,277,Radovis,492.8,50.7,Natural Earth (calculated)
Europe,North Macedonia,Resen,Statistical Region,1,16539,8048,8491,146,184,Resen,761.3,21.7,Natural Earth (calculated)
Europe,North Macedonia,Shtip,Statistical Region,1,48279,23494,24785,425,536,Shtip,564.2,85.6,Natural Earth (calculated)
Europe,North Macedonia,Struga,Statistical Region,1,37387,18193,19194,329,415,Struga,573.8,65.2,Natural Earth (calculated)
Europe,North Macedonia,Strumica,Statistical Region,1,33825,16460,17365,298,375,Strumica,319.4,105.9,Natural Earth (calculated)
Europe,North Macedonia,Studenichani,Statistical Region,1,18219,8866,9353,160,202,Studeničani,281.5,64.7,Natural Earth (calculated)
Europe,North Macedonia,Tearce,Municipality,1,23096,11239,11857,203,256,Tearce,150.4,153.6,Natural Earth (calculated)
Europe,North Macedonia,Tetovo,Statistical Region,1,63176,30743,32433,556,701,Tetovo,303.9,207.9,Natural Earth (calculated)
Europe,North Macedonia,Veles,Statistical Region,1,57873,28162,29711,509,642,Veles,415.5,139.3,Natural Earth (calculated)
Europe,North Macedonia,Vinica,Statistical Region,1,18218,8865,9353,160,202,Vinica,430.5,42.3,Natural Earth (calculated)
Europe,North Macedonia,Vrapchishte,Statistical Region,1,17518,8525,8993,154,194,Negotino,161.8,108.3,Natural Earth (calculated)
Europe,North Macedonia,Zhelino,Statistical Region,1,25422,12371,13051,224,282,Zelino,195.7,129.9,Natural Earth (calculated)
Europe,Norway,Agder,County (Fylke),3,172170,86784,85386,1670,1360,Kristiansand,16434.1,10.5,Wikidata
Europe,Norway,Akershus,County,2,151590,76410,75180,1470,1198,Lillestrøm,4597.5,33.0,Natural Earth (calculated)
Europe,Norway,Buskerud,County,2,123680,62342,61338,1199,978,Drammen,15168.9,8.2,Natural Earth (calculated)
Europe,Norway,Finnmark,County,1,15094,7608,7486,146,119,Alta,48439.2,0.3,Natural Earth (calculated)
Europe,Norway,Innlandet,County (Fylke),3,76086,38351,37735,738,601,Hamar,52072.4,1.5,Wikidata
Europe,Norway,Møre og Romsdal,County,3,99049,49927,49122,960,783,Ålesund,14615.3,6.8,Natural Earth (calculated)
Europe,Norway,Nordland,County,2,52939,26685,26254,514,418,Bodø,37313.3,1.4,Natural Earth (calculated)
Europe,Norway,Oslo,County,1,1082575,545683,536892,10501,8552,Oslo,783.1,1382.4,Natural Earth (calculated)
Europe,Norway,Rogaland,County,5,326698,164675,162023,3169,2581,Stavanger,9181.3,35.6,Natural Earth (calculated)
Europe,Norway,Telemark,County,2,84972,42831,42141,824,672,Skien,15204.8,5.6,Natural Earth (calculated)
Europe,Norway,Troms,County,3,81159,40910,40249,787,641,Tromsø,25718.5,3.2,Natural Earth (calculated)
Europe,Norway,Trøndelag,County (Fylke),3,252382,127215,125167,2448,1993,Trondheim,61559.1,4.1,Natural Earth (calculated)
Europe,Norway,Vestfold,County,4,170023,85701,84322,1649,1344,Sandefjord,2151.9,79.0,Natural Earth (calculated)
Europe,Norway,Vestland,County (Fylke),4,393857,198528,195329,3820,3112,Bergen,33871.0,11.6,Wikidata
Europe,Norway,Østfold,County,4,214437,108090,106347,2080,1694,Fredrikstad,4179.7,51.3,Natural Earth (calculated)
Europe,Poland,Greater Poland,Voivodeship|Province,27,1468878,711348,757530,10136,16451,Poznań,29607.3,49.6,Natural Earth (calculated)
Europe,Poland,Kujawsko-Pomorskie,Voivodeship|Province,13,1027903,497795,530108,7091,11512,Bydgoszcz,17795.9,57.8,Natural Earth (calculated)
Europe,Poland,Lesser Poland,Voivodeship|Province,21,1495070,724035,771035,10315,16744,Kraków,15616.6,95.7,Natural Earth (calculated)
Europe,Poland,Lower Silesia,Voivodeship|Province,49,2340332,1133373,1206959,16150,26210,Wrocław,19658.7,119.0,Natural Earth (calculated)
Europe,Poland,Lublin,Voivodeship|Province,17,857200,415124,442076,5915,9600,Lublin,24679.8,34.7,Natural Earth (calculated)
Europe,Poland,Lubusz,Voivodeship|Province,11,448319,217113,231206,3095,5020,Zielona Góra,13962.1,32.1,Natural Earth (calculated)
Europe,Poland,Mazovia,Voivodeship|Province,56,4818612,2333558,2485054,33248,53968,Warsaw,34985.2,137.7,Natural Earth (calculated)
Europe,Poland,Opole Voivodeship,Voivodeship|Province,10,398187,192834,205353,2747,4460,Opole,9201.0,43.3,Natural Earth (calculated)
Europe,Poland,Podlasie,Voivodeship|Province,11,601920,291498,310422,4153,6742,Białystok,21079.3,28.6,Natural Earth (calculated)
Europe,Poland,Pomerania,Voivodeship|Province,28,1617120,783139,833981,11158,18109,Gdańsk,18650.6,86.7,Natural Earth (calculated)
Europe,Poland,Silesia,Voivodeship|Province,43,3458593,1674926,1783667,23865,38737,Katowice,12248.6,282.4,Natural Earth (calculated)
Europe,Poland,Subcarpathia,Voivodeship|Province,14,714876,346199,368677,4932,8006,Rzeszów,18008.5,39.7,Natural Earth (calculated)
Europe,Poland,Warmia-Masuria,Voivodeship|Province,16,667671,323340,344331,4610,7480,Olsztyn,24549.2,27.2,Natural Earth (calculated)
Europe,Poland,West Pomerania,Voivodeship|Province,17,930013,450386,479627,6416,10416,Szczecin,23652.1,39.3,Natural Earth (calculated)
Europe,Poland,Łódź Voivodeship,Voivodeship|Province,21,1409943,682806,727137,9728,15791,Łódź,18545.1,76.0,Natural Earth (calculated)
Europe,Poland,Świętokrzyskie,Voivodeship|Province,9,465473,225419,240054,3212,5213,Kielce,11190.9,41.6,Natural Earth (calculated)
Europe,Portugal,Aveiro,District,8,230182,109624,120558,1818,2556,Aveiro,2767.1,83.2,Natural Earth (calculated)
Europe,Portugal,Azores,Autonomous region,1,20056,9552,10504,158,223,Ponta Delgada,2607.9,7.7,Natural Earth (calculated)
Europe,Portugal,Beja,District,1,34760,16554,18206,275,386,Beja,10252.4,3.4,Natural Earth (calculated)
Europe,Portugal,Braga,District,7,354092,168636,185456,2798,3930,Braga,2698.7,131.2,Natural Earth (calculated)
Europe,Portugal,Bragança,District,1,35341,16831,18510,279,392,Bragança,6297.4,5.6,Natural Earth (calculated)
Europe,Portugal,Castelo Branco,District,2,51089,24331,26758,403,567,Castelo Branco,6400.1,8.0,Natural Earth (calculated)
Europe,Portugal,Coimbra,District,8,310562,147906,162656,2454,3447,Coimbra,3959.8,78.4,Natural Earth (calculated)
Europe,Portugal,Faro,District,11,306275,145863,160412,2421,3400,Faro,4965.3,61.7,Natural Earth (calculated)
Europe,Portugal,Guarda,District,3,88034,41926,46108,695,976,Guarda,5474.4,16.1,Natural Earth (calculated)
Europe,Portugal,Leiria,District,6,233751,111324,122427,1846,2595,Leiria,3509.6,66.6,Natural Earth (calculated)
Europe,Portugal,Lisbon,District,56,2350300,1119326,1230974,18568,26089,Lisbon,2741.1,857.4,Natural Earth (calculated)
Europe,Portugal,Madeira,Autonomous region,5,213794,101820,111974,1689,2373,Funchal,811.3,263.5,Natural Earth (calculated)
Europe,Portugal,Portalegre,District,1,22368,10653,11715,177,248,Portalegre,5969.3,3.7,Natural Earth (calculated)
Europe,Portugal,Porto,District,38,1281110,610130,670980,10119,14221,Porto,2310.3,554.5,Natural Earth (calculated)
Europe,Portugal,Santarém,District,5,133442,63553,69889,1054,1482,Monsanto,6744.0,19.8,Natural Earth (calculated)
Europe,Portugal,Setúbal,District,18,625841,298060,327781,4945,6948,Setúbal,5120.8,122.2,Natural Earth (calculated)
Europe,Portugal,Viana do Castelo,District,4,123400,58769,64631,975,1370,Ponte de Lima,2177.5,56.7,Natural Earth (calculated)
Europe,Portugal,Vila Real,District,2,34536,16448,18088,273,384,Chaves,4201.0,8.2,Natural Earth (calculated)
Europe,Portugal,Viseu,District,1,103502,49293,54209,818,1149,Viseu,5152.8,20.1,Natural Earth (calculated)
Europe,Portugal,Évora,District,1,53591,25523,28068,423,595,Évora,7230.1,7.4,Natural Earth (calculated)
Europe,Romania,Alba County,County,6,180235,87291,92944,1353,2308,Alba Iulia,6297.4,28.6,Natural Earth (calculated)
Europe,Romania,Arad County,County,1,169065,81882,87183,1268,2164,Arad,7815.4,21.6,Natural Earth (calculated)
Europe,Romania,Arges,County,3,202515,98081,104434,1519,2592,Piteşti,6678.3,30.3,Natural Earth (calculated)
Europe,Romania,Bacău County,County,4,202192,97925,104267,1517,2588,Bacău,6735.4,30.0,Natural Earth (calculated)
Europe,Romania,Bihor County,County,2,200666,97186,103480,1505,2569,Oradea,7617.7,26.3,Natural Earth (calculated)
Europe,Romania,Bistrița-Năsăud County,County,1,78877,38202,40675,592,1010,Bistriţa,5257.9,15.0,Natural Earth (calculated)
Europe,Romania,Botoșani County,County,2,120786,58499,62287,906,1546,Botoşani,5447.6,22.2,Natural Earth (calculated)
Europe,Romania,Brașov County,County,6,374545,181399,193146,2808,4794,Braşov,5239.5,71.5,Natural Earth (calculated)
Europe,Romania,Brăila County,County,1,154686,74918,79768,1160,1980,Brăila,4773.8,32.4,Natural Earth (calculated)
Europe,Romania,Bucharest,City,7,3705717,1794753,1910964,27794,47433,Bucharest,284.5,13025.4,Natural Earth (calculated)
Europe,Romania,Buzău County,County,2,142007,68777,73230,1065,1818,Buzău,5988.4,23.7,Natural Earth (calculated)
Europe,Romania,Caraș-Severin County,County,3,125098,60587,64511,938,1601,Reşiţa,8399.4,14.9,Natural Earth (calculated)
Europe,Romania,Cluj County,County,5,418148,202517,215631,3135,5352,Cluj-Napoca,6640.1,63.0,Natural Earth (calculated)
Europe,Romania,Constanța County,County,5,452374,219093,233281,3393,5790,Constanţa,7247.5,62.4,Natural Earth (calculated)
Europe,Romania,Covasna County,County,2,70147,33974,36173,527,898,Sfântu Gheorghe,3685.8,19.0,Natural Earth (calculated)
Europe,Romania,Călărași County,County,1,22624,10957,11667,170,290,Olteniţa,4767.0,4.7,Natural Earth (calculated)
Europe,Romania,Dolj,County,4,291377,141120,150257,2185,3730,Craiova,7045.3,41.4,Natural Earth (calculated)
Europe,Romania,Dâmbovița County,County,3,102598,49690,52908,769,1313,Târgovişte,3882.8,26.4,Natural Earth (calculated)
Europe,Romania,Galați County,County,2,259005,125442,133563,1943,3315,Galaţi,4238.4,61.1,Natural Earth (calculated)
Europe,Romania,Giurgiu County,County,1,54551,26420,28131,409,698,Giurgiu,3345.5,16.3,Natural Earth (calculated)
Europe,Romania,Gorj County,County,2,95864,46429,49435,719,1227,Târgu Jiu,5549.4,17.3,Natural Earth (calculated)
Europe,Romania,Harghita County,County,3,90793,43972,46821,681,1162,Odorheiu Secuiesc,6576.3,13.8,Natural Earth (calculated)
Europe,Romania,Hunedoara County,County,8,293370,142085,151285,2201,3756,Hunedoara,6971.9,42.1,Natural Earth (calculated)
Europe,Romania,Ialomița County,County,4,114975,55684,59291,862,1472,Slobozia,4561.6,25.2,Natural Earth (calculated)
Europe,Romania,Iași County,County,2,423954,205329,218625,3180,5427,Iaşi,5546.2,76.4,Natural Earth (calculated)
Europe,Romania,Ilfov,County,4,82499,39956,42543,619,1056,Voluntari,1471.8,56.1,Natural Earth (calculated)
Europe,Romania,Maramureş,County,5,208473,100967,107506,1564,2667,Baia Mare,6440.4,32.4,Natural Earth (calculated)
Europe,Romania,Mehedinți County,County,1,79865,38680,41185,599,1022,Drobeta-Turnu Severin,4932.4,16.2,Natural Earth (calculated)
Europe,Romania,Mureș County,County,5,328578,159137,169441,2465,4206,Târgu Mureş,6544.3,50.2,Natural Earth (calculated)
Europe,Romania,Neamț County,County,3,190980,92495,98485,1433,2444,Piatra Neamţ,5635.4,33.9,Natural Earth (calculated)
Europe,Romania,Olt,County,4,137921,66798,71123,1034,1766,Slatina,5225.6,26.4,Natural Earth (calculated)
Europe,Romania,Prahova,County,5,275444,133402,142042,2066,3526,Ploieşti,4646.4,59.3,Natural Earth (calculated)
Europe,Romania,Satu Mare County,County,2,133265,64543,68722,1000,1706,Satu Mare,4684.2,28.4,Natural Earth (calculated)
Europe,Romania,Sibiu County,County,3,202391,98022,104369,1518,2591,Sibiu,5570.4,36.3,Natural Earth (calculated)
Europe,Romania,Suceava,County,6,189253,91658,97595,1419,2422,Suceava,8835.6,21.4,Natural Earth (calculated)
Europe,Romania,Sălaj County,County,2,68080,32973,35107,511,871,Zalău,3857.8,17.6,Natural Earth (calculated)
Europe,Romania,Teleorman County,County,4,111817,54155,57662,839,1431,Alexandria,5884.8,19.0,Natural Earth (calculated)
Europe,Romania,Timiș County,County,2,294092,142434,151658,2205,3765,Timişoara,8855.9,33.2,Natural Earth (calculated)
Europe,Romania,Tulcea County,County,1,65624,31783,33841,492,840,Tulcea,7679.3,8.5,Natural Earth (calculated)
Europe,Romania,Vaslui County,County,3,159982,77483,82499,1200,2048,Bârlad,5151.0,31.1,Natural Earth (calculated)
Europe,Romania,Vrancea,County,2,81826,39630,42196,614,1047,Focșani,4727.1,17.3,Natural Earth (calculated)
Europe,Romania,Vâlcea County,County,2,113781,55107,58674,854,1456,Râmnicu Vâlcea,5641.2,20.2,Natural Earth (calculated)
Europe,Russia,Adygeya Republic,Republic,4,208235,96566,111669,1749,2582,Maykop,8005.6,26.0,Natural Earth (calculated)
Europe,Russia,Altai,Republic,2,78642,36470,42172,661,975,Gorno-Altaysk,92934.4,0.8,Natural Earth (calculated)
Europe,Russia,Altai Krai,Territory,14,1334714,618961,715753,11213,16548,Barnaul,171593.6,7.8,Natural Earth (calculated)
Europe,Russia,Amur Oblast,Region,8,482102,223572,258530,4050,5978,Blagoveshchensk,360962.2,1.3,Natural Earth (calculated)
Europe,Russia,Arkhangelskaya,Region,11,853310,395714,457596,7167,10581,Arkhangel’sk,403857.0,2.1,Natural Earth (calculated)
Europe,Russia,Astrakhan Oblast,Region,5,644812,299025,345787,5416,7996,Astrakhan,46089.7,14.0,Natural Earth (calculated)
Europe,Russia,Bashkortostan Republic,Republic,24,2558769,1186607,1372162,21495,31731,Ufa,142993.8,17.9,Natural Earth (calculated)
Europe,Russia,Belgorod Oblast,Region,11,890336,412882,477454,7479,11041,Belgorod,27728.9,32.1,Natural Earth (calculated)
Europe,Russia,Bryansk Oblast,Region,11,697524,323469,374055,5860,8650,Bryansk,35232.9,19.8,Natural Earth (calculated)
Europe,Russia,Buryatiya Republic,Republic,4,428592,198754,229838,3600,5315,Ulan-Ude,352968.4,1.2,Natural Earth (calculated)
Europe,Russia,Chechnya,Republic,9,496508,230251,266257,4170,6155,Grozny,16170.6,30.7,Natural Earth (calculated)
Europe,Russia,Chelyabinsk,Region,26,2786863,1292379,1494484,23408,34558,Chelyabinsk,88572.6,31.5,Natural Earth (calculated)
Europe,Russia,Chukotka,Autonomous Province,1,15604,7236,8368,131,193,Anadyr,716836.1,0.0,Natural Earth (calculated)
Europe,Russia,Chuvash Republic,Republic,5,748061,346906,401155,6284,9277,Cheboksary,18384.9,40.7,Natural Earth (calculated)
Europe,Russia,Dagestan,Republic,11,1159291,537610,621681,9739,14375,Makhachkala,50105.3,23.1,Natural Earth (calculated)
Europe,Russia,Ingushetiya Republic,Republic,10,462275,214376,247899,3883,5732,Nazran,3252.5,142.1,Natural Earth (calculated)
Europe,Russia,Irkutsk Oblast,Region,20,1803198,836214,966984,15146,22358,Irkutsk,773517.3,2.3,Natural Earth (calculated)
Europe,Russia,Ivanovo Oblast,Region,9,747796,346783,401013,6281,9273,Ivanovo,23668.2,31.6,Natural Earth (calculated)
Europe,Russia,Jewish Autonomous Oblast,Autonomous Region,1,73623,34142,39481,618,913,Birobidzhan,35907.6,2.1,Natural Earth (calculated)
Europe,Russia,Kabardino-Balkariya Republic,Republic,8,451258,209265,241993,3790,5595,Nalchik,12535.3,36.0,Natural Earth (calculated)
Europe,Russia,Kaliningrad Oblast,Region,7,664545,308176,356369,5582,8240,Kaliningrad,13449.4,49.4,Natural Earth (calculated)
Europe,Russia,Kalmykiya Republic,Republic,1,106971,49607,57364,899,1326,Elista,73387.7,1.5,Natural Earth (calculated)
Europe,Russia,Kaluga Oblast,Region,8,627417,290958,336459,5270,7781,Kaluga,29404.3,21.3,Natural Earth (calculated)
Europe,Russia,Kamchatka,Region,3,247112,114596,132516,2076,3065,Petropavlovsk-Kamchatsky,463775.6,0.5,Natural Earth (calculated)
Europe,Russia,Karachayevo-Cherkesiya Republic,Republic,5,212895,98728,114167,1788,2640,Cherkessk,14505.1,14.7,Natural Earth (calculated)
Europe,Russia,Karelia,Republic,6,414350,192151,222199,3480,5138,Petrozavodsk,173923.9,2.4,Natural Earth (calculated)
Europe,Russia,Khabarovsk,Territory,8,1051467,487609,563858,8832,13039,Khabarovsk,787075.5,1.3,Natural Earth (calculated)
Europe,Russia,Khakasiya Republic,Republic,4,323783,150151,173632,2719,4015,Abakan,59526.6,5.4,Natural Earth (calculated)
Europe,Russia,Khanty-Mansia,Autonomous Province,21,1318452,611420,707032,11076,16350,Surgut,533691.9,2.5,Natural Earth (calculated)
Europe,Russia,Kirov Oblast,Region,8,759692,352298,407394,6381,9421,Kirov,120283.9,6.3,Natural Earth (calculated)
Europe,Russia,Komi,Republic,10,670273,310832,359441,5628,8311,Syktyvkar,417869.1,1.6,Natural Earth (calculated)
Europe,Russia,Kostroma Oblast,Region,7,414029,192002,222027,3477,5133,Kostroma,60209.6,6.9,Natural Earth (calculated)
Europe,Russia,Krasnodar Krai,Territory,55,3531018,1637477,1893541,29662,43783,Krasnodar,75036.8,47.1,Natural Earth (calculated)
Europe,Russia,Krasnoyarsk Krai,Territory,23,2175103,1008685,1166418,18270,26971,Krasnoyarsk,2329234.9,0.9,Natural Earth (calculated)
Europe,Russia,Kurgan Oblast,Region,5,440818,204426,236392,3703,5466,Kurgan,72163.9,6.1,Natural Earth (calculated)
Europe,Russia,Kursk Oblast,Region,6,652938,302793,350145,5483,8096,Kursk,30127.1,21.7,Natural Earth (calculated)
Europe,Russia,Kuzbass,Region,23,2355475,1092329,1263146,19786,29208,Kemerovo,95174.1,24.7,Natural Earth (calculated)
Europe,Russia,Leningradskaya Oblast',Region,33,1506985,698846,808139,12659,18685,Akademicheskoe,83154.4,18.1,Natural Earth (calculated)
Europe,Russia,Lipetsk Oblast,Region,6,738629,342532,396097,6204,9160,Lipetsk,24303.4,30.4,Natural Earth (calculated)
Europe,Russia,Magadan Oblast,Region,1,92782,43027,49755,779,1150,Magadan,464037.8,0.2,Natural Earth (calculated)
Europe,Russia,Mariy-El Republic,Republic,4,371527,172292,199235,3120,4607,Yoshkar-Ola,23419.3,15.9,Natural Earth (calculated)
Europe,Russia,Mordoviya Republic,Republic,3,389552,180650,208902,3272,4830,Saransk,25916.9,15.0,Natural Earth (calculated)
Europe,Russia,Moscow,Federal City,93,18372870,8520231,9852639,154333,227824,Moscow,2854.3,6436.9,Natural Earth (calculated)
Europe,Russia,Moscow Oblast,Region,94,5341860,2477234,2864626,44876,66236,Khimki,44001.8,121.4,Natural Earth (calculated)
Europe,Russia,Murmansk,Region,12,637382,295579,341803,5355,7905,Murmansk,143795.6,4.4,Natural Earth (calculated)
Europe,Russia,Nenets,Autonomous Province,2,40953,18991,21962,344,508,Narian-Mar,177360.6,0.2,Natural Earth (calculated)
Europe,Russia,Nizhny Novgorod Oblast,Region,17,2247185,1042109,1205076,18876,27865,Nizhniy Novgorod,75075.7,29.9,Natural Earth (calculated)
Europe,Russia,North Ossetia–Alania,Republic,5,420663,195077,225586,3534,5216,Vladikavkaz,7972.1,52.8,Natural Earth (calculated)
Europe,Russia,Novgorod Oblast,Region,6,365578,169533,196045,3071,4532,Velikiy Novgorod,55161.4,6.6,Natural Earth (calculated)
Europe,Russia,Novosibirsk Oblast,Region,17,2119272,982791,1136481,17802,26282,Novosibirsk,177922.8,11.9,Natural Earth (calculated)
Europe,Russia,Omsk Oblast,Region,4,1243165,576505,666660,10442,15416,Omsk,141496.3,8.8,Natural Earth (calculated)
Europe,Russia,Orenburg Oblast,Region,14,1359704,630548,729156,11421,16861,Orenburg,125108.3,10.9,Natural Earth (calculated)
Europe,Russia,Oryol oblast,Region,3,398084,184607,213477,3344,4936,Orël,24738.9,16.1,Natural Earth (calculated)
Europe,Russia,Penza Oblast,Region,8,857598,397701,459897,7204,10634,Penza,43397.5,19.8,Natural Earth (calculated)
Europe,Russia,Perm Krai,Territory,19,1840209,853376,986833,15458,22818,Perm,161325.9,11.4,Natural Earth (calculated)
Europe,Russia,Primorye,Territory,16,1409621,653700,755921,11839,17480,Vladivostok,165297.0,8.5,Natural Earth (calculated)
Europe,Russia,Pskov Oblast,Region,4,355982,165083,190899,2990,4414,Pskov,55879.3,6.4,Natural Earth (calculated)
Europe,Russia,Republic of Tyva,Republic,1,116983,54250,62733,983,1451,Kyzyl,169381.8,0.7,Natural Earth (calculated)
Europe,Russia,Rostov,Region,28,2926585,1357174,1569411,24586,36289,Rostov-on-Don,101463.7,28.8,Natural Earth (calculated)
Europe,Russia,Ryazan Oblast,Region,8,706712,327731,378981,5937,8762,Ryazan’,39595.8,17.8,Natural Earth (calculated)
Europe,Russia,Sakha,Autonomous Province,7,420881,195178,225703,3535,5218,Yakutsk,3073324.7,0.1,Natural Earth (calculated)
Europe,Russia,Sakhalin Oblast,Region,6,326982,151635,175347,2747,4054,Yuzhno-Sakhalinsk,85964.6,3.8,Natural Earth (calculated)
Europe,Russia,Samara Oblast,Region,13,2495397,1157216,1338181,20961,30943,Samara,53291.6,46.8,Natural Earth (calculated)
Europe,Russia,Saratov Oblast,Region,15,1705529,790923,914606,14326,21150,Saratov,102087.1,16.7,Natural Earth (calculated)
Europe,Russia,Smolensk Oblast,Region,7,602532,279419,323113,5062,7470,Smolensk,50319.3,12.0,Natural Earth (calculated)
Europe,Russia,St.-Petersburg,Federal City,32,8246288,3824130,4422158,69267,102253,Saint Petersburg,2024.9,4072.4,Natural Earth (calculated)
Europe,Russia,Stavropol Kray,Territory,31,1770691,821139,949552,14874,21957,Stavropol,66721.2,26.5,Natural Earth (calculated)
Europe,Russia,Sverdlovsk Oblast,Region,43,3670502,1702160,1968342,30830,45515,Yekaterinburg,194580.4,18.9,Natural Earth (calculated)
Europe,Russia,Tambov Oblast,Region,8,572270,265384,306886,4808,7096,Tambov,34458.2,16.6,Natural Earth (calculated)
Europe,Russia,Tatarstan Republic,Republic,20,2784469,1291271,1493198,23389,34526,Kazan,67917.1,41.0,Natural Earth (calculated)
Europe,Russia,Tomsk Oblast,Region,5,783576,363375,420201,6582,9717,Tomsk,314762.8,2.5,Natural Earth (calculated)
Europe,Russia,Tula Oblast,Region,17,1086288,503756,582532,9125,13469,Tula,25521.4,42.6,Natural Earth (calculated)
Europe,Russia,Tver Oblast,Region,12,826105,383098,443007,6939,10245,Tver,84689.8,9.8,Natural Earth (calculated)
Europe,Russia,Tyumen Oblast,Region,6,1026900,476215,550685,8625,12733,Tyumen,159798.7,6.4,Natural Earth (calculated)
Europe,Russia,Udmurtiya Republic,Republic,8,1051416,487582,563834,8833,13036,Izhevsk,41980.8,25.0,Natural Earth (calculated)
Europe,Russia,Ulyanovsk,Region,5,814189,377572,436617,6840,10097,Ulyanovsk,37256.8,21.9,Natural Earth (calculated)
Europe,Russia,Vladimir Oblast,Region,17,1034348,479668,554680,8688,12827,Vladimir,29470.2,35.1,Natural Earth (calculated)
Europe,Russia,Volgograd Oblast,Region,18,1837053,851916,985137,15433,22779,Volgograd,113147.7,16.2,Natural Earth (calculated)
Europe,Russia,Vologda Oblast,Region,6,740304,343309,396995,6218,9180,Cherepovets,145880.7,5.1,Natural Earth (calculated)
Europe,Russia,Voronezh Oblast,Region,18,1601123,742503,858620,13449,19857,Voronezh,52276.7,30.6,Natural Earth (calculated)
Europe,Russia,Yamalo-Nenets,Autonomous Province,8,405000,187815,217185,3401,5022,Noyabrsk,686468.6,0.6,Natural Earth (calculated)
Europe,Russia,Yaroslavl Oblast,Region,8,1012487,469532,542955,8504,12554,Yaroslavl,35938.2,28.2,Natural Earth (calculated)
Europe,Russia,Zabaykalskiy (Transbaikal) Kray,Region,6,486311,225523,260788,4086,6030,Chita,432406.7,1.1,Natural Earth (calculated)
Europe,San Marino,San Marino,First-level division,1,4500,2213,2287,19,34,San Marino,8.1,555.6,Natural Earth (calculated)
Europe,Serbia,Central Serbia,District,32,3295612,1562089,1733523,30320,49101,Belgrade,55968.0,58.9,Wikidata
Europe,Serbia,Vojvodina,District,19,879908,417068,462840,8097,13110,Novi Sad,21614.0,40.7,Wikidata
Europe,Slovakia,Banská Bystrica Region,Region,6,197880,96591,101289,1682,1958,Banská Bystrica,9430.1,21.0,Natural Earth (calculated)
Europe,Slovakia,Bratislava Region,Region,12,808049,394433,413616,6869,8000,Bratislava,2095.3,385.6,Natural Earth (calculated)
Europe,Slovakia,Košice Region,Region,5,335746,163888,171858,2854,3324,Košice,6817.9,49.2,Natural Earth (calculated)
Europe,Slovakia,Nitra Region,Region,7,262565,128165,134400,2232,2600,Nitra,6166.8,42.6,Natural Earth (calculated)
Europe,Slovakia,Prešov Region,Region,8,266489,130082,136407,2265,2638,Prešov,8698.5,30.6,Natural Earth (calculated)
Europe,Slovakia,Trenčín Region,Region,9,250559,122305,128254,2128,2479,Trenčín,4515.0,55.5,Natural Earth (calculated)
Europe,Slovakia,Trnava Region,Region,8,197607,96456,101151,1679,1957,Trnava,4098.8,48.2,Natural Earth (calculated)
Europe,Slovakia,Žilina Region,Region,6,229506,112028,117478,1951,2272,Žilina,6635.4,34.6,Natural Earth (calculated)
Europe,Slovenia,Ljubljana,Statistical Region,1,272220,136913,135307,2151,2749,Ljubljana,276.4,984.9,Natural Earth (calculated)
Europe,Slovenia,Municipality of Trbovlje,Statistical Region,1,15163,7626,7537,120,153,Trbovlje,89.7,169.0,Natural Earth (calculated)
Europe,Slovenia,Urban Municipality of Celje,Commune|Municipality,1,38059,19142,18917,301,384,Celje,96.5,394.4,Natural Earth (calculated)
Europe,Slovenia,Urban Municipality of Koper,Commune|Municipality,1,25753,12952,12801,203,260,Koper,312.4,82.4,Natural Earth (calculated)
Europe,Slovenia,Urban Municipality of Kranj,Commune|Municipality,1,37966,19095,18871,300,383,Kranj,148.0,256.5,Natural Earth (calculated)
Europe,Slovenia,Urban Municipality of Maribor,Commune|Municipality,1,96209,48388,47821,760,972,Maribor,155.1,620.3,Natural Earth (calculated)
Europe,Slovenia,Urban Municipality of Novo Mesto,Commune|Municipality,1,24446,12295,12151,193,247,Novo Mesto,320.1,76.4,Natural Earth (calculated)
Europe,Slovenia,Urban Municipality of Ptuj,Commune|Municipality,1,17984,9045,8939,142,182,Ptuj,71.7,250.8,Natural Earth (calculated)
Europe,Slovenia,Urban Municipality of Velenje,Commune|Municipality,1,24327,12235,12092,192,246,Velenje,87.3,278.7,Natural Earth (calculated)
Europe,Spain,Andalusia,Province,111,6287619,3086275,3201344,40869,55961,Sevilla,87268.0,72.0,Wikidata
Europe,Spain,Aragon,Province,13,1069098,524766,544332,6949,9515,Zaragoza,47557.7,22.5,Natural Earth (calculated)
Europe,Spain,Asturias,Province,8,711531,349255,362276,4626,6333,Gijón,10603.6,67.1,Wikidata
Europe,Spain,Balearic Islands,Province,16,884380,434096,450284,5751,7872,Palma,4991.7,177.2,Wikidata
Europe,Spain,Basque Country,Province,32,1770693,869143,901550,11509,15760,Bilbao,7234.0,244.8,Wikidata
Europe,Spain,Canary Islands,Province,41,2054431,1008419,1046012,13353,18285,Las Palmas de Gran Canaria,7447.0,275.9,Wikidata
Europe,Spain,Cantabria,Province,5,309280,151811,157469,2011,2752,Santander,5321.0,58.1,Wikidata
Europe,Spain,Castille and León,Province,19,1361989,668533,693456,8853,12121,Valladolid,94223.0,14.5,Wikidata
Europe,Spain,Castille-La Mancha,Province,23,990913,486390,504523,6441,8818,Albacete,79463.0,12.5,Wikidata
Europe,Spain,Catalonia,Province,144,8865491,4351626,4513865,57618,78905,Barcelona,31895.0,278.0,Wikidata
Europe,Spain,Ceuta,Autonomous City,1,83179,40828,42351,541,740,Ceuta,42.7,1948.0,Natural Earth (calculated)
Europe,Spain,Extremadura,Province,10,492721,241852,250869,3203,4385,Badajoz,42068.5,11.7,Natural Earth (calculated)
Europe,Spain,Galicia,Province,32,1599760,785242,814518,10399,14237,Vigo,29542.9,54.2,Natural Earth (calculated)
Europe,Spain,La Rioja,Province,2,175951,86366,89585,1144,1566,Logroño,5045.0,34.9,Wikidata
Europe,Spain,Madrid,Province,166,12573658,6171786,6401872,81725,111902,Madrid,8028.0,1566.2,Wikidata
Europe,Spain,Melilla,Province,1,85985,42206,43779,559,765,Melilla,12.3,6990.7,Wikidata
Europe,Spain,Murcia,Province,26,1405031,689658,715373,9133,12505,Murcia,11313.0,124.2,Wikidata
Europe,Spain,Navarre,Province,8,369018,181133,187885,2398,3285,Pamplona,10391.0,35.5,Wikidata
Europe,Spain,Valencia,Province,78,3967935,1947658,2020277,25794,35318,Valencia,23255.0,170.6,Wikidata
Europe,Svalbard and Jan Mayen,Svalbard,Territory,1,2368,0,0,0,0,Longyearbyen,62080.9,0.0,Natural Earth (calculated)
Europe,Sweden,Blekinge,County,2,86787,43723,43064,807,746,Karlskrona,3020.5,28.7,Natural Earth (calculated)
Europe,Sweden,Dalarna,County,3,94491,47604,46887,879,813,Borlänge,30252.5,3.1,Natural Earth (calculated)
Europe,Sweden,Gotland,County,1,23402,11790,11612,218,201,Visby,3101.0,7.5,Natural Earth (calculated)
Europe,Sweden,Gävleborg,County,3,115689,58285,57404,1076,995,Gävle,19477.8,5.9,Natural Earth (calculated)
Europe,Sweden,Halland,County,4,147525,74323,73202,1372,1269,Halmstad,5906.3,25.0,Natural Earth (calculated)
Europe,Sweden,Jämtland,County,1,49806,25092,24714,463,428,Östersund,54024.9,0.9,Natural Earth (calculated)
Europe,Sweden,Jönköping,County,4,171046,86174,84872,1591,1471,Jönköping,11196.3,15.3,Natural Earth (calculated)
Europe,Sweden,Kalmar,County,3,77873,39232,38641,724,669,Kalmar,11029.1,7.1,Natural Earth (calculated)
Europe,Sweden,Kronoberg,County,2,87067,43864,43203,810,749,Växjö,9380.0,9.3,Natural Earth (calculated)
Europe,Sweden,Norrbotten,County,4,134766,67895,66871,1254,1159,Luleå,104857.2,1.3,Natural Earth (calculated)
Europe,Sweden,Skåne,County,12,770254,388054,382200,7165,6624,Malmö,11482.2,67.1,Natural Earth (calculated)
Europe,Sweden,Stockholm,County,32,2899193,1460614,1438579,26965,24935,Stockholm,6318.4,458.8,Natural Earth (calculated)
Europe,Sweden,Södermanland,County,3,129422,65202,64220,1204,1113,Eskilstuna,6990.9,18.5,Natural Earth (calculated)
Europe,Sweden,Uppsala,County,3,217600,109627,107973,2024,1872,Uppsala,7006.3,31.1,Natural Earth (calculated)
Europe,Sweden,Värmland,County,2,80049,40329,39720,745,689,Karlstad,22229.2,3.6,Natural Earth (calculated)
Europe,Sweden,Västerbotten,County,2,165740,83500,82240,1541,1425,Umeå,58733.2,2.8,Natural Earth (calculated)
Europe,Sweden,Västernorrland,County,3,115111,57993,57118,1071,989,Sundsvall,22875.0,5.0,Natural Earth (calculated)
Europe,Sweden,Västmanland,County,2,146154,73632,72522,1360,1257,Västerås,7032.8,20.8,Natural Earth (calculated)
Europe,Sweden,Västra Götaland,County,19,1146042,577376,568666,10659,9857,Gothenburg,29474.3,38.9,Natural Earth (calculated)
Europe,Sweden,Örebro,County,3,200142,100831,99311,1862,1721,Örebro,9848.2,20.3,Natural Earth (calculated)
Europe,Sweden,Östergötland,County,3,291382,146799,144583,2710,2505,Linköping,11942.3,24.4,Natural Earth (calculated)
Europe,Switzerland,Aargau,Canton,3,59034,29336,29698,513,473,Aarau,1424.8,41.4,Natural Earth (calculated)
Europe,Switzerland,Appenzell Ausserrhoden,Canton,1,15744,7824,7920,137,126,Herisau,239.2,65.8,Natural Earth (calculated)
Europe,Switzerland,Basel-City,Canton,2,197595,98191,99404,1719,1581,Basel,39.9,4952.3,Natural Earth (calculated)
Europe,Switzerland,Basel-Landschaft,Canton,3,54332,27000,27332,472,435,Reinach,549.3,98.9,Natural Earth (calculated)
Europe,Switzerland,Bern,Canton,6,294387,146290,148097,2562,2355,Bern,5921.9,49.7,Natural Earth (calculated)
Europe,Switzerland,Fribourg,Canton,2,61803,30712,31091,538,495,Fribourg,1645.7,37.6,Natural Earth (calculated)
Europe,Switzerland,Geneva,Canton,6,315536,156800,158736,2745,2524,Geneva,278.2,1134.2,Natural Earth (calculated)
Europe,Switzerland,Grisons,Canton,1,35373,17578,17795,308,283,Chur,7020.0,5.0,Natural Earth (calculated)
Europe,Switzerland,Lucerne,Canton,4,153748,76402,77346,1338,1230,Luzern,1462.6,105.1,Natural Earth (calculated)
Europe,Switzerland,Neuchâtel,Canton,2,71417,35490,35927,621,572,La Chaux-de-Fonds,846.0,84.4,Natural Earth (calculated)
Europe,Switzerland,Saint Gallen,Canton,5,169262,84111,85151,1473,1354,Sankt Gallen,2032.6,83.3,Natural Earth (calculated)
Europe,Switzerland,Schaffhausen,Canton,1,36587,18181,18406,318,293,Schaffhausen,329.3,111.1,Natural Earth (calculated)
Europe,Switzerland,Schwyz,Canton,2,31048,15429,15619,270,248,Einsiedeln,908.8,34.2,Natural Earth (calculated)
Europe,Switzerland,Solothurn,Canton,3,51066,25377,25689,445,408,Olten,773.0,66.1,Natural Earth (calculated)
Europe,Switzerland,Thurgau,Canton,2,47604,23656,23948,414,381,Frauenfeld,943.3,50.5,Natural Earth (calculated)
Europe,Switzerland,Ticino,Canton,3,122229,60739,61490,1064,978,Lugano,2920.8,41.8,Natural Earth (calculated)
Europe,Switzerland,Valais,Canton,4,87576,43518,44058,762,700,Sitten,5298.7,16.5,Natural Earth (calculated)
Europe,Switzerland,Vaud,Canton,8,284835,141542,143293,2477,2278,Lausanne,3312.2,86.0,Natural Earth (calculated)
Europe,Switzerland,Zug,Canton,3,67807,33695,34112,590,542,Zug,238.3,284.5,Natural Earth (calculated)
Europe,Switzerland,Zurich,Canton,34,1304681,648336,656345,11349,10438,Zürich,1738.6,750.4,Natural Earth (calculated)
Europe,The Netherlands,Drenthe,Province,4,195297,97039,98258,1796,1875,Assen,2637.0,74.1,Natural Earth (calculated)
Europe,The Netherlands,Flevoland,Province,6,371920,184800,187120,3421,3572,Almere Stad,2396.2,155.2,Natural Earth (calculated)
Europe,The Netherlands,Friesland,Province,5,261691,130029,131662,2407,2513,Leeuwarden,3925.4,66.7,Natural Earth (calculated)
Europe,The Netherlands,Gelderland,Province,35,1358319,674920,683399,12495,13040,Nijmegen,5133.7,264.6,Natural Earth (calculated)
Europe,The Netherlands,Groningen,Province,8,397958,197738,200220,3662,3820,Groningen,2396.1,166.1,Natural Earth (calculated)
Europe,The Netherlands,Limburg,Province,14,688007,341858,346149,6330,6607,Maastricht,2094.7,328.5,Natural Earth (calculated)
Europe,The Netherlands,North Brabant,Province,35,1762680,875843,886837,16218,16924,Eindhoven,5201.1,338.9,Natural Earth (calculated)
Europe,The Netherlands,North Holland,Province,45,3340973,1660060,1680913,30735,32073,Amsterdam,3486.0,958.4,Natural Earth (calculated)
Europe,The Netherlands,Overijssel,Province,20,939775,466957,472818,8646,9020,Enschede,3344.5,281.0,Natural Earth (calculated)
Europe,The Netherlands,South Holland,Province,54,3271450,1625521,1645929,30098,31404,Rotterdam,3195.0,1023.9,Natural Earth (calculated)
Europe,The Netherlands,Utrecht,Province,20,1125539,559255,566284,10356,10802,Utrecht,1395.4,806.6,Natural Earth (calculated)
Europe,The Netherlands,Zeeland,Province,5,178904,88893,90011,1647,1718,Middelburg,1897.4,94.3,Natural Earth (calculated)
Europe,Ukraine,Cherkasy,Region,9,535847,249331,286516,2928,7289,Cherkasy,21268.3,25.2,Natural Earth (calculated)
Europe,Ukraine,Chernihiv Oblast,Region,8,823520,383184,440336,4501,11201,Chernihiv,31772.0,25.9,Natural Earth (calculated)
Europe,Ukraine,Chernivtsi,Region,1,264298,122978,141320,1445,3595,Chernivtsi,8153.3,32.4,Natural Earth (calculated)
Europe,Ukraine,Crimea,Autonomous Republic,14,987751,459601,528150,5401,13435,Simferopol,26346.4,37.5,Natural Earth (calculated)
Europe,Ukraine,Dnipropetrovsk,Region,22,2720891,1266031,1454860,14875,37014,Dnipro,31816.3,85.5,Natural Earth (calculated)
Europe,Ukraine,Donetsk,Region,60,5763078,2681560,3081518,31503,78394,Donetsk,26599.0,216.7,Natural Earth (calculated)
Europe,Ukraine,Ivano-Frankivsk,Region,6,423580,197092,226488,2315,5761,Ivano-Frankivsk,13905.4,30.5,Natural Earth (calculated)
Europe,Ukraine,Kharkiv,Region,31,3982310,1852969,2129341,21766,54171,Kharkiv,31389.3,126.9,Natural Earth (calculated)
Europe,Ukraine,Kherson,Oblast,6,208465,97000,111465,1141,2835,Kherson,26176.8,8.0,Natural Earth (calculated)
Europe,Ukraine,Khmelnytskyi,Region,13,641996,298720,343276,3509,8733,Khmelnytskyi,20458.0,31.4,Natural Earth (calculated)
Europe,Ukraine,Kirovohrad,Region,8,657291,305837,351454,3594,8941,Kropyvnytskyi,24485.4,26.8,Natural Earth (calculated)
Europe,Ukraine,Kyiv City,Municipality,59,7155762,3329577,3826185,39115,97340,Kyiv,1642.0,4358.0,Natural Earth (calculated)
Europe,Ukraine,Kyiv Oblast,Region,22,930482,432954,497528,5086,12656,Bila Tserkva,27022.7,34.4,Natural Earth (calculated)
Europe,Ukraine,Luhansk,Region,29,1952021,908272,1043749,10671,26555,Luhansk,26310.2,74.2,Natural Earth (calculated)
Europe,Ukraine,Lviv,Region,18,1400659,651728,748931,7656,19056,Lviv,21876.7,64.0,Natural Earth (calculated)
Europe,Ukraine,Mykolaiv,Region,4,604439,281246,323193,3304,8223,Mykolayiv,23547.4,25.7,Natural Earth (calculated)
Europe,Ukraine,Odesa,Region,12,1467559,682854,784705,8022,19964,Odesa,33171.6,44.2,Natural Earth (calculated)
Europe,Ukraine,Poltava,Region,14,1276524,593965,682559,6978,17365,Poltava,28378.8,45.0,Natural Earth (calculated)
Europe,Ukraine,Rivne Oblast,Region,6,407334,189533,217801,2228,5540,Rivne,20293.3,20.1,Natural Earth (calculated)
Europe,Ukraine,Sevastopol City,Federal City,3,633155,294607,338548,3461,8613,Sevastopol,749.6,844.7,Natural Earth (calculated)
Europe,Ukraine,Sumy,Region,12,908060,422521,485539,4964,12352,Sumy,23421.5,38.8,Natural Earth (calculated)
Europe,Ukraine,Ternopil,Region,4,292391,136049,156342,1598,3978,Ternopil,13983.8,20.9,Natural Earth (calculated)
Europe,Ukraine,Vinnytsia,Region,10,643160,299261,343899,3516,8750,Vinnytsya,26666.6,24.1,Natural Earth (calculated)
Europe,Ukraine,Volyn,Region,4,371243,172740,198503,2029,5050,Lutsk,19848.3,18.7,Natural Earth (calculated)
Europe,Ukraine,Zakarpattia,Region,7,310773,144602,166171,1697,4226,Uzhhorod,12972.7,24.0,Natural Earth (calculated)
Europe,Ukraine,Zaporizhzhia,Region,8,1098565,511162,587403,6005,14943,Zaporizhzhya,27080.6,40.6,Natural Earth (calculated)
Europe,Ukraine,Zhytomyr Oblast,Region,10,793334,369139,424195,4336,10792,Zhytomyr,29758.6,26.7,Natural Earth (calculated)
Europe,United Kingdom,England,Country / Nation,747,51435491,25334036,26101455,508808,498975,London,130278.0,394.8,Wikidata
Europe,United Kingdom,Northern Ireland,Country / Nation,18,1086280,535035,551245,10745,10539,Belfast,14130.0,76.9,Wikidata
Europe,United Kingdom,Scotland,Country / Nation,60,3222761,1587343,1635418,31879,31268,Glasgow,78782.0,40.9,Wikidata
Europe,United Kingdom,Wales,Country / Nation,41,2073254,1021161,1052093,20512,20113,Cardiff,21218.0,97.7,Wikidata
Europe,Vatican,(Not specified),First-level division,1,829,0,0,0,0,Vatican City,,,
North America,Anguilla,The Valley,First-level division,1,2035,0,0,0,0,The Valley,,,
North America,Antigua and Barbuda,Saint John Parish,Parish,1,51737,24630,27107,608,364,Saint John’s,75.8,682.5,Natural Earth (calculated)
North America,Aruba,(Not specified),First-level division,4,90927,42947,47980,691,707,Oranjestad,,,
North America,Bahamas,Freeport,District,2,73435,35037,38398,794,644,Lucaya,14.4,5099.7,Natural Earth (calculated)
North America,Bahamas,New Providence,Capital,2,245619,117190,128429,2657,2154,Nassau,193.1,1272.0,Natural Earth (calculated)
North America,Barbados,Saint Michael,Parish,1,98511,47236,51275,1095,1008,Bridgetown,40.1,2456.6,Natural Earth (calculated)
North America,Belize,Belize District,District,2,82651,41692,40959,1492,410,Belize City,3553.3,23.3,Natural Earth (calculated)
North America,Belize,Cayo District,District,2,34610,17459,17151,625,171,San Ignacio,5249.7,6.6,Natural Earth (calculated)
North America,Belize,Orange Walk District,District,1,15298,7717,7581,276,76,Orange Walk,4714.0,3.2,Natural Earth (calculated)
North America,Bermuda,Hamilton city,First-level division,1,902,441,461,7,8,Hamilton,0.7,1288.6,Natural Earth (calculated)
North America,"Bonaire, Saint Eustatius and Saba ",Bonaire,Special Municipality,1,10620,0,0,0,0,Kralendijk,269.1,39.5,Natural Earth (calculated)
North America,British Virgin Islands,(Not specified),First-level division,1,8449,4000,4449,69,51,Road Town,,,
North America,Canada,Alberta,Province,33,3477672,1726770,1750902,30952,27473,Calgary,663753.3,5.2,Natural Earth (calculated)
North America,Canada,British Columbia,Province,109,6382398,3169054,3213344,56807,50423,Vancouver,945611.4,6.7,Natural Earth (calculated)
North America,Canada,Manitoba,Province,5,907470,450586,456884,8077,7169,Winnipeg,652605.1,1.4,Natural Earth (calculated)
North America,Canada,New Brunswick,Province,11,381536,189445,192091,3396,3016,Moncton,72782.8,5.2,Natural Earth (calculated)
North America,Canada,Newfoundland and Labrador,Province,5,202443,100520,101923,1802,1600,St. John's,403321.9,0.5,Natural Earth (calculated)
North America,Canada,Northwest Territories,Territory,1,20340,10099,10241,181,161,Yellowknife,1348367.5,0.0,Natural Earth (calculated)
North America,Canada,Nova Scotia,Province,14,927962,460762,467200,8259,7331,Halifax,55108.4,16.8,Natural Earth (calculated)
North America,Canada,Ontario,Province,193,15619100,7755350,7863750,139010,123398,Toronto,1077594.8,14.5,Natural Earth (calculated)
North America,Canada,Prince Edward Island,Province,1,38809,19270,19539,345,307,Charlottetown,5733.0,6.8,Natural Earth (calculated)
North America,Canada,Quebec,Province,121,9159650,4548039,4611611,81516,72362,Montréal,1505508.7,6.1,Natural Earth (calculated)
North America,Canada,Saskatchewan,Province,16,999414,496238,503176,8895,7895,Saskatoon,650876.0,1.5,Natural Earth (calculated)
North America,Canada,Yukon,Territory,1,28201,14003,14198,251,223,Whitehorse,484475.9,0.1,Natural Earth (calculated)
North America,Cayman Islands,George Town,First-level division,1,29370,14740,14630,340,143,George Town,,,
North America,Cayman Islands,West Bay,First-level division,1,15335,7696,7639,177,75,West Bay,,,
North America,Costa Rica,Alajuela Province,Province,3,106234,52482,53752,1062,591,Alajuela,9570.4,11.1,Natural Earth (calculated)
North America,Costa Rica,Cartago Province,Province,4,112242,55450,56792,1122,625,Paraíso,3099.3,36.2,Natural Earth (calculated)
North America,Costa Rica,Guanacaste Province,Province,3,80999,40016,40983,809,451,Liberia,10281.1,7.9,Natural Earth (calculated)
North America,Costa Rica,Heredia Province,Province,4,125539,62018,63521,1254,699,San Francisco,2695.1,46.6,Natural Earth (calculated)
North America,Costa Rica,Limón Province,Province,3,100404,49601,50803,1003,558,Limón,9366.9,10.7,Natural Earth (calculated)
North America,Costa Rica,Puntarenas Province,Province,3,77579,38325,39254,775,432,Puntarenas,11131.4,7.0,Natural Earth (calculated)
North America,Costa Rica,San José,Province,21,855632,422699,432933,8550,4762,San José,5007.0,170.9,Natural Earth (calculated)
North America,Cuba,Artemisa,Province,9,375377,185129,190248,3237,3894,Güira de Melena,2024.7,185.4,Natural Earth (calculated)
North America,Cuba,Camagüey,Province,10,647416,319294,328122,5580,6716,Camagüey,15543.5,41.7,Natural Earth (calculated)
North America,Cuba,Ciego de Ávila Province,Province,8,331375,163427,167948,2857,3438,Ciego de Ávila,6896.0,48.1,Natural Earth (calculated)
North America,Cuba,Cienfuegos Province,Province,8,355446,175300,180146,3064,3685,Cienfuegos,4190.7,84.8,Natural Earth (calculated)
North America,Cuba,Granma Province,Province,12,596503,294184,302319,5141,6188,Bayamo,8541.0,69.8,Natural Earth (calculated)
North America,Cuba,Guantánamo Province,Province,4,375192,185037,190155,3235,3892,Guantánamo,6151.6,61.0,Natural Earth (calculated)
North America,Cuba,Havana,Province,25,5128460,2529252,2599208,44209,53209,Havana,701.6,7309.7,Natural Earth (calculated)
North America,Cuba,Holguín Province,Province,9,641789,316519,325270,5532,6658,Holguín,9221.6,69.6,Natural Earth (calculated)
North America,Cuba,Isla de la Juventud,Special Municipality,1,20264,9994,10270,175,210,Nueva Gerona,2364.4,8.6,Natural Earth (calculated)
North America,Cuba,Las Tunas Province,Province,6,442546,218255,224291,3815,4591,Las Tunas,6515.0,67.9,Natural Earth (calculated)
North America,Cuba,Matanzas Province,Province,11,563813,278062,285751,4861,5850,Matanzas,11761.8,47.9,Natural Earth (calculated)
North America,Cuba,Mayabeque,Province,7,243108,119895,123213,2095,2523,Güines,3768.4,64.5,Natural Earth (calculated)
North America,Cuba,Pinar del Río,Province,6,360646,177863,182783,3110,3742,Pinar del Río,11082.7,32.5,Natural Earth (calculated)
North America,Cuba,Sancti Spíritus Province,Province,8,368828,181898,186930,3179,3827,Sancti Spíritus,6692.7,55.1,Natural Earth (calculated)
North America,Cuba,Santiago de Cuba Province,Province,4,796422,392781,403641,6865,8263,Santiago de Cuba,6170.4,129.1,Natural Earth (calculated)
North America,Cuba,Villa Clara Province,Province,12,725637,357870,367767,6254,7527,Santa Clara,8303.2,87.4,Natural Earth (calculated)
North America,Curacao,(Not specified),First-level division,2,145838,69484,76354,1050,1473,Willemstad,465.1,313.6,Natural Earth (calculated)
North America,Dominica,Saint George Parish,Parish,1,16571,8275,8296,182,209,Roseau,53.5,309.7,Natural Earth (calculated)
North America,Dominican Republic,Azua Province,Province,1,59139,29394,29745,1042,370,Azua,2596.6,22.8,Natural Earth (calculated)
North America,Dominican Republic,Baoruco Province,Province,1,18670,9280,9390,329,117,Neiba,1300.9,14.4,Natural Earth (calculated)
North America,Dominican Republic,Barahona Province,Province,1,77160,38352,38808,1360,482,Santa Cruz de Barahona,1617.6,47.7,Natural Earth (calculated)
North America,Dominican Republic,Dajabón,Province,1,16398,8150,8248,289,102,Dajabón,1114.7,14.7,Natural Earth (calculated)
North America,Dominican Republic,Duarte Province,Province,1,124763,62012,62751,2198,780,San Francisco de Macorís,1464.6,85.2,Natural Earth (calculated)
North America,Dominican Republic,El Seíbo,Province,1,23547,11704,11843,415,147,Santa Cruz de El Seibo,1850.7,12.7,Natural Earth (calculated)
North America,Dominican Republic,Espaillat Province,Province,1,61834,30734,31100,1090,386,Moca,860.6,71.8,Natural Earth (calculated)
North America,Dominican Republic,Hato Mayor Province,Province,1,35999,17893,18106,634,225,Hato Mayor del Rey,1380.2,26.1,Natural Earth (calculated)
North America,Dominican Republic,Hermanas Mirabal,Province,1,45299,22515,22784,798,283,Salcedo,481.7,94.0,Natural Earth (calculated)
North America,Dominican Republic,La Altagracia Province,Province,2,223810,111242,112568,3943,1399,Salvaleón de Higüey,3190.1,70.2,Natural Earth (calculated)
North America,Dominican Republic,La Romana,Province,1,208437,103602,104835,3673,1303,La Romana,522.7,398.8,Natural Earth (calculated)
North America,Dominican Republic,La Vega,Province,3,161890,80466,81424,2852,1011,La Vega,2290.8,70.7,Natural Earth (calculated)
North America,Dominican Republic,María Trinidad Sánchez,Province,1,33862,16831,17031,597,212,Nagua,1347.2,25.1,Natural Earth (calculated)
North America,Dominican Republic,Monseñor Nouel,Province,1,73269,36418,36851,1291,458,Bonao,975.8,75.1,Natural Earth (calculated)
North America,Dominican Republic,Monte Cristi Province,Province,1,17001,8450,8551,300,106,San Fernando de Monte Cristi,1927.3,8.8,Natural Earth (calculated)
North America,Dominican Republic,Monte Plata Province,Province,3,53421,26552,26869,942,334,Bayaguana,2652.0,20.1,Natural Earth (calculated)
North America,Dominican Republic,Nacional,National District,6,2532270,1258639,1273631,44618,15825,Santo Domingo,77.8,32548.5,Natural Earth (calculated)
North America,Dominican Republic,Peravia,Province,1,66709,33157,33552,1175,417,Baní,773.7,86.2,Natural Earth (calculated)
North America,Dominican Republic,Puerto Plata,Province,3,185183,92043,93140,3263,1157,Puerto Plata,1813.9,102.1,Natural Earth (calculated)
North America,Dominican Republic,San Cristóbal,Province,3,260851,129653,131198,4596,1630,San Cristóbal,1201.6,217.1,Natural Earth (calculated)
North America,Dominican Republic,San José de Ocoa,Province,1,21148,10511,10637,373,132,San José de Ocoa,838.0,25.2,Natural Earth (calculated)
North America,Dominican Republic,San Juan Province,Province,2,94752,47095,47657,1669,592,San Juan de la Maguana,3325.1,28.5,Natural Earth (calculated)
North America,Dominican Republic,San Pedro de Macorís,Province,3,273482,135932,137550,4819,1710,San Pedro de Macorís,1178.0,232.2,Natural Earth (calculated)
North America,Dominican Republic,Santiago Province,Province,3,1256441,624501,631940,22139,7852,Santiago de los Caballeros,2789.4,450.4,Natural Earth (calculated)
North America,Dominican Republic,Santiago Rodríguez,Province,1,16380,8142,8238,289,102,San Ignacio de Sabaneta,1096.7,14.9,Natural Earth (calculated)
North America,Dominican Republic,Santo Domingo Province,Province,3,1447569,719500,728069,25506,9045,Santo Domingo Oeste,1260.0,1148.9,Natural Earth (calculated)
North America,Dominican Republic,Sánchez Ramírez,Province,1,41641,20697,20944,734,260,Cotuí,1195.8,34.8,Natural Earth (calculated)
North America,Dominican Republic,Valverde Province,Province,2,90466,44966,45500,1594,566,Mao,767.3,117.9,Natural Earth (calculated)
North America,El Salvador,Ahuachapan,Department,1,34102,16199,17903,532,255,Ahuachapán,1226.4,27.8,Natural Earth (calculated)
North America,El Salvador,Cabanas,Department,1,20386,9684,10702,318,152,Sensuntepeque,1079.4,18.9,Natural Earth (calculated)
North America,El Salvador,Chalatenango Department,Department,1,19364,9198,10166,302,145,Chalatenango,1857.5,10.4,Natural Earth (calculated)
North America,El Salvador,Cuscatlan,Department,2,87772,41693,46079,1369,656,Cojutepeque,758.6,115.7,Natural Earth (calculated)
North America,El Salvador,La Libertad Department,Department,4,204202,96999,107203,3186,1525,Santa Tecla,1707.0,119.6,Natural Earth (calculated)
North America,El Salvador,La Paz Department,Department,1,39613,18817,20796,618,296,Zacatecoluca,1150.9,34.4,Natural Earth (calculated)
North America,El Salvador,La Union,Department,1,26807,12734,14073,418,200,La Unión,1890.9,14.2,Natural Earth (calculated)
North America,El Salvador,Morazan,Department,1,16152,7673,8479,252,121,San Francisco,1303.5,12.4,Natural Earth (calculated)
North America,El Salvador,San Miguel Department,Department,2,266221,126461,139760,4152,1989,San Miguel,2097.5,126.9,Natural Earth (calculated)
North America,El Salvador,San Salvador Department,Department,10,1384512,657672,726840,21594,10343,San Salvador,873.1,1585.7,Natural Earth (calculated)
North America,El Salvador,San Vicente Department,Department,1,41504,19715,21789,647,310,San Vicente,1181.8,35.1,Natural Earth (calculated)
North America,El Salvador,Santa Ana Department,Department,3,228086,108346,119740,3558,1704,Santa Ana,2103.8,108.4,Natural Earth (calculated)
North America,El Salvador,Sonsonate Department,Department,4,116874,55517,61357,1823,872,Sonsonate,1250.8,93.4,Natural Earth (calculated)
North America,El Salvador,Usulutan,Department,3,86016,40860,45156,1341,642,Usulután,2058.0,41.8,Natural Earth (calculated)
North America,Greenland,Sermersooq,First-level division,1,14798,7771,7027,178,138,Nuuk,544616.1,0.0,Natural Earth (calculated)
North America,Grenada,Saint George Parish,Parish,1,7500,3757,3743,86,67,Saint George's,83.5,89.8,Natural Earth (calculated)
North America,Guadeloupe,Guadeloupe,First-level division,10,250260,0,0,0,0,Les Abymes,,,
North America,Guatemala,Alta Verapaz,Department,5,336928,167116,169812,6946,1638,Cobán,9913.2,34.0,Natural Earth (calculated)
North America,Guatemala,Baja Verapaz,Department,2,80432,39894,40538,1659,391,Salamá,2879.6,27.9,Natural Earth (calculated)
North America,Guatemala,Chimaltenango,Department,9,342906,170082,172824,7070,1666,Chimaltenango,1732.8,197.9,Natural Earth (calculated)
North America,Guatemala,Chiquimula,Department,2,132179,65560,66619,2725,642,Chiquimula,2374.1,55.7,Natural Earth (calculated)
North America,Guatemala,El Progreso,Department,2,40674,20174,20500,839,198,Guastatoya,1919.3,21.2,Natural Earth (calculated)
North America,Guatemala,Escuintla,Department,7,441134,218802,222332,9096,2144,Escuintla,4799.1,91.9,Natural Earth (calculated)
North America,Guatemala,Guatemala,Department,13,2980203,1478181,1502022,61449,14482,Guatemala City,2207.5,1350.0,Natural Earth (calculated)
North America,Guatemala,Huehuetenango,Department,3,165627,82151,83476,3415,805,Huehuetenango,7292.8,22.7,Natural Earth (calculated)
North America,Guatemala,Izabal Department,Department,4,157999,78368,79631,3258,768,Puerto Barrios,8636.5,18.3,Natural Earth (calculated)
North America,Guatemala,Jalapa,Department,2,184519,91522,92997,3805,897,Jalapa,1987.9,92.8,Natural Earth (calculated)
North America,Guatemala,Jutiapa,Department,3,223009,110612,112397,4598,1084,Jutiapa,3323.3,67.1,Natural Earth (calculated)
North America,Guatemala,Petén,Department,3,68548,34000,34548,1413,333,San Benito,36060.1,1.9,Natural Earth (calculated)
North America,Guatemala,Quetzaltenango,Department,9,501730,248858,252872,10346,2438,Quetzaltenango,1915.1,262.0,Natural Earth (calculated)
North America,Guatemala,Quiché,Department,3,243147,120600,122547,5013,1181,Chichicastenango,7053.9,34.5,Natural Earth (calculated)
North America,Guatemala,Retalhuleu,Department,5,201071,99730,101341,4146,978,Retalhuleu,1994.2,100.8,Natural Earth (calculated)
North America,Guatemala,Sacatepéquez,Department,8,221607,109917,111690,4569,1077,Antigua Guatemala,683.0,324.5,Natural Earth (calculated)
North America,Guatemala,San Marcos,Department,4,239389,118737,120652,4936,1164,Malacatán,3626.5,66.0,Natural Earth (calculated)
North America,Guatemala,Santa Rosa Department,Department,3,107307,53224,54083,2213,522,Barberena,3093.9,34.7,Natural Earth (calculated)
North America,Guatemala,Sololá,Department,3,106372,52760,53612,2194,518,Sololá,1129.5,94.2,Natural Earth (calculated)
North America,Guatemala,Suchitepeque,Department,6,238987,118538,120449,4928,1161,Mazatenango,2307.2,103.6,Natural Earth (calculated)
North America,Guatemala,Totonicapán,Department,4,208659,103495,105164,4302,1013,Totonicapán,1303.7,160.1,Natural Earth (calculated)
North America,Guatemala,Zacapa,Department,2,79778,39570,40208,1645,388,Zacapa,2578.0,30.9,Natural Earth (calculated)
North America,Haiti,Artibonite,Department,6,693040,342742,350298,15207,5409,Saint-Marc,4954.8,139.9,Natural Earth (calculated)
North America,Haiti,Centre,Department,1,18590,9194,9396,408,145,Hinche,3479.1,5.3,Natural Earth (calculated)
North America,Haiti,Grand'Anse,Department,1,97503,48220,49283,2140,761,Jérémie,1882.3,51.8,Natural Earth (calculated)
North America,Haiti,Nippes,Department,1,89202,44115,45087,1957,696,Miragoâne,1203.4,74.1,Natural Earth (calculated)
North America,Haiti,Nord,Department,3,205199,101482,103717,4502,1602,Cap-Haïtien,2049.8,100.1,Natural Earth (calculated)
North America,Haiti,Nord-Est,Department,1,21328,10548,10780,468,166,Terrier Rouge,1558.6,13.7,Natural Earth (calculated)
North America,Haiti,Nord-Ouest,Department,2,340874,168580,172294,7481,2660,Port-de-Paix,2099.6,162.4,Natural Earth (calculated)
North America,Haiti,Ouest,Department,14,3582063,1771511,1810552,78605,27955,Port-au-Prince,4968.3,721.0,Natural Earth (calculated)
North America,Haiti,Sud,Department,1,125799,62214,63585,2761,982,Les Cayes,2667.6,47.2,Natural Earth (calculated)
North America,Haiti,Sud-Est,Department,2,155025,76668,78357,3402,1210,Jacmel,2027.9,76.4,Natural Earth (calculated)
North America,Honduras,Atlántida Department,Department,4,492673,247992,244681,10666,2226,La Ceiba,4519.5,109.0,Natural Earth (calculated)
North America,Honduras,Choluteca Department,Department,2,100518,50597,49921,2177,454,Ciudad Choluteca,4481.5,22.4,Natural Earth (calculated)
North America,Honduras,Colón Department,Department,4,215145,108295,106850,4657,972,Tocoa,8305.1,25.9,Natural Earth (calculated)
North America,Honduras,Comayagua Department,Department,5,269722,135767,133955,5840,1220,Siguatepeque,5102.6,52.9,Natural Earth (calculated)
North America,Honduras,Copán Department,Department,4,127434,64146,63288,2759,575,San Pedro de Copán,3283.2,38.8,Natural Earth (calculated)
North America,Honduras,Cortés Department,Department,11,1411147,710316,700831,30549,6378,San Pedro Sula,3971.3,355.3,Natural Earth (calculated)
North America,Honduras,El Paraíso Department,Department,4,313198,157652,155546,6780,1415,Danlí,7626.0,41.1,Natural Earth (calculated)
North America,Honduras,Francisco Morazán Department,Department,3,890861,448424,442437,19286,4026,Tegucigalpa,8587.9,103.7,Natural Earth (calculated)
North America,Honduras,Intibucá Department,Department,2,40117,20193,19924,868,182,Yamaranguila,3138.5,12.8,Natural Earth (calculated)
North America,Honduras,La Paz Department,Department,1,17555,8836,8719,380,79,La Paz,2602.2,6.7,Natural Earth (calculated)
North America,Honduras,Lempira Department,Department,3,80314,40427,39887,1738,363,Lepaera,4295.1,18.7,Natural Earth (calculated)
North America,Honduras,Ocotepeque Department,Department,1,15983,8045,7938,346,72,Belén Gualcho,1679.9,9.5,Natural Earth (calculated)
North America,Honduras,Olancho Department,Department,4,227104,114315,112789,4916,1026,Catacamas,23893.6,9.5,Natural Earth (calculated)
North America,Honduras,Santa Bárbara Department,Department,7,178768,89985,88783,3871,807,Quimistán,5084.6,35.2,Natural Earth (calculated)
North America,Honduras,Valle Department,Department,2,43233,21761,21472,936,196,San Lorenzo,1596.4,27.1,Natural Earth (calculated)
North America,Honduras,Yoro Department,Department,8,385156,193873,191283,8337,1741,Olanchito,7768.8,49.6,Natural Earth (calculated)
North America,Jamaica,Clarendon,Parish,1,44755,22125,22630,512,367,May Pen,1202.0,37.2,Natural Earth (calculated)
North America,Jamaica,Kingston,Parish,1,937700,463561,474139,10737,7695,Kingston,29.9,31361.2,Natural Earth (calculated)
North America,Jamaica,Manchester,Parish,1,47115,23292,23823,539,387,Mandeville,816.9,57.7,Natural Earth (calculated)
North America,Jamaica,Saint Andrew Parish,Parish,2,602510,297856,304654,6898,4944,New Kingston,439.0,1372.5,Natural Earth (calculated)
North America,Jamaica,Saint Ann Parish,Parish,1,26503,13102,13401,303,217,Ocho Rios,1251.0,21.2,Natural Earth (calculated)
North America,Jamaica,Saint Catherine Parish,Parish,4,294563,145619,148944,3373,2418,Spanish Town,1154.8,255.1,Natural Earth (calculated)
North America,Jamaica,Saint James Parish,Parish,2,100036,49454,50582,1146,821,Montego Bay,663.2,150.8,Natural Earth (calculated)
North America,Jamaica,Westmoreland,Parish,1,16553,8183,8370,190,136,Savanna-la-Mar,742.5,22.3,Natural Earth (calculated)
North America,Martinique,Martinique,First-level division,8,243860,0,0,0,0,Fort-de-France,,,
North America,Mexico,Aguascalientes,State,6,857749,415931,441818,13264,5334,Aguascalientes,5548.0,154.6,Natural Earth (calculated)
North America,Mexico,Baja California,State,16,3797218,1841308,1955910,58720,23613,Tijuana,72907.7,52.1,Natural Earth (calculated)
North America,Mexico,Baja California Sur,State,5,678087,328811,349276,10486,4219,La Paz,72126.9,9.4,Natural Earth (calculated)
North America,Mexico,Campeche,State,4,471985,228871,243114,7299,2935,Campeche,57141.9,8.3,Natural Earth (calculated)
North America,Mexico,Chiapas,State,26,1966517,953584,1012933,30409,12228,Tuxtla,73384.1,26.8,Natural Earth (calculated)
North America,Mexico,Chihuahua,State,13,3097077,1501804,1595273,47893,19259,Ciudad Juárez,247982.0,12.5,Natural Earth (calculated)
North America,Mexico,Coahuila,State,20,2597276,1259446,1337830,40164,16152,Torreón,150977.9,17.2,Natural Earth (calculated)
North America,Mexico,Colima,State,5,526030,255076,270954,8135,3271,Manzanillo,5878.2,89.5,Natural Earth (calculated)
North America,Mexico,Durango,State,8,957943,464516,493427,14813,5956,Victoria de Durango,121025.2,7.9,Natural Earth (calculated)
North America,Mexico,Guanajuato,State,33,3764818,1825595,1939223,58219,23413,León de los Aldama,30419.1,123.8,Natural Earth (calculated)
North America,Mexico,Guerrero,State,18,1390364,674201,716163,21500,8648,Acapulco de Juárez,64694.6,21.5,Natural Earth (calculated)
North America,Mexico,Hidalgo,State,18,824546,399831,424715,12751,5130,Pachuca de Soto,21304.5,38.7,Natural Earth (calculated)
North America,Mexico,Jalisco,State,52,5793869,2809502,2984367,89601,36032,Zapopan,80000.1,72.4,Natural Earth (calculated)
North America,Mexico,Mexico City,Federal District,27,21782225,10562421,11219804,336840,135462,Mexico City,1375.1,15840.5,Natural Earth (calculated)
North America,Mexico,Michoacán,State,31,2442305,1184299,1258006,37769,15190,Morelia,58881.1,41.5,Natural Earth (calculated)
North America,Mexico,Morelos,State,16,1153203,559201,594002,17834,7171,Cuernavaca,5079.9,227.0,Natural Earth (calculated)
North America,Mexico,México,State,88,10938110,5304000,5634110,169145,68024,Ecatepec de Morelos,21825.7,501.2,Natural Earth (calculated)
North America,Mexico,Nayarit,State,10,527325,255705,271620,8155,3279,Tepic,27164.8,19.4,Natural Earth (calculated)
North America,Mexico,Nuevo León,State,23,4524691,2194067,2330624,69969,28137,Monterrey,64984.0,69.6,Natural Earth (calculated)
North America,Mexico,Oaxaca,State,18,1033448,501129,532319,15980,6427,Oaxaca,92157.3,11.2,Natural Earth (calculated)
North America,Mexico,Puebla,State,37,3442148,1669134,1773014,53228,21408,Puebla,34590.8,99.5,Natural Earth (calculated)
North America,Mexico,Querétaro,State,7,1886595,914829,971766,29175,11732,Santiago de Querétaro,11700.0,161.2,Natural Earth (calculated)
North America,Mexico,Quintana Roo,State,6,1328961,644427,684534,20550,8263,Cancún,43875.5,30.3,Natural Earth (calculated)
North America,Mexico,San Luis Potosí,State,11,1439416,697986,741430,22259,8951,San Luis Potosí,64201.7,22.4,Natural Earth (calculated)
North America,Mexico,Sinaloa,State,13,1782057,864137,917920,27557,11082,Culiacán,57716.0,30.9,Natural Earth (calculated)
North America,Mexico,Sonora,State,15,2215048,1074098,1140950,34252,13775,Hermosillo,179183.1,12.4,Natural Earth (calculated)
North America,Mexico,Tabasco,State,14,818658,396975,421683,12663,5092,Villahermosa,24056.3,34.0,Natural Earth (calculated)
North America,Mexico,Tamaulipas,State,13,2811249,1363203,1448046,43473,17481,Reynosa,79582.8,35.3,Natural Earth (calculated)
North America,Mexico,Tlaxcala,State,12,468430,227146,241284,7243,2914,Tlaxcala,3872.5,121.0,Natural Earth (calculated)
North America,Mexico,Veracruz,State,53,3200231,1551822,1648409,49489,19903,Veracruz,70966.3,45.1,Natural Earth (calculated)
North America,Mexico,Yucatán,State,14,1634973,792813,842160,25281,10168,Mérida,38385.0,42.6,Natural Earth (calculated)
North America,Mexico,Zacatecas,State,11,645401,312963,332438,9981,4013,Guadalupe,74725.9,8.6,Natural Earth (calculated)
North America,Montserrat,Saint Peter,Parish,1,1000,0,0,0,0,Brades,31.9,31.3,Natural Earth (calculated)
North America,Nicaragua,Boaco Department,Department,2,45699,22484,23215,875,212,Boaco,4305.8,10.6,Natural Earth (calculated)
North America,Nicaragua,Carazo Department,Department,3,87862,43229,44633,1682,407,Diriamba,1225.4,71.7,Natural Earth (calculated)
North America,Nicaragua,Chinandega Department,Department,5,247596,121821,125775,4738,1148,Chinandega,4799.4,51.6,Natural Earth (calculated)
North America,Nicaragua,Chontales Department,Department,1,50000,24601,25399,957,232,Juigalpa,7383.3,6.8,Natural Earth (calculated)
North America,Nicaragua,Estelí Department,Department,1,96422,47441,48981,1846,447,Estelí,2359.1,40.9,Natural Earth (calculated)
North America,Nicaragua,Granada Department,Department,2,110219,54229,55990,2109,511,Granada,2472.6,44.6,Natural Earth (calculated)
North America,Nicaragua,Jinotega Department,Department,1,55000,27061,27939,1053,255,Jinotega,9454.1,5.8,Natural Earth (calculated)
North America,Nicaragua,León Department,Department,3,194289,95592,98697,3719,901,León,5328.2,36.5,Natural Earth (calculated)
North America,Nicaragua,Madriz Department,Department,1,20316,9996,10320,389,94,Somoto,1603.4,12.7,Natural Earth (calculated)
North America,Nicaragua,Managua Department,Department,6,1180626,580882,599744,22598,5473,Managua,4231.9,279.0,Natural Earth (calculated)
North America,Nicaragua,Masaya Department,Department,2,151565,74572,76993,2901,702,Masaya,558.0,271.6,Natural Earth (calculated)
North America,Nicaragua,Matagalpa Department,Department,2,126107,62046,64061,2414,585,Matagalpa,8607.1,14.7,Natural Earth (calculated)
North America,Nicaragua,North Caribbean Coast,Autonomous Region,2,49691,24449,25242,951,230,Puerto Cabezas,32411.8,1.5,Natural Earth (calculated)
North America,Nicaragua,Nueva Segovia Department,Department,2,57965,28519,29446,1109,268,Ocotal,3321.6,17.5,Natural Earth (calculated)
North America,Nicaragua,Rivas Department,Department,1,30000,14760,15240,574,139,Rivas,5256.1,5.7,Natural Earth (calculated)
North America,Nicaragua,South Caribbean Coast,Autonomous Region,3,117758,57939,59819,2254,546,Nueva Guinea,25688.6,4.6,Natural Earth (calculated)
North America,Panama,Bocas del Toro Province,Province,1,17997,8999,8998,286,88,Changuinola,4678.8,3.8,Natural Earth (calculated)
North America,Panama,Chiriquí Province,Province,3,118032,59017,59015,1873,580,David,6693.3,17.6,Natural Earth (calculated)
North America,Panama,Coclé,Province,1,16250,8125,8125,258,80,Penonomé,4868.4,3.3,Natural Earth (calculated)
North America,Panama,Colón,Province,3,123184,61593,61591,1955,605,Colón,5099.8,24.2,Natural Earth (calculated)
North America,Panama,Panamá,Province,15,1216717,608362,608355,19305,5981,Panama City,11686.1,104.1,Natural Earth (calculated)
North America,Panama,Panamá Oeste Province,Province,3,155191,77596,77595,2463,762,Arraiján,2880.0,53.9,Wikidata
North America,Panama,Veraguas Province,Province,1,45355,22678,22677,720,223,Santiago de Veraguas,11104.5,4.1,Natural Earth (calculated)
North America,Puerto Rico,Aguadilla,First-level division,1,16073,7562,8511,92,166,Aguadilla,8.0,2009.1,Wikidata
North America,Puerto Rico,Arecibo,First-level division,1,87754,41285,46469,500,904,Arecibo,46.5,1887.2,Wikidata
North America,Puerto Rico,Barceloneta,First-level division,1,22322,10502,11820,127,230,Barceloneta,,,
North America,Puerto Rico,Bayamón,First-level division,1,203499,95738,107761,1160,2096,Bayamón,70.2,2898.8,Wikidata
North America,Puerto Rico,Caguas,First-level division,1,86804,40838,45966,495,894,Caguas,28.5,3045.8,Wikidata
North America,Puerto Rico,Carolina,First-level division,1,170404,80168,90236,971,1755,Carolina,62.4,2730.8,Wikidata
North America,Puerto Rico,Cataño,First-level division,1,28093,13217,14876,160,289,Cataño,18.2,1543.6,Wikidata
North America,Puerto Rico,Cayey,First-level division,1,18494,8701,9793,105,190,Cayey,130.0,142.3,Wikidata
North America,Puerto Rico,Fajardo,First-level division,1,32124,15113,17011,183,331,Fajardo,156.4,205.4,Wikidata
North America,Puerto Rico,Guayama,First-level division,1,21575,10150,11425,123,222,Guayama,,,
North America,Puerto Rico,Guaynabo,First-level division,1,81360,38277,43083,464,838,Guaynabo,31.6,2574.7,Wikidata
North America,Puerto Rico,Humacao,First-level division,1,20387,9591,10796,116,210,Humacao,143.6,142.0,Wikidata
North America,Puerto Rico,Manatí,First-level division,1,16092,7571,8521,92,166,Manatí,145.5,110.6,Wikidata
North America,Puerto Rico,Mayagüez,First-level division,1,73077,34380,38697,417,753,Mayagüez,60.0,1218.0,Wikidata
North America,Puerto Rico,Ponce,First-level division,1,137491,64684,72807,784,1416,Ponce,118.6,1159.3,Wikidata
North America,Puerto Rico,San Juan,First-level division,1,418140,196718,221422,2383,4307,San Juan,0.9,464600.0,Wikidata
North America,Puerto Rico,Toa Baja,First-level division,2,47416,22308,25108,270,489,Levittown,108.0,439.0,Wikidata
North America,Puerto Rico,Trujillo Alto,First-level division,1,75243,35399,39844,429,775,Trujillo Alto,55.6,1353.3,Wikidata
North America,Puerto Rico,Vega Baja,First-level division,1,29325,13796,15529,167,302,Vega Baja,144.3,203.2,Wikidata
North America,Puerto Rico,Yauco,First-level division,1,20295,9548,10747,116,209,Yauco,178.1,114.0,Wikidata
North America,Saint Barthelemy,(Not specified),First-level division,1,5988,0,0,0,0,Gustavia,,,
North America,Saint Kitts and Nevis,Saint George Basseterre,Parish,1,12920,6177,6743,152,129,Basseterre,35.0,369.1,Natural Earth (calculated)
North America,Saint Lucia,Castries,Quarter,1,20000,9865,10135,224,174,Castries,77.9,256.7,Natural Earth (calculated)
North America,Saint Lucia,Gros-Islet,Quarter,1,25210,12435,12775,283,220,Gros Islet,46.3,544.5,Natural Earth (calculated)
North America,Saint Martin,(Not specified),First-level division,1,5700,2639,3061,86,55,Marigot,,,
North America,Saint Pierre and Miquelon,Saint-Pierre,Commune,1,6200,0,0,0,0,Saint-Pierre,30.0,206.7,Natural Earth (calculated)
North America,Saint Vincent and the Grenadines,Saint George Parish,Parish,2,48723,24780,23943,582,562,Kingstown,55.4,879.5,Natural Earth (calculated)
North America,Sint Maarten,(Not specified),First-level division,1,1400,680,720,13,12,Philipsburg,23.4,59.8,Natural Earth (calculated)
North America,Trinidad and Tobago,Borough of Arima,City,1,35000,17290,17710,369,306,Arima,10.0,3500.0,Natural Earth (calculated)
North America,Trinidad and Tobago,Chaguanas,City,1,67433,33313,34120,711,589,Chaguanas,58.4,1154.7,Natural Earth (calculated)
North America,Trinidad and Tobago,Diego Martin Regional Corporation,Region,1,25370,12533,12837,267,222,Diego Martin,126.5,200.6,Natural Earth (calculated)
North America,Trinidad and Tobago,Mayaro,Region,1,35650,17611,18039,376,312,Rio Claro,880.4,40.5,Natural Earth (calculated)
North America,Trinidad and Tobago,Point Fortin,City,1,19056,9414,9642,201,167,Point Fortin,26.9,708.4,Natural Earth (calculated)
North America,Trinidad and Tobago,Port of Spain,City,1,49031,24222,24809,517,428,Port of Spain,14.5,3381.4,Natural Earth (calculated)
North America,Trinidad and Tobago,San Fernando,City,3,138499,68420,70079,1459,1210,Mon Repos,20.6,6723.3,Natural Earth (calculated)
North America,Trinidad and Tobago,San Juan/Laventille,Region,1,21000,10374,10626,221,184,Laventille,214.4,97.9,Natural Earth (calculated)
North America,Trinidad and Tobago,Sangre Grande Regional Corporation,Region,1,15968,7888,8080,168,140,Sangre Grande,898.9,17.8,Natural Earth (calculated)
North America,Trinidad and Tobago,Tobago,Region,1,17000,8398,8602,179,149,Scarborough,140.1,121.3,Natural Earth (calculated)
North America,Trinidad and Tobago,Tunapuna/Piarco,Region,2,32825,16216,16609,346,287,Tunapuna,520.1,63.1,Natural Earth (calculated)
North America,Turks and Caicos Islands,(Not specified),First-level division,2,27489,13751,13738,290,203,Providenciales,446.4,61.6,Natural Earth (calculated)
North America,U.S. Virgin Islands,Saint Croix Island,First-level division,1,50601,24003,26598,562,466,Saint Croix,213.4,237.1,Natural Earth (calculated)
North America,U.S. Virgin Islands,Saint Thomas Island,First-level division,1,20000,9487,10513,222,184,Charlotte Amalie,81.9,244.2,Natural Earth (calculated)
North America,United States,Alabama,State,43,2019109,1014542,1004567,21405,18174,Huntsville,133835.0,15.1,Natural Earth (calculated)
North America,United States,Alaska,State,5,397755,199859,197896,4217,3579,Anchorage,1505332.0,0.3,Natural Earth (calculated)
North America,United States,Arizona,State,56,6541994,3287154,3254840,69343,58877,Phoenix,295065.6,22.2,Natural Earth (calculated)
North America,United States,Arkansas,State,26,1223985,615018,608967,12974,11015,Little Rock,137541.8,8.9,Natural Earth (calculated)
North America,United States,California,State,452,36112830,18145612,17967218,382811,325013,Los Angeles,409742.7,88.1,Natural Earth (calculated)
North America,United States,Colorado,State,46,3919946,1969653,1950293,41553,35280,Denver,269201.3,14.6,Natural Earth (calculated)
North America,United States,Connecticut,State,65,2807173,1410523,1396650,29754,25267,Bridgeport,12704.7,221.0,Natural Earth (calculated)
North America,United States,Delaware,State,5,183861,92384,91477,1949,1654,Wilmington,5171.6,35.6,Natural Earth (calculated)
North America,United States,District of Columbia,Federal District,22,1166711,586238,580473,12367,10500,Washington,162.2,7193.0,Natural Earth (calculated)
North America,United States,Florida,State,248,13283333,6674478,6608855,140801,119546,Jacksonville,146719.9,90.5,Natural Earth (calculated)
North America,United States,Georgia,State,76,3456593,1736833,1719760,36638,31108,Atlanta,152164.1,22.7,Natural Earth (calculated)
North America,United States,Hawaii,State,47,1569453,788602,780851,16639,14126,Honolulu,16848.0,93.2,Natural Earth (calculated)
North America,United States,Idaho,State,17,917403,460968,456435,9724,8258,Boise,216253.5,4.2,Natural Earth (calculated)
North America,United States,Illinois,State,212,10638254,5345409,5292845,112770,95749,Chicago,150152.9,70.8,Natural Earth (calculated)
North America,United States,Indiana,State,61,3437217,1727103,1710114,36434,30934,Indianapolis,94332.4,36.4,Natural Earth (calculated)
North America,United States,Iowa,State,30,1457230,732214,725016,15446,13116,Des Moines,145449.3,10.0,Natural Earth (calculated)
North America,United States,Kansas,State,25,1691158,849756,841402,17927,15221,Wichita,212824.9,7.9,Natural Earth (calculated)
North America,United States,Kentucky,State,37,2388529,1200163,1188366,25322,21497,Louisville,104577.0,22.8,Natural Earth (calculated)
North America,United States,Louisiana,State,31,1946878,978247,968631,20638,17520,New Orleans,119548.3,16.3,Natural Earth (calculated)
North America,United States,Maine,State,14,365066,183435,181631,3869,3287,Portland,84258.1,4.3,Natural Earth (calculated)
North America,United States,Maryland,State,106,3949614,1984561,1965053,41872,35546,Baltimore,25462.1,155.1,Natural Earth (calculated)
North America,United States,Massachusetts,State,131,6241548,3136195,3105353,66160,56175,Boston,21161.4,294.9,Natural Earth (calculated)
North America,United States,Michigan,State,78,4344725,2183089,2161636,46051,39105,Detroit,250045.7,17.4,Natural Earth (calculated)
North America,United States,Minnesota,State,73,3311457,1663910,1647547,35104,29802,Minneapolis,224777.8,14.7,Natural Earth (calculated)
North America,United States,Mississippi,State,29,987346,496111,491235,10466,8886,Jackson,123806.4,8.0,Natural Earth (calculated)
North America,United States,Missouri,State,56,2829951,1421966,1407985,29996,25470,Kansas City,180474.7,15.7,Natural Earth (calculated)
North America,United States,Montana,State,7,379514,190693,188821,4022,3416,Billings,379494.6,1.0,Natural Earth (calculated)
North America,United States,Nebraska,State,12,1079965,542650,537315,11446,9719,Omaha,200968.4,5.4,Natural Earth (calculated)
North America,United States,Nevada,State,20,2514886,1263654,1251232,26659,22635,Las Vegas,287085.6,8.8,Natural Earth (calculated)
North America,United States,New Hampshire,State,14,540737,271704,269033,5730,4867,Manchester,24266.5,22.3,Natural Earth (calculated)
North America,United States,New Jersey,State,126,5114623,2569946,2544677,54215,46032,Newark,19667.5,260.1,Natural Earth (calculated)
North America,United States,New Mexico,State,15,1253262,629727,623535,13284,11281,Albuquerque,315076.6,4.0,Natural Earth (calculated)
North America,United States,New York,State,246,27680366,13908559,13771807,293405,249117,New York City,136933.1,202.1,Natural Earth (calculated)
North America,United States,North Carolina,State,64,4897482,2460836,2436646,51916,44075,Charlotte,127661.5,38.4,Natural Earth (calculated)
North America,United States,North Dakota,State,9,421219,211648,209571,4464,3791,Fargo,182745.4,2.3,Natural Earth (calculated)
North America,United States,Ohio,State,127,5718753,2873502,2845251,60621,51469,Columbus,116044.3,49.3,Natural Earth (calculated)
North America,United States,Oklahoma,State,33,2264143,1137661,1126482,23999,20378,Oklahoma City,180638.8,12.5,Natural Earth (calculated)
North America,United States,Oregon,State,46,2495886,1254108,1241778,26457,22463,Portland,251885.2,9.9,Natural Earth (calculated)
North America,United States,Pennsylvania,State,90,4671015,2347046,2323969,49511,42041,Philadelphia,119356.9,39.1,Natural Earth (calculated)
North America,United States,Rhode Island,State,23,932048,468326,463722,9882,8388,Providence,2832.4,329.1,Natural Earth (calculated)
North America,United States,South Carolina,State,34,1336020,671312,664708,14162,12025,Columbia,80163.7,16.7,Natural Earth (calculated)
North America,United States,South Dakota,State,6,334614,168133,166481,3547,3012,Sioux Falls,199304.9,1.7,Natural Earth (calculated)
North America,United States,Tennessee,State,45,4125342,2072861,2052481,43730,37125,Nashville,109298.8,37.7,Natural Earth (calculated)
North America,United States,Texas,State,196,18861691,9477430,9384261,199935,169754,Houston,685340.6,27.5,Natural Earth (calculated)
North America,United States,Utah,State,51,2427634,1219813,1207821,25734,21851,Salt Lake City,219762.4,11.0,Natural Earth (calculated)
North America,United States,Vermont,State,4,94053,47259,46794,997,846,Burlington,24636.7,3.8,Natural Earth (calculated)
North America,United States,Virginia,State,84,4482194,2252167,2230027,47511,40336,Virginia Beach,103724.8,43.2,Natural Earth (calculated)
North America,United States,Washington,State,93,5009039,2516892,2492147,53096,45078,Seattle,174112.5,28.8,Natural Earth (calculated)
North America,United States,West Virginia,State,11,293089,147269,145820,3108,2639,Huntington,62735.4,4.7,Natural Earth (calculated)
North America,United States,Wisconsin,State,55,2743148,1378352,1364796,29075,24688,Milwaukee,169394.4,16.2,Natural Earth (calculated)
North America,United States,Wyoming,State,6,232059,116602,115457,2459,2089,Cheyenne,253484.0,0.9,Natural Earth (calculated)
Oceania,American Samoa,Eastern District,First-level division,1,11500,5798,5702,172,84,Pago Pago,54.3,211.8,Natural Earth (calculated)
Oceania,Australia,Australian Capital Territory,Territory,2,457213,226878,230335,4892,3148,Canberra,2349.2,194.6,Natural Earth (calculated)
Oceania,Australia,New South Wales,State,87,8912556,4422594,4489962,95364,61355,Sydney,801938.1,11.1,Natural Earth (calculated)
Oceania,Australia,Northern Territory,Territory,3,199509,99000,100509,2135,1373,Darwin,1348472.0,0.1,Natural Earth (calculated)
Oceania,Australia,Queensland,State,49,5807246,2881676,2925570,62137,39979,Brisbane,1730150.3,3.4,Natural Earth (calculated)
Oceania,Australia,South Australia,State,10,1706678,846888,859790,18262,11748,Adelaide,983869.1,1.7,Natural Earth (calculated)
Oceania,Australia,Tasmania,State,4,392450,194741,197709,4199,2702,Hobart,68115.1,5.8,Natural Earth (calculated)
Oceania,Australia,Victoria,State,133,9304158,4616902,4687256,99556,64054,Melbourne,227944.9,40.8,Natural Earth (calculated)
Oceania,Australia,Western Australia,State,25,3086441,1531556,1554885,33025,21247,Perth,2528141.3,1.2,Natural Earth (calculated)
Oceania,Christmas Island,(Not specified),First-level division,1,1355,0,0,0,0,Flying Fish Cove,,,
Oceania,Cook Islands,Rarotonga,First-level division,1,13373,0,0,0,0,Avarua,,,
Oceania,Fiji,Central,Division,3,194048,96306,97742,3466,1845,Nasinu,4567.4,42.5,Natural Earth (calculated)
Oceania,Fiji,Northern,Division,1,27949,13871,14078,499,266,Labasa,6337.9,4.4,Natural Earth (calculated)
Oceania,Fiji,Western,Division,3,112406,55788,56618,2008,1069,Lautoka,6579.3,17.1,Natural Earth (calculated)
Oceania,French Polynesia,Îles du Vent,First-level division,3,81958,41422,40536,876,312,Faaa,1484.4,55.2,Natural Earth (calculated)
Oceania,Guam,Dededo,First-level division,1,44943,22747,22196,779,311,Dededo Village,77.7,578.4,Wikidata
Oceania,Guam,Hagatna,First-level division,1,1051,532,519,18,7,Hagåtña,,,
Oceania,Guam,Mangilao,First-level division,1,15191,7689,7502,263,105,Mangilao Village,,,
Oceania,Guam,Tamuning,First-level division,2,39370,19926,19444,682,272,Tamuning-Tumon-Harmon Village,,,
Oceania,Guam,Yigo,First-level division,1,20539,10396,10143,356,142,Yigo Village,,,
Oceania,Kiribati,Gilbert Islands,First-level division,1,40311,19583,20728,1020,285,Tarawa,279.2,144.4,Wikidata
Oceania,Marshall Islands,Majuro Atoll,First-level division,2,45701,23380,22321,918,326,Majuro,,,
Oceania,Micronesia,Pohnpei State,State,1,6942,3447,3495,155,54,Palikir,398.3,17.4,Natural Earth (calculated)
Oceania,Nauru,Yaren District,First-level division,1,1100,560,540,27,8,Yaren,1.7,647.1,Natural Earth (calculated)
Oceania,New Caledonia,South Province,Province,3,137086,67631,69455,1923,857,Nouméa,7313.0,18.7,Natural Earth (calculated)
Oceania,New Zealand,Auckland,Unitary Authority,24,2677265,1330735,1346530,29531,19089,Auckland,4628.1,578.5,Natural Earth (calculated)
Oceania,New Zealand,Bay of Plenty,Regional Council,3,245503,122027,123476,2708,1751,Tauranga,12398.2,19.8,Natural Earth (calculated)
Oceania,New Zealand,Canterbury,Regional Council,5,523500,260205,263295,5774,3733,Christchurch,45860.7,11.4,Natural Earth (calculated)
Oceania,New Zealand,Gisborne,Unitary Authority,1,38100,18938,19162,420,272,Gisborne,8402.0,4.5,Natural Earth (calculated)
Oceania,New Zealand,Hawke's Bay Region,Regional Council,2,154700,76894,77806,1706,1103,Hastings,14637.1,10.6,Natural Earth (calculated)
Oceania,New Zealand,Manawatu-Wanganui,Regional Council,3,159489,79274,80215,1759,1137,Palmerston North,22172.9,7.2,Natural Earth (calculated)
Oceania,New Zealand,Marlborough,Unitary Authority,1,29800,14812,14988,329,212,Blenheim,10782.5,2.8,Natural Earth (calculated)
Oceania,New Zealand,Nelson Region,Unitary Authority,2,74660,37110,37550,823,532,Nelson,391.0,190.9,Natural Earth (calculated)
Oceania,New Zealand,Northland,Regional Council,1,50900,25300,25600,561,363,Whangarei,12263.4,4.2,Natural Earth (calculated)
Oceania,New Zealand,Otago,Regional Council,1,132800,66008,66792,1465,947,Dunedin,32919.7,4.0,Natural Earth (calculated)
Oceania,New Zealand,Southland,Regional Council,1,58000,28829,29171,640,414,Invercargill,30454.8,1.9,Natural Earth (calculated)
Oceania,New Zealand,Taranaki Region,Regional Council,1,90100,44784,45316,994,642,New Plymouth,7392.1,12.2,Natural Earth (calculated)
Oceania,New Zealand,Tasman District,Unitary Authority,1,19950,9916,10034,220,142,Richmond,9645.0,2.1,Natural Earth (calculated)
Oceania,New Zealand,Waikato Region,Regional Council,4,249592,124059,125533,2754,1780,Hamilton,24211.2,10.3,Natural Earth (calculated)
Oceania,New Zealand,Wellington Region,Regional Council,8,699630,347752,351878,7718,4988,Wellington,8327.7,84.0,Natural Earth (calculated)
Oceania,Niue,(Not specified),First-level division,1,624,0,0,0,0,Alofi,,,
Oceania,Norfolk Island,(Not specified),First-level division,1,880,0,0,0,0,Kingston,,,
Oceania,Northern Mariana Islands,Saipan,First-level division,1,48220,25509,22711,584,240,Saipan,132.4,364.2,Natural Earth (calculated)
Oceania,Papua New Guinea,Bougainville,Province,1,40266,20689,19577,978,264,Arawa,9403.8,4.3,Natural Earth (calculated)
Oceania,Papua New Guinea,East New Britain Province,Province,1,26273,13500,12773,638,172,Kokopo,15432.4,1.7,Natural Earth (calculated)
Oceania,Papua New Guinea,East Sepik Province,Province,1,18230,9367,8863,443,119,Wewak,42435.7,0.4,Natural Earth (calculated)
Oceania,Papua New Guinea,Eastern Highlands Province,Province,1,18503,9507,8996,449,121,Goroka,11285.0,1.6,Natural Earth (calculated)
Oceania,Papua New Guinea,Madang Province,Province,1,27419,14088,13331,666,180,Madang,29559.2,0.9,Natural Earth (calculated)
Oceania,Papua New Guinea,Morobe Province,Province,2,92297,47424,44873,2242,605,Lae,34344.4,2.7,Natural Earth (calculated)
Oceania,Papua New Guinea,National Capital,Province,1,283733,145788,137945,6892,1860,Port Moresby,237.8,1193.2,Natural Earth (calculated)
Oceania,Papua New Guinea,Oro Province,Province,1,28198,14489,13709,685,185,Popondetta,23051.1,1.2,Natural Earth (calculated)
Oceania,Papua New Guinea,Southern Highlands Province,Province,1,26252,13489,12763,638,172,Mendi,25362.8,1.0,Natural Earth (calculated)
Oceania,Papua New Guinea,West New Britain Province,Province,1,18847,9684,9163,458,124,Kimbe,20586.1,0.9,Natural Earth (calculated)
Oceania,Papua New Guinea,Western Highlands Province,Province,1,33623,17276,16347,817,220,Mount Hagen,8765.8,3.8,Natural Earth (calculated)
Oceania,Papua New Guinea,Western Province,Province,1,15214,7817,7397,370,100,Daru,99813.5,0.2,Natural Earth (calculated)
Oceania,Pitcairn,(Not specified),First-level division,1,46,0,0,0,0,Adamstown,42.7,1.1,Natural Earth (calculated)
Oceania,Samoa,Tuamasaga,First-level division,1,40407,20355,20052,1009,249,Apia,444.2,91.0,Natural Earth (calculated)
Oceania,Solomon Islands,Guadalcanal Province,Province,3,66161,33826,32335,1768,336,Nggosi,5316.6,12.4,Natural Earth (calculated)
Oceania,Solomon Islands,Honiara,Province,4,128546,65722,62824,3434,653,Honiara,,,
Oceania,Timor Leste,Aileu,District|Regencies,1,17356,8751,8605,378,125,Aileu,772.9,22.5,Natural Earth (calculated)
Oceania,Timor Leste,Baucau,District|Regencies,2,32000,16136,15864,696,232,Baukau,1570.8,20.4,Natural Earth (calculated)
Oceania,Timor Leste,Bobonaro,District|Regencies,1,22000,11093,10907,479,159,Maliana,1432.7,15.4,Natural Earth (calculated)
Oceania,Timor Leste,Cova Lima,District|Regencies,1,21539,10860,10679,469,155,Suai,1264.7,17.0,Natural Earth (calculated)
Oceania,Timor Leste,Dili Municipality,District|Regencies,1,150000,75633,74367,3265,1083,Dili,400.9,374.2,Natural Earth (calculated)
Oceania,Timor Leste,Ermera,District|Regencies,1,16304,8221,8083,355,118,Atsabe,708.4,23.0,Natural Earth (calculated)
Oceania,Timor Leste,Lautém,District|Regencies,1,17186,8666,8520,374,124,Lospalos,1865.8,9.2,Natural Earth (calculated)
Oceania,Timor Leste,Liquiçá,District|Regencies,2,35300,17799,17501,769,255,Likisá,538.3,65.6,Natural Earth (calculated)
Oceania,Tonga,Tongatapu,First-level division,1,22400,10580,11820,516,144,Nuku‘alofa,259.7,86.3,Natural Earth (calculated)
Oceania,Tuvalu,Funafuti,First-level division,1,6320,3235,3085,139,59,Funafuti,,,
Oceania,Vanuatu,Shefa,Province,1,35901,18118,17783,993,180,Port-Vila,1463.7,24.5,Natural Earth (calculated)
Oceania,Wallis and Futuna,Uvea,First-level division,1,1200,0,0,0,0,Mata-Utu,76.0,15.8,Natural Earth (calculated)
South America,Argentina,Buenos Aires,Federal District,108,7971365,3957468,4013897,88368,61641,Mar del Plata,306094.3,26.0,Natural Earth (calculated)
South America,Argentina,Buenos Aires F.D.,Federal District,11,3823078,1898005,1925073,42383,29560,Buenos Aires,376.5,10154.3,Natural Earth (calculated)
South America,Argentina,Catamarca,Province,4,222828,110625,112203,2469,1722,Catamarca,101392.5,2.2,Natural Earth (calculated)
South America,Argentina,Chaco,Province,13,717506,356214,361292,7954,5547,Resistencia,99291.9,7.2,Natural Earth (calculated)
South America,Argentina,Chubut,Province,5,358141,177802,180339,3970,2769,Comodoro Rivadavia,225213.5,1.6,Natural Earth (calculated)
South America,Argentina,Cordoba,Province,29,3066012,1522153,1543859,33992,23707,Córdoba,168142.4,18.2,Natural Earth (calculated)
South America,Argentina,Corrientes,Province,13,879624,436697,442927,9752,6801,Corrientes,89089.4,9.9,Natural Earth (calculated)
South America,Argentina,Entre Rios,Province,15,858575,426249,432326,9519,6637,Paraná,78186.4,11.0,Natural Earth (calculated)
South America,Argentina,Formosa,Province,2,241350,119820,121530,2676,1866,Formosa,75916.8,3.2,Natural Earth (calculated)
South America,Argentina,Jujuy,Province,4,413866,205468,208398,4588,3201,San Salvador de Jujuy,53615.5,7.7,Natural Earth (calculated)
South America,Argentina,La Pampa,Province,4,201917,100244,101673,2238,1562,Santa Rosa,142670.5,1.4,Natural Earth (calculated)
South America,Argentina,La Rioja,Province,3,237745,118031,119714,2635,1839,La Rioja,90435.9,2.6,Natural Earth (calculated)
South America,Argentina,Mendoza,Province,11,695484,345281,350203,7709,5377,Ciudad de Las Heras,150804.0,4.6,Natural Earth (calculated)
South America,Argentina,Misiones,Province,16,741526,368139,373387,8221,5734,Posadas,29432.5,25.2,Natural Earth (calculated)
South America,Argentina,Neuquen,Province,6,434023,215474,218549,4812,3356,Neuquén,94685.5,4.6,Natural Earth (calculated)
South America,Argentina,Rio Negro,Province,11,467939,232313,235626,5189,3618,Cipolletti,202639.8,2.3,Natural Earth (calculated)
South America,Argentina,Salta,Province,16,1016902,504851,512051,11275,7863,Salta,155449.4,6.5,Natural Earth (calculated)
South America,Argentina,San Juan,Province,9,518624,257475,261149,5749,4011,Rawson,87851.3,5.9,Natural Earth (calculated)
South America,Argentina,San Luis,Province,2,266728,132420,134308,2957,2062,San Luis,77364.2,3.4,Natural Earth (calculated)
South America,Argentina,Santa Cruz,Province,6,241619,119954,121665,2678,1868,Río Gallegos,242733.5,1.0,Natural Earth (calculated)
South America,Argentina,Santa Fe,Province,28,2216491,1100399,1116092,24573,17134,Rosario,132674.5,16.7,Natural Earth (calculated)
South America,Argentina,Santiago del Estero,Province,3,300291,149082,151209,3330,2322,Santiago del Estero,134924.4,2.2,Natural Earth (calculated)
South America,Argentina,Tierra del Fuego,National Territory,2,109506,54365,55141,1214,846,Ushuaia,21079.3,5.2,Natural Earth (calculated)
South America,Argentina,Tucuman,Province,8,788916,391665,397251,8746,6100,San Miguel de Tucumán,22833.0,34.6,Natural Earth (calculated)
South America,Bolivia,Beni Department,Department,4,243947,122192,121755,5129,1750,Riberalta,210226.5,1.2,Natural Earth (calculated)
South America,Bolivia,Chuquisaca Department,Department,1,224838,112621,112217,4727,1613,Sucre,51666.4,4.4,Natural Earth (calculated)
South America,Bolivia,Cochabamba,Department,9,1461228,731929,729299,30724,10480,Cochabamba,56147.0,26.0,Natural Earth (calculated)
South America,Bolivia,La Paz Department,Department,5,2174223,1089069,1085154,45716,15592,La Paz,133480.0,16.3,Natural Earth (calculated)
South America,Bolivia,Oruro,Department,2,224176,112290,111886,4714,1608,Oruro,55062.2,4.1,Natural Earth (calculated)
South America,Bolivia,Pando,Department,1,26585,13316,13269,559,191,Cobija,63705.1,0.4,Natural Earth (calculated)
South America,Bolivia,Potosí Department,Department,4,221806,111104,110702,4663,1590,Potosí,117801.6,1.9,Natural Earth (calculated)
South America,Bolivia,Santa Cruz Department,Department,9,2064509,1034113,1030396,43409,14807,Santa Cruz de la Sierra,362070.8,5.7,Natural Earth (calculated)
South America,Bolivia,Tarija Department,Department,4,317283,158927,158356,6672,2275,Tarija,36651.0,8.7,Natural Earth (calculated)
South America,Brazil,Acre,State,13,794527,390733,403794,9640,5616,Rio Branco,153862.8,5.2,Natural Earth (calculated)
South America,Brazil,Alagoas,State,54,2828618,1391055,1437563,34319,19993,Maceió,27618.9,102.4,Natural Earth (calculated)
South America,Brazil,Amapá,State,8,773642,380460,393182,9386,5469,Macapá,139180.8,5.6,Natural Earth (calculated)
South America,Brazil,Amazonas,State,51,4083301,2008087,2075214,49541,28861,Manaus,1565684.5,2.6,Natural Earth (calculated)
South America,Brazil,Bahia,State,242,13043736,6414644,6629092,158254,92195,Salvador,560049.8,23.3,Natural Earth (calculated)
South America,Brazil,Ceará,State,130,8306256,4084851,4221405,100778,58709,Fortaleza,150227.6,55.3,Natural Earth (calculated)
South America,Brazil,Espírito Santo,State,42,3423496,1683611,1739885,41536,24194,Serra,45806.0,74.7,Natural Earth (calculated)
South America,Brazil,Federal District,Federal District,29,4998797,2458306,2540491,60649,35333,Brasília,5792.2,863.0,Natural Earth (calculated)
South America,Brazil,Goiás,State,68,6090188,2995032,3095156,73896,43046,Goiânia,341247.1,17.8,Natural Earth (calculated)
South America,Brazil,Maranhão,State,124,5893661,2898381,2995280,71504,41659,São Luís,326134.5,18.1,Natural Earth (calculated)
South America,Brazil,Mato Grosso,State,50,2960376,1455853,1504523,35920,20925,Cuiabá,902951.8,3.3,Natural Earth (calculated)
South America,Brazil,Mato Grosso do Sul,State,36,2429053,1194559,1234494,29471,17166,Campo Grande,356041.5,6.8,Natural Earth (calculated)
South America,Brazil,Minas Gerais,State,239,17199434,8458337,8741097,208684,121560,Belo Horizonte,586372.2,29.3,Natural Earth (calculated)
South America,Brazil,Paraná,State,123,9703941,4772208,4931733,117739,68582,Curitiba,198666.0,48.8,Natural Earth (calculated)
South America,Brazil,Paraíba,State,55,2916906,1434476,1482430,35389,20613,João Pessoa,56515.8,51.6,Natural Earth (calculated)
South America,Brazil,Pará,State,123,8585683,4222265,4363418,104167,60684,Belém,1230800.1,7.0,Natural Earth (calculated)
South America,Brazil,Pernambuco,State,127,8875473,4364780,4510693,107692,62726,Recife,97630.2,90.9,Natural Earth (calculated)
South America,Brazil,Piauí,State,38,2158261,1061388,1096873,26185,15251,Teresina,252011.3,8.6,Natural Earth (calculated)
South America,Brazil,Rio Grande do Norte,State,33,2549462,1253772,1295690,30935,18017,Natal,52811.7,48.3,Natural Earth (calculated)
South America,Brazil,Rio Grande do Sul,State,126,9341283,4593856,4747427,113340,66024,Porto Alegre,272283.1,34.3,Natural Earth (calculated)
South America,Brazil,Rio de Janeiro,State,90,17123159,8420830,8702329,207759,121026,Rio de Janeiro,43978.1,389.4,Natural Earth (calculated)
South America,Brazil,Rondônia,State,24,1551818,763154,788664,18827,10969,Porto Velho,237942.5,6.5,Natural Earth (calculated)
South America,Brazil,Roraima,State,7,550434,270692,279742,6679,3890,Boa Vista,224746.4,2.4,Natural Earth (calculated)
South America,Brazil,Santa Catarina,State,100,6824564,3356184,3468380,82803,48238,Joinville,95097.1,71.8,Natural Earth (calculated)
South America,Brazil,Sergipe,State,35,2000566,983836,1016730,24274,14139,Aracaju,21606.4,92.6,Natural Earth (calculated)
South America,Brazil,São Paulo,State,398,54503129,26803556,27699573,661275,385224,São Paulo,248638.3,219.2,Natural Earth (calculated)
South America,Brazil,Tocantins,State,12,858988,422435,436553,10422,6072,Palmas,278973.2,3.1,Natural Earth (calculated)
South America,Chile,Antofagasta,Region,3,592830,294661,298169,5172,3900,Antofagasta,122878.5,4.8,Natural Earth (calculated)
South America,Chile,Araucania,Region,18,748311,371939,376372,6526,4923,Temuco,33905.2,22.1,Natural Earth (calculated)
South America,Chile,Arica y Parinacota Region,Region,1,241653,120111,121542,2108,1590,Arica,16275.8,14.8,Natural Earth (calculated)
South America,Chile,Atacama,Region,3,190325,94599,95726,1661,1252,Copiapó,79310.2,2.4,Natural Earth (calculated)
South America,Chile,Aysén,Region,2,62723,31176,31547,547,412,Coyhaique,103824.0,0.6,Natural Earth (calculated)
South America,Chile,Biobio,Region,21,1435304,713401,721903,12519,9442,Concepción,24209.6,59.3,Natural Earth (calculated)
South America,Chile,Coquimbo Region,Region,6,461838,229551,232287,4028,3039,Coquimbo,37405.7,12.3,Natural Earth (calculated)
South America,Chile,Los Lagos Region,Region,11,624076,310190,313886,5444,4107,Puerto Montt,47390.0,13.2,Natural Earth (calculated)
South America,Chile,Los Ríos Region,Region,6,272696,135540,137156,2380,1794,Valdivia,16260.5,16.8,Natural Earth (calculated)
South America,Chile,Maule Region,Region,12,659828,327961,331867,5758,4341,Talca,28926.7,22.8,Natural Earth (calculated)
South America,Chile,O'Higgins Region,Region,8,451646,224487,227159,3939,2973,Rancagua,16639.5,27.1,Natural Earth (calculated)
South America,Chile,Region of Magallanes,Region,2,135935,67565,68370,1185,895,Punta Arenas,121833.7,1.1,Natural Earth (calculated)
South America,Chile,Santiago Metropolitan,Region,22,8051475,4001904,4049571,70233,52977,Santiago,16079.7,500.7,Natural Earth (calculated)
South America,Chile,Tarapacá,Region,3,358551,178214,180337,3127,2359,Iquique,41296.7,8.7,Natural Earth (calculated)
South America,Chile,Valparaiso,Region,23,1554502,772649,781853,13559,10226,Viña del Mar,16823.0,92.4,Natural Earth (calculated)
South America,Chile,Ñuble,Region,6,269003,133705,135298,2347,1770,Chillán,13530,19.9,Natural Earth (calculated)
South America,Colombia,Amazonas Department,Commissiary,1,48144,23753,24391,638,263,Leticia,109254.3,0.4,Natural Earth (calculated)
South America,Colombia,Antioquia,Department,46,4407094,2174329,2232765,58400,24090,Medellín,63351.6,69.6,Natural Earth (calculated)
South America,Colombia,Arauca Department,Intendancy,2,114684,56582,58102,1520,627,Arauca,23790.2,4.8,Natural Earth (calculated)
South America,Colombia,Atlántico,Department,19,2173784,1072482,1101302,28802,11881,Barranquilla,3342.7,650.3,Natural Earth (calculated)
South America,Colombia,Bogota D.C.,Federal District,2,8654280,4269762,4384518,114678,47304,Bogotá,1670.0,5182.2,Natural Earth (calculated)
South America,Colombia,Bolívar,Department,17,1478462,729431,749031,19590,8082,Cartagena,26463.6,55.9,Natural Earth (calculated)
South America,Colombia,Boyacá,Department,6,469376,231577,237799,6219,2566,Tunja,22898.0,20.5,Natural Earth (calculated)
South America,Colombia,Caldas Department,Department,10,741503,365835,375668,9826,4052,Manizales,7364.7,100.7,Natural Earth (calculated)
South America,Colombia,Caquetá,Intendancy,3,219886,108486,111400,2914,1202,Florencia,90055.6,2.4,Natural Earth (calculated)
South America,Colombia,Casanare Department,Intendancy,5,271984,134190,137794,3604,1487,Yopal,43768.4,6.2,Natural Earth (calculated)
South America,Colombia,Cauca Department,Department,13,768281,379046,389235,10181,4202,Popayán,30706.2,25.0,Natural Earth (calculated)
South America,Colombia,Cesar Department,Department,15,942649,465076,477573,12490,5153,Valledupar,22128.6,42.6,Natural Earth (calculated)
South America,Colombia,Chocó,Department,3,164798,81306,83492,2184,900,Quibdó,46828.6,3.5,Natural Earth (calculated)
South America,Colombia,Cundinamarca,Department,21,1940395,957331,983064,25710,10606,Soacha,22645.5,85.7,Natural Earth (calculated)
South America,Colombia,Córdoba,Department,14,1086718,536154,550564,14401,5940,Montería,25158.8,43.2,Natural Earth (calculated)
South America,Colombia,Guaviare Department,Commissiary,1,52815,26057,26758,700,289,San José del Guaviare,55038.9,1.0,Natural Earth (calculated)
South America,Colombia,Huila Department,Department,10,679943,335462,344481,9009,3716,Neiva,19035.5,35.7,Natural Earth (calculated)
South America,Colombia,La Guajira Department,Department,8,535569,264234,271335,7098,2928,Riohacha,20500.3,26.1,Natural Earth (calculated)
South America,Colombia,Magdalena Department,Department,13,972220,479662,492558,12881,5315,Santa Marta,23025.2,42.2,Natural Earth (calculated)
South America,Colombia,Meta Department,Department,6,487789,240660,247129,6463,2666,Villavicencio,86220.3,5.7,Natural Earth (calculated)
South America,Colombia,Nariño,Department,10,743264,366705,376559,9850,4063,Pasto,30932.9,24.0,Natural Earth (calculated)
South America,Colombia,Norte de Santander Department,Department,7,1097757,541601,556156,14546,6001,Cúcuta,21866.5,50.2,Natural Earth (calculated)
South America,Colombia,Putumayo Department,Intendancy,4,163999,80913,83086,2174,897,Orito,25391.3,6.5,Natural Earth (calculated)
South America,Colombia,Quindío Department,Department,6,515462,254314,261148,6829,2817,Armenia,1885.9,273.3,Natural Earth (calculated)
South America,Colombia,Risaralda Department,Department,8,861910,425241,436669,11421,4711,Pereira,3535.1,243.8,Natural Earth (calculated)
South America,Colombia,San Andres y Providencia,Department,1,58257,28742,29515,772,318,San Andrés,38.0,1533.1,Natural Earth (calculated)
South America,Colombia,Santander Department,Department,14,1575806,777456,798350,20881,8612,Bucaramanga,30768.1,51.2,Natural Earth (calculated)
South America,Colombia,Sucre Department,Department,11,572290,282350,289940,7584,3129,Sincelejo,10885.2,52.6,Natural Earth (calculated)
South America,Colombia,Tolima Department,Department,19,1023059,504747,518312,13557,5593,Ibagué,24011.6,42.6,Natural Earth (calculated)
South America,Colombia,Valle del Cauca Department,Department,21,4346613,2144488,2202125,57598,23757,Cali,20876.5,208.2,Natural Earth (calculated)
South America,Colombia,Vaupés,Commissiary,1,29850,14727,15123,396,163,Mitú,51750.1,0.6,Natural Earth (calculated)
South America,Colombia,Vichada Department,Commissiary,2,44926,22165,22761,595,245,Cumaribo,98613.8,0.5,Natural Earth (calculated)
South America,Ecuador,Azuay,Province,2,654118,326058,328060,9694,3406,Cuenca,8631.0,75.8,Natural Earth (calculated)
South America,Ecuador,Bolívar,Province,1,22199,11066,11133,329,116,Guaranda,4097.5,5.4,Natural Earth (calculated)
South America,Ecuador,Canar,Province,2,71230,35506,35724,1056,371,La Troncal,4041.8,17.6,Natural Earth (calculated)
South America,Ecuador,Carchi,Province,1,86498,43117,43381,1282,450,Tulcán,3659.5,23.6,Natural Earth (calculated)
South America,Ecuador,Chimborazo Province,Province,1,264048,131620,132428,3913,1375,Riobamba,5753.8,45.9,Natural Earth (calculated)
South America,Ecuador,Cotopaxi,Province,3,238242,118756,119486,3531,1241,Latacunga,5986.6,39.8,Natural Earth (calculated)
South America,Ecuador,El Oro,Province,7,485190,241853,243337,7191,2527,Machala,6206.5,78.2,Natural Earth (calculated)
South America,Ecuador,Esmeraldas,Province,3,281057,140099,140958,4165,1463,Esmeraldas,15867.2,17.7,Natural Earth (calculated)
South America,Ecuador,Guayas,Province,15,3746751,1867642,1879109,55528,19510,Guayaquil,14981.2,250.1,Natural Earth (calculated)
South America,Ecuador,Imbabura,Province,3,270935,135053,135882,4015,1411,Ibarra,4595.4,59.0,Natural Earth (calculated)
South America,Ecuador,Loja,Province,3,309539,154296,155243,4587,1612,Loja,11467.5,27.0,Natural Earth (calculated)
South America,Ecuador,Los Ríos,Province,6,395174,196984,198190,5856,2057,Quevedo,7125.6,55.5,Natural Earth (calculated)
South America,Ecuador,Manabí,Province,8,754712,376202,378510,11185,3931,Portoviejo,19259.0,39.2,Natural Earth (calculated)
South America,Ecuador,Morona-Santiago Province,Province,1,23687,11807,11880,351,123,Macas,23444.4,1.0,Natural Earth (calculated)
South America,Ecuador,Napo,Province,1,17172,8560,8612,254,89,Tena,12576.0,1.4,Natural Earth (calculated)
South America,Ecuador,Orellana Province,Province,2,68457,34123,34334,1014,357,Puerto Francisco de Orellana,21252.5,3.2,Natural Earth (calculated)
South America,Ecuador,Pastaza Province,Province,1,24881,12402,12479,369,130,Puyo,29130.0,0.9,Natural Earth (calculated)
South America,Ecuador,Pichincha,Province,4,2862689,1426965,1435724,42425,14906,Quito,9377.6,305.3,Natural Earth (calculated)
South America,Ecuador,Santa Elena,Province,2,86076,42906,43170,1276,448,Salinas,4175.0,20.6,Natural Earth (calculated)
South America,Ecuador,Santo Domingo de los Tsáchilas,Province,1,458580,228588,229992,6796,2388,Santo Domingo de los Colorados,3941.1,116.4,Natural Earth (calculated)
South America,Ecuador,Sucumbíos,Province,1,24211,12068,12143,359,126,Nueva Loja,18089.1,1.3,Natural Earth (calculated)
South America,Ecuador,Tungurahua Province,Province,2,403881,201323,202558,5986,2103,Ambato,3390.2,119.1,Natural Earth (calculated)
South America,Ecuador,Zamora Chinchipe,Province,1,15276,7615,7661,226,80,Zamora,10264.4,1.5,Natural Earth (calculated)
South America,Falkland Islands,(Not specified),First-level division,1,2213,0,0,0,0,Stanley,,,
South America,French Guiana,Guyane,First-level division,5,155245,0,0,0,0,Cayenne,,,
South America,Guyana,Demerara-Mahaica,Region,1,235017,114369,120648,4673,1757,Georgetown,2116.0,111.1,Natural Earth (calculated)
South America,Guyana,East Berbice-Corentyne,Region,1,35039,17051,17988,697,262,New Amsterdam,36318.4,1.0,Natural Earth (calculated)
South America,Guyana,Upper Demerara-Berbice,Region,1,44690,21748,22942,889,334,Linden,16497.3,2.7,Natural Earth (calculated)
South America,Paraguay,Alto Paraná Department,Department,2,356107,178502,177605,7025,2028,Ciudad del Este,14016.7,25.4,Natural Earth (calculated)
South America,Paraguay,Amambay Department,Department,1,75109,37649,37460,1482,428,Pedro Juan Caballero,12220.2,6.1,Natural Earth (calculated)
South America,Paraguay,Asuncion,Capital District,1,1482200,742968,739232,29241,8444,Asunción,164.3,9021.3,Natural Earth (calculated)
South America,Paraguay,Boquerón Department,Department,2,36387,18240,18147,718,208,Filadelfia,88343.8,0.4,Natural Earth (calculated)
South America,Paraguay,Caaguazú Department,Department,3,144988,72677,72311,2860,826,Caaguazú,12496.4,11.6,Natural Earth (calculated)
South America,Paraguay,Caazapá,Department,1,23996,12028,11968,473,137,Caazapá,9055.6,2.6,Natural Earth (calculated)
South America,Paraguay,Central Department,Department,12,1176059,589512,586547,23203,6700,San Lorenzo,2610.3,450.5,Natural Earth (calculated)
South America,Paraguay,Concepción,Department,2,79413,39806,39607,1566,452,Concepción,18633.3,4.3,Natural Earth (calculated)
South America,Paraguay,Cordillera Department,Department,1,56864,28504,28360,1122,324,Caacupé,4576.9,12.4,Natural Earth (calculated)
South America,Paraguay,Guairá,Department,1,41157,20630,20527,812,234,Villarrica,3770.5,10.9,Natural Earth (calculated)
South America,Paraguay,Itapúa,Department,1,74983,37586,37397,1479,427,Encarnación,15472.3,4.8,Natural Earth (calculated)
South America,Paraguay,Misiones Department,Department,1,16593,8317,8276,327,95,San Juan Bautista,8695.3,1.9,Natural Earth (calculated)
South America,Paraguay,Presidente Hayes,Department,1,57217,28681,28536,1129,326,Villa Hayes,73738.3,0.8,Natural Earth (calculated)
South America,Paraguay,Ñeembucú Department,Department,1,32810,16446,16364,647,187,Pilar,11784.2,2.8,Natural Earth (calculated)
South America,Peru,Amazonas,Department,3,79453,39508,39945,1251,444,Chachapoyas,40724.5,2.0,Natural Earth (calculated)
South America,Peru,Ancash,Department,5,514638,255904,258734,8107,2878,Chimbote,35843.3,14.4,Natural Earth (calculated)
South America,Peru,Apurímac Department,Department,2,89721,44614,45107,1413,502,Abancay,20824.4,4.3,Natural Earth (calculated)
South America,Peru,Arequipa,Department,8,1503695,747712,755983,23685,8414,Arequipa,62904.8,23.9,Natural Earth (calculated)
South America,Peru,Ayacucho,Department,2,158660,78893,79767,2499,887,Ayacucho,44181.1,3.6,Natural Earth (calculated)
South America,Peru,Cajamarca Department,Department,2,253822,126213,127609,3998,1420,Cajamarca,34148.2,7.4,Natural Earth (calculated)
South America,Peru,Callao,Departamento,2,1268063,630544,637519,19973,7095,Callao,56.8,22325.1,Natural Earth (calculated)
South America,Peru,Cuzco Department,Department,7,659546,327958,331588,10389,3691,Cusco,74209.5,8.9,Natural Earth (calculated)
South America,Peru,Huancavelica,Department,1,49570,24649,24921,781,277,Huancavelica,22119.8,2.2,Natural Earth (calculated)
South America,Peru,Huánuco Department,Department,3,272979,135739,137240,4300,1528,Huánuco,36451.5,7.5,Natural Earth (calculated)
South America,Peru,Ica,Department,6,552201,274581,277620,8697,3089,Ica,20906.4,26.4,Natural Earth (calculated)
South America,Peru,Junin,Department,9,700544,348346,352198,11034,3921,Huancayo,44105.8,15.9,Natural Earth (calculated)
South America,Peru,La Libertad,Department,12,1345777,669188,676589,21197,7529,Trujillo,24447.7,55.0,Natural Earth (calculated)
South America,Peru,Lambayeque,Department,9,842867,419115,423752,13276,4716,Chiclayo,13578.0,62.1,Natural Earth (calculated)
South America,Peru,Lima Province,Captial District,1,7737002,3847224,3889778,121866,43289,Lima,2714.9,2849.8,Natural Earth (calculated)
South America,Peru,Lima region,Department,21,1504703,748215,756488,23700,8420,Santiago de Surco,32501.5,46.3,Natural Earth (calculated)
South America,Peru,Loreto,Department,6,601613,299152,302461,9477,3367,Iquitos,373776.9,1.6,Natural Earth (calculated)
South America,Peru,Madre de Dios,Department,2,123990,61654,62336,1953,694,Puerto Maldonado,82563.8,1.5,Natural Earth (calculated)
South America,Peru,Moquegua Department,Department,3,138991,69114,69877,2189,777,Moquegua,15178.7,9.2,Natural Earth (calculated)
South America,Peru,Pasco,Department,3,111670,55528,56142,1760,625,Cerro de Pasco,23820.2,4.7,Natural Earth (calculated)
South America,Peru,Piura,Department,13,1358774,675651,683123,21404,7602,Piura,36218.8,37.5,Natural Earth (calculated)
South America,Peru,Puno,Department,6,509287,253243,256044,8021,2849,Juliaca,71762.4,7.1,Natural Earth (calculated)
South America,Peru,San Martín Department,Department,7,199779,99341,100438,3147,1116,Moyobamba,52693.4,3.8,Natural Earth (calculated)
South America,Peru,Tacna,Department,1,286240,142333,143907,4509,1602,Tacna,15928.9,18.0,Natural Earth (calculated)
South America,Peru,Tumbes,Department,2,113853,56613,57240,1793,637,Tumbes,4550.1,25.0,Natural Earth (calculated)
South America,Peru,Ucayali,Department,4,428902,213271,215631,6756,2399,Pucallpa,103654.9,4.1,Natural Earth (calculated)
South America,Suriname,Paramaribo District,District,10,412630,206046,206584,7077,2824,Paramaribo,146.5,2816.6,Natural Earth (calculated)
South America,Suriname,Wanica District,District,2,41434,20690,20744,711,284,Pontbuiten,435.4,95.2,Natural Earth (calculated)
South America,Uruguay,Artigas,Department,1,43897,21296,22601,430,436,Artigas,12182.2,3.6,Natural Earth (calculated)
South America,Uruguay,Canelones,Department,8,217552,105541,112011,2132,2160,Las Piedras,4570.8,47.6,Natural Earth (calculated)
South America,Uruguay,Cerro Largo,Department,1,56013,27174,28839,549,556,Melo,13810.4,4.1,Natural Earth (calculated)
South America,Uruguay,Colonia,Department,2,50205,24356,25849,492,498,Colonia del Sacramento,6191.3,8.1,Natural Earth (calculated)
South America,Uruguay,Durazno Department,Department,1,40279,19541,20738,395,400,Durazno,12004.7,3.4,Natural Earth (calculated)
South America,Uruguay,Flores Department,Department,1,22897,11108,11789,224,227,Trinidad,5127.8,4.5,Natural Earth (calculated)
South America,Uruguay,Florida,Department,1,36471,17693,18778,357,362,Florida,10425.4,3.5,Natural Earth (calculated)
South America,Uruguay,Lavalleja,Department,1,38645,18748,19897,379,384,Minas,10143.1,3.8,Natural Earth (calculated)
South America,Uruguay,Maldonado,Department,2,129471,62810,66661,1269,1286,Maldonado,4813.8,26.9,Natural Earth (calculated)
South America,Uruguay,Montevideo Department,Department,1,1270737,616473,654264,12456,12622,Montevideo,539.8,2354.1,Natural Earth (calculated)
South America,Uruguay,Paysandú Department,Department,1,81550,39562,41988,799,810,Paysandú,14055.8,5.8,Natural Earth (calculated)
South America,Uruguay,Rivera Department,Department,1,84775,41127,43648,831,842,Rivera,9371.1,9.0,Natural Earth (calculated)
South America,Uruguay,Rocha Department,Department,1,26784,12994,13790,263,266,Rocha,10830.5,2.5,Natural Earth (calculated)
South America,Uruguay,Río Negro Department,Department,2,43053,20886,22167,422,427,Fray Bentos,9486.8,4.5,Natural Earth (calculated)
South America,Uruguay,Salto Department,Department,1,114084,55346,58738,1118,1133,Salto,14309.2,8.0,Natural Earth (calculated)
South America,Uruguay,San José Department,Department,2,53856,26127,27729,528,535,San José de Mayo,4914.2,11.0,Natural Earth (calculated)
South America,Uruguay,Soriano,Department,2,60717,29456,31261,595,604,Mercedes,9028.8,6.7,Natural Earth (calculated)
South America,Uruguay,Tacuarembó Department,Department,1,60586,29392,31194,594,602,Tacuarembó,15945.8,3.8,Natural Earth (calculated)
South America,Uruguay,Treinta y Tres Department,Department,1,25890,12560,13330,254,257,Treinta y Tres,9590.9,2.7,Natural Earth (calculated)
South America,Venezuela,Amazonas,State,1,125840,62146,63694,1917,966,Puerto Ayacucho,179872.7,0.7,Natural Earth (calculated)
South America,Venezuela,Anzoátegui,State,12,1910632,943565,967067,29101,14671,Barcelona,46551.7,41.0,Natural Earth (calculated)
South America,Venezuela,Apure,State,5,443464,219006,224458,6754,3405,San Fernando de Apure,75110.6,5.9,Natural Earth (calculated)
South America,Venezuela,Aragua,State,9,1525791,753512,772279,23240,11716,Maracay,6796.7,224.5,Natural Earth (calculated)
South America,Venezuela,Barinas,State,9,985047,486465,498582,15004,7564,Barinas,36839.5,26.7,Natural Earth (calculated)
South America,Venezuela,Bolívar,State,10,1752770,865606,887164,26697,13460,Ciudad Guayana,251204.0,7.0,Natural Earth (calculated)
South America,Venezuela,Carabobo,State,11,2493712,1231519,1262193,37982,19148,Valencia,5046.3,494.2,Natural Earth (calculated)
South America,Venezuela,Cojedes,State,5,313176,154661,158515,4769,2404,San Carlos,13859.0,22.6,Natural Earth (calculated)
South America,Venezuela,Delta Amacuro,State,1,99778,49275,50503,1520,766,Tucupita,35665.7,2.8,Natural Earth (calculated)
South America,Venezuela,Distrito Federal,Capital District,1,3000000,1481550,1518450,45693,23034,Caracas,369.3,8123.5,Natural Earth (calculated)
South America,Venezuela,Falcón,State,11,717161,354170,362991,10922,5505,Coro,28102.4,25.5,Natural Earth (calculated)
South America,Venezuela,Guárico,State,9,737773,364350,373423,11236,5665,Calabozo,64845.5,11.4,Natural Earth (calculated)
South America,Venezuela,Lara,State,8,1767347,872805,894542,26919,13569,Barquisimeto,18868.2,93.7,Natural Earth (calculated)
South America,Venezuela,Miranda,State,23,2893986,1429196,1464790,44080,22220,Petare,9064.0,319.3,Natural Earth (calculated)
South America,Venezuela,Monagas,State,6,831533,410652,420881,12665,6385,Maturín,27871.1,29.8,Natural Earth (calculated)
South America,Venezuela,Mérida,State,12,805827,397957,407870,12274,6187,Mérida,11595.9,69.5,Natural Earth (calculated)
South America,Venezuela,Nueva Esparta,State,8,520745,257170,263575,7932,3998,Porlamar,1107.3,470.3,Natural Earth (calculated)
South America,Venezuela,Portuguesa,State,9,687628,339585,348043,10472,5281,Acarigua,17693.7,38.9,Natural Earth (calculated)
South America,Venezuela,Sucre,State,7,724562,357825,366737,11035,5563,Cumaná,10856.8,66.7,Natural Earth (calculated)
South America,Venezuela,Trujillo,State,9,578241,285565,292676,8807,4440,Valera,8543.6,67.7,Natural Earth (calculated)
South America,Venezuela,Táchira,State,14,1030246,508786,521460,15692,7911,San Cristóbal,10239.0,100.6,Natural Earth (calculated)
South America,Venezuela,Vargas,State,4,222469,109866,112603,3389,1708,Catia La Mar,1136.0,195.8,Natural Earth (calculated)
South America,Venezuela,Yaracuy,State,11,645138,318601,326537,9828,4953,San Felipe,6161.7,104.7,Natural Earth (calculated)
South America,Venezuela,Zulia,State,21,3511800,1734300,1777500,53488,26964,Maracaibo,44976.5,78.1,Natural Earth (calculated)
